model,threshold,thr_value,n_presences,n_absences,TPR_mean,TPR_sd,TNR_mean,TNR_sd,SORENSEN_mean,SORENSEN_sd,JACCARD_mean,JACCARD_sd,FPB_mean,FPB_sd,OR_mean,OR_sd,TSS_mean,TSS_sd,AUC_mean,AUC_sd,BOYCE_mean,BOYCE_sd,IMAE_mean,IMAE_sd
max,equal_sens_spec,0.43775408,14,10000,0.96,0.089442719,0.885,0.063607193,0.028412382,0.016488538,0.014468238,0.008567958,0.028936476,0.017135915,0.04,0.089442719,0.845,0.141406771,0.935336667,0.033359137,0.995170684,0.007453893,0.849104223,0.010793275
max,lpt,0.41259936,14,10000,1,0,0.8849,0.063763626,0.029392281,0.016009713,0.014969427,0.008322144,0.029938854,0.016644288,0,0,0.8849,0.063763626,0.935336667,0.033359137,0.995170684,0.007453893,0.849104223,0.010793275
max,max_fpb,0.8269393,14,10000,0.553333333,0.274469185,0.9713,0.023910249,0.085693205,0.093096909,0.046874184,0.054231428,0.093748369,0.108462857,0.446666667,0.274469185,0.524633333,0.272745364,0.935336667,0.033359137,0.995170684,0.007453893,0.849104223,0.010793275
max,max_jaccard,0.8269393,14,10000,0.553333333,0.274469185,0.9713,0.023910249,0.085693205,0.093096909,0.046874184,0.054231428,0.093748369,0.108462857,0.446666667,0.274469185,0.524633333,0.272745364,0.935336667,0.033359137,0.995170684,0.007453893,0.849104223,0.010793275
max,max_sens_spec,0.41259936,14,10000,1,0,0.8849,0.063763626,0.029392281,0.016009713,0.014969427,0.008322144,0.029938854,0.016644288,0,0,0.8849,0.063763626,0.935336667,0.033359137,0.995170684,0.007453893,0.849104223,0.010793275
max,max_sorensen,0.8269393,14,10000,0.553333333,0.274469185,0.9713,0.023910249,0.085693205,0.093096909,0.046874184,0.054231428,0.093748369,0.108462857,0.446666667,0.274469185,0.524633333,0.272745364,0.935336667,0.033359137,0.995170684,0.007453893,0.849104223,0.010793275
max,sensitivity,0.43993647,14,10000,0.526666667,0.313049517,0.8853,0.063758921,0.012187275,0.008158379,0.006144524,0.004119847,0.012289049,0.008239695,0.473333333,0.313049517,0.411966667,0.254368892,0.935336667,0.033359137,0.995170684,0.007453893,0.849104223,0.010793275
max,equal_sens_spec,0.21023106,40,10000,1,0,0.9718,0.016574076,0.260636709,0.117639399,0.153982237,0.076456477,0.307964474,0.152912954,0,0,0.9718,0.016574076,0.991059841,0.006743409,0.980325434,0.00999675,0.977243898,0.00269368
max,lpt,0.17132217,40,10000,1,0,0.9718,0.016574076,0.260636709,0.117639399,0.153982237,0.076456477,0.307964474,0.152912954,0,0,0.9718,0.016574076,0.991059841,0.006743409,0.980325434,0.00999675,0.977243898,0.00269368
max,max_fpb,0.82711843,40,10000,0.613412698,0.169109181,0.9968,0.001604681,0.512311521,0.105273603,0.349423077,0.089411703,0.698846154,0.178823406,0.386587302,0.169109181,0.610212698,0.16834852,0.991059841,0.006743409,0.980325434,0.00999675,0.977243898,0.00269368
max,max_jaccard,0.82711843,40,10000,0.613412698,0.169109181,0.9968,0.001604681,0.512311521,0.105273603,0.349423077,0.089411703,0.698846154,0.178823406,0.386587302,0.169109181,0.610212698,0.16834852,0.991059841,0.006743409,0.980325434,0.00999675,0.977243898,0.00269368
max,max_sens_spec,0.17132217,40,10000,1,0,0.9718,0.016574076,0.260636709,0.117639399,0.153982237,0.076456477,0.307964474,0.152912954,0,0,0.9718,0.016574076,0.991059841,0.006743409,0.980325434,0.00999675,0.977243898,0.00269368
max,max_sorensen,0.82711843,40,10000,0.613412698,0.169109181,0.9968,0.001604681,0.512311521,0.105273603,0.349423077,0.089411703,0.698846154,0.178823406,0.386587302,0.169109181,0.610212698,0.16834852,0.991059841,0.006743409,0.980325434,0.00999675,0.977243898,0.00269368
max,sensitivity,0.37155734,40,10000,0.870873016,0.026399479,0.9723,0.016403506,0.236021606,0.109766187,0.137252219,0.069339079,0.274504437,0.138678157,0.129126984,0.026399479,0.843173016,0.034944053,0.991059841,0.006743409,0.980325434,0.00999675,0.977243898,0.00269368
max,equal_sens_spec,0.3145249,46,10000,0.846580087,0.040434615,0.8626,0.044825216,0.056815653,0.024225846,0.029368218,0.013013718,0.058736436,0.026027436,0.153419913,0.040434615,0.709180087,0.081634642,0.939866797,0.019546797,0.967696924,0.020622293,0.90389138,0.008032653
max,lpt,0.05747439,46,10000,1,0,0.7803,0.099418057,0.043721382,0.010589882,0.022373195,0.005526612,0.044746389,0.011053223,0,0,0.7803,0.099418057,0.939866797,0.019546797,0.967696924,0.020622293,0.90389138,0.008032653
max,max_fpb,0.95386069,46,10000,0.395541126,0.325772231,0.988,0.013752273,0.196332767,0.079513011,0.110626308,0.050329426,0.221252615,0.100658852,0.604458874,0.325772231,0.383541126,0.31230865,0.939866797,0.019546797,0.967696924,0.020622293,0.90389138,0.008032653
max,max_jaccard,0.95386069,46,10000,0.395541126,0.325772231,0.988,0.013752273,0.196332767,0.079513011,0.110626308,0.050329426,0.221252615,0.100658852,0.604458874,0.325772231,0.383541126,0.31230865,0.939866797,0.019546797,0.967696924,0.020622293,0.90389138,0.008032653
max,max_sens_spec,0.25681691,46,10000,0.961818182,0.05238131,0.8543,0.080547036,0.074684443,0.058285177,0.039584632,0.03278039,0.079169264,0.06556078,0.038181818,0.05238131,0.816118182,0.086988972,0.939866797,0.019546797,0.967696924,0.020622293,0.90389138,0.008032653
max,max_sorensen,0.95386069,46,10000,0.395541126,0.325772231,0.988,0.013752273,0.196332767,0.079513011,0.110626308,0.050329426,0.221252615,0.100658852,0.604458874,0.325772231,0.383541126,0.31230865,0.939866797,0.019546797,0.967696924,0.020622293,0.90389138,0.008032653
max,sensitivity,0.25745858,46,10000,0.848398268,0.032039604,0.843,0.107035041,0.066552627,0.055080616,0.035118521,0.030574906,0.070237043,0.061149813,0.151601732,0.032039604,0.691398268,0.08012656,0.939866797,0.019546797,0.967696924,0.020622293,0.90389138,0.008032653
max,equal_sens_spec,0.24179844,46,10000,0.884126984,0.029482818,0.9098,0.032180351,0.097273661,0.07092281,0.052349889,0.041137889,0.104699779,0.082275778,0.115873016,0.029482818,0.793926984,0.054714719,0.967334921,0.012168871,0.952342997,0.014779269,0.953703384,0.006150428
max,lpt,0.04801343,46,10000,1,0,0.9077,0.03403601,0.106109246,0.073577654,0.057367655,0.043137264,0.114735309,0.086274528,0,0,0.9077,0.03403601,0.967334921,0.012168871,0.952342997,0.014779269,0.953703384,0.006150428
max,max_fpb,0.87605982,46,10000,0.304761905,0.193559698,0.9965,0.004123106,0.296262626,0.115006111,0.178593533,0.087120081,0.357187066,0.174240161,0.695238095,0.193559698,0.301261905,0.190368834,0.967334921,0.012168871,0.952342997,0.014779269,0.953703384,0.006150428
max,max_jaccard,0.87605982,46,10000,0.304761905,0.193559698,0.9965,0.004123106,0.296262626,0.115006111,0.178593533,0.087120081,0.357187066,0.174240161,0.695238095,0.193559698,0.301261905,0.190368834,0.967334921,0.012168871,0.952342997,0.014779269,0.953703384,0.006150428
max,max_sens_spec,0.29458868,46,10000,1,0,0.9077,0.03403601,0.106109246,0.073577654,0.057367655,0.043137264,0.114735309,0.086274528,0,0,0.9077,0.03403601,0.967334921,0.012168871,0.952342997,0.014779269,0.953703384,0.006150428
max,max_sorensen,0.87605982,46,10000,0.304761905,0.193559698,0.9965,0.004123106,0.296262626,0.115006111,0.178593533,0.087120081,0.357187066,0.174240161,0.695238095,0.193559698,0.301261905,0.190368834,0.967334921,0.012168871,0.952342997,0.014779269,0.953703384,0.006150428
max,sensitivity,0.35570762,46,10000,0.86984127,0.017388018,0.9088,0.035093803,0.09571327,0.069614699,0.051439341,0.040261222,0.102878682,0.080522444,0.13015873,0.017388018,0.77864127,0.030220576,0.967334921,0.012168871,0.952342997,0.014779269,0.953703384,0.006150428
max,equal_sens_spec,0.5558165,47,10000,0.833766234,0.02133984,0.8236,0.034810918,0.042129666,0.003381715,0.021520548,0.001765669,0.043041096,0.003531338,0.166233766,0.02133984,0.657366234,0.054840209,0.892777922,0.033343173,0.889198255,0.089369814,0.811988865,0.003216626
max,lpt,0.31443005,47,10000,1,0,0.7694,0.071208672,0.040170399,0.006125873,0.020504864,0.00319161,0.041009729,0.006383221,0,0,0.7694,0.071208672,0.892777922,0.033343173,0.889198255,0.089369814,0.811988865,0.003216626
max,max_fpb,0.80883493,47,10000,0.376623377,0.274729816,0.9525,0.038807216,0.06851199,0.021031276,0.035569537,0.011301651,0.071139074,0.022603302,0.623376623,0.274729816,0.329123377,0.238206238,0.892777922,0.033343173,0.889198255,0.089369814,0.811988865,0.003216626
max,max_jaccard,0.80883493,47,10000,0.376623377,0.274729816,0.9525,0.038807216,0.06851199,0.021031276,0.035569537,0.011301651,0.071139074,0.022603302,0.623376623,0.274729816,0.329123377,0.238206238,0.892777922,0.033343173,0.889198255,0.089369814,0.811988865,0.003216626
max,max_sens_spec,0.38290409,47,10000,1,0,0.7694,0.071208672,0.040170399,0.006125873,0.020504864,0.00319161,0.041009729,0.006383221,0,0,0.7694,0.071208672,0.892777922,0.033343173,0.889198255,0.089369814,0.811988865,0.003216626
max,max_sorensen,0.80883493,47,10000,0.376623377,0.274729816,0.9525,0.038807216,0.06851199,0.021031276,0.035569537,0.011301651,0.071139074,0.022603302,0.623376623,0.274729816,0.329123377,0.238206238,0.892777922,0.033343173,0.889198255,0.089369814,0.811988865,0.003216626
max,sensitivity,0.41816723,47,10000,0.833766234,0.02133984,0.798,0.042586676,0.037256486,0.004492848,0.018986112,0.002332319,0.037972225,0.004664638,0.166233766,0.02133984,0.631766234,0.061629819,0.892777922,0.033343173,0.889198255,0.089369814,0.811988865,0.003216626
max,equal_sens_spec,0.10992048,50,10000,0.960714286,0.057031141,0.9592,0.029473717,0.246547049,0.144968345,0.146869128,0.094811538,0.293738255,0.189623077,0.039285714,0.057031141,0.919914286,0.08306517,0.990916209,0.006001261,0.977075136,0.013895435,0.978057926,0.002591133
max,lpt,0.05530983,50,10000,1,0,0.9591,0.029454202,0.251474322,0.142520428,0.149907434,0.093456384,0.299814868,0.186912767,0,0,0.9591,0.029454202,0.990916209,0.006001261,0.977075136,0.013895435,0.978057926,0.002591133
max,max_fpb,0.7777566,50,10000,0.660989011,0.079322612,0.9958,0.002361144,0.54452862,0.126102733,0.382143688,0.115797863,0.764287375,0.231595726,0.339010989,0.079322612,0.656789011,0.078420539,0.990916209,0.006001261,0.977075136,0.013895435,0.978057926,0.002591133
max,max_jaccard,0.7777566,50,10000,0.660989011,0.079322612,0.9958,0.002361144,0.54452862,0.126102733,0.382143688,0.115797863,0.764287375,0.231595726,0.339010989,0.079322612,0.656789011,0.078420539,0.990916209,0.006001261,0.977075136,0.013895435,0.978057926,0.002591133
max,max_sens_spec,0.05530983,50,10000,1,0,0.9591,0.029454202,0.251474322,0.142520428,0.149907434,0.093456384,0.299814868,0.186912767,0,0,0.9591,0.029454202,0.990916209,0.006001261,0.977075136,0.013895435,0.978057926,0.002591133
max,max_sorensen,0.7777566,50,10000,0.660989011,0.079322612,0.9958,0.002361144,0.54452862,0.126102733,0.382143688,0.115797863,0.764287375,0.231595726,0.339010989,0.079322612,0.656789011,0.078420539,0.990916209,0.006001261,0.977075136,0.013895435,0.978057926,0.002591133
max,sensitivity,0.37667073,50,10000,0.862087912,0.012611955,0.9658,0.033724249,0.299059289,0.204035195,0.189514454,0.143009937,0.379028908,0.286019874,0.137912088,0.012611955,0.827887912,0.029494815,0.990916209,0.006001261,0.977075136,0.013895435,0.978057926,0.002591133
max,equal_sens_spec,0.16313138,50,10000,0.938333333,0.058214164,0.9349,0.046578428,0.177478195,0.131149313,0.102195481,0.083763754,0.204390963,0.167527507,0.061666667,0.058214164,0.873233333,0.103588234,0.977535,0.017472689,0.981664974,0.017374657,0.969688994,0.004594973
max,lpt,0.00474838,50,10000,1,0,0.8674,0.136299028,0.165282449,0.146691748,0.095927214,0.091503175,0.191854428,0.183006351,0,0,0.8674,0.136299028,0.977535,0.017472689,0.981664974,0.017374657,0.969688994,0.004594973
max,max_fpb,0.87353357,50,10000,0.586666667,0.192353841,0.9943,0.004658326,0.426235027,0.105278482,0.275759941,0.092045642,0.551519881,0.184091283,0.413333333,0.192353841,0.580966667,0.190127238,0.977535,0.017472689,0.981664974,0.017374657,0.969688994,0.004594973
max,max_jaccard,0.87353357,50,10000,0.586666667,0.192353841,0.9943,0.004658326,0.426235027,0.105278482,0.275759941,0.092045642,0.551519881,0.184091283,0.413333333,0.192353841,0.580966667,0.190127238,0.977535,0.017472689,0.981664974,0.017374657,0.969688994,0.004594973
max,max_sens_spec,0.16313138,50,10000,0.955,0.062249498,0.9634,0.023532956,0.236290986,0.105463515,0.137300918,0.069612457,0.274601836,0.139224914,0.045,0.062249498,0.9184,0.067906553,0.977535,0.017472689,0.981664974,0.017374657,0.969688994,0.004594973
max,max_sorensen,0.87353357,50,10000,0.586666667,0.192353841,0.9943,0.004658326,0.426235027,0.105278482,0.275759941,0.092045642,0.551519881,0.184091283,0.413333333,0.192353841,0.580966667,0.190127238,0.977535,0.017472689,0.981664974,0.017374657,0.969688994,0.004594973
max,sensitivity,0.34963259,50,10000,0.855,0.038908725,0.8743,0.141567828,0.184697875,0.185960771,0.111883419,0.124084624,0.223766838,0.248169248,0.145,0.038908725,0.7293,0.115133642,0.977535,0.017472689,0.981664974,0.017374657,0.969688994,0.004594973
max,equal_sens_spec,0.23573531,51,10000,0.877272727,0.047431745,0.8552,0.055317945,0.067909749,0.035562178,0.035429331,0.019085867,0.070858661,0.038171734,0.122727273,0.047431745,0.732472727,0.100510048,0.930990152,0.034574989,0.950286745,0.033604407,0.906121447,0.010778234
max,lpt,0.03815623,51,10000,1,0,0.75,0.116053328,0.048125299,0.026900094,0.024811719,0.014129769,0.049623437,0.028259537,0,0,0.75,0.116053328,0.930990152,0.034574989,0.950286745,0.033604407,0.906121447,0.010778234
max,max_fpb,0.96285955,51,10000,0.416666667,0.196823955,0.9818,0.020580938,0.213794573,0.108558504,0.123059386,0.06938267,0.246118772,0.138765341,0.583333333,0.196823955,0.398466667,0.178366924,0.930990152,0.034574989,0.950286745,0.033604407,0.906121447,0.010778234
max,max_jaccard,0.96285955,51,10000,0.416666667,0.196823955,0.9818,0.020580938,0.213794573,0.108558504,0.123059386,0.06938267,0.246118772,0.138765341,0.583333333,0.196823955,0.398466667,0.178366924,0.930990152,0.034574989,0.950286745,0.033604407,0.906121447,0.010778234
max,max_sens_spec,0.06624966,51,10000,0.945454545,0.081311563,0.8377,0.103988942,0.071746098,0.034615672,0.037472902,0.018461841,0.074945803,0.036923683,0.054545455,0.081311563,0.783154545,0.083789765,0.930990152,0.034574989,0.950286745,0.033604407,0.906121447,0.010778234
max,max_sorensen,0.96285955,51,10000,0.416666667,0.196823955,0.9818,0.020580938,0.213794573,0.108558504,0.123059386,0.06938267,0.246118772,0.138765341,0.583333333,0.196823955,0.398466667,0.178366924,0.930990152,0.034574989,0.950286745,0.033604407,0.906121447,0.010778234
max,sensitivity,0.15282157,51,10000,0.824242424,0.008298827,0.798,0.132410347,0.057621851,0.038249985,0.029985826,0.020327739,0.059971653,0.040655478,0.175757576,0.008298827,0.622242424,0.132183897,0.930990152,0.034574989,0.950286745,0.033604407,0.906121447,0.010778234
max,equal_sens_spec,0.32704734,64,10000,0.92032967,0.012954558,0.9212,0.009737813,0.131385481,0.029811984,0.070529289,0.017049755,0.141058577,0.034099509,0.07967033,0.012954558,0.84152967,0.021362881,0.96762478,0.00352114,0.878146568,0.063994517,0.943633441,0.004359582
max,lpt,0.17831492,64,10000,1,0,0.9138,0.01112205,0.130286454,0.021497815,0.069794892,0.012210961,0.139589784,0.024421923,0,0,0.9138,0.01112205,0.96762478,0.00352114,0.878146568,0.063994517,0.943633441,0.004359582
max,max_fpb,0.87540043,64,10000,0.387399267,0.096109915,0.9904,0.00877069,0.296480818,0.087213734,0.176601613,0.06258899,0.353203227,0.125177981,0.612600733,0.096109915,0.377799267,0.089521993,0.96762478,0.00352114,0.878146568,0.063994517,0.943633441,0.004359582
max,max_jaccard,0.87540043,64,10000,0.387399267,0.096109915,0.9904,0.00877069,0.296480818,0.087213734,0.176601613,0.06258899,0.353203227,0.125177981,0.612600733,0.096109915,0.377799267,0.089521993,0.96762478,0.00352114,0.878146568,0.063994517,0.943633441,0.004359582
max,max_sens_spec,0.17831492,64,10000,1,0,0.9138,0.01112205,0.130286454,0.021497815,0.069794892,0.012210961,0.139589784,0.024421923,0,0,0.9138,0.01112205,0.96762478,0.00352114,0.878146568,0.063994517,0.943633441,0.004359582
max,max_sorensen,0.87540043,64,10000,0.387399267,0.096109915,0.9904,0.00877069,0.296480818,0.087213734,0.176601613,0.06258899,0.353203227,0.125177981,0.612600733,0.096109915,0.377799267,0.089521993,0.96762478,0.00352114,0.878146568,0.063994517,0.943633441,0.004359582
max,sensitivity,0.41004826,64,10000,0.860659341,0.025264902,0.9237,0.012969194,0.127912203,0.033432203,0.068601389,0.019281403,0.137202777,0.038562806,0.139340659,0.025264902,0.784359341,0.022383084,0.96762478,0.00352114,0.878146568,0.063994517,0.943633441,0.004359582
max,equal_sens_spec,0.52358413,64,10000,0.905128205,0.035157203,0.8982,0.018161085,0.104216389,0.026190828,0.055134416,0.014630393,0.110268831,0.029260785,0.094871795,0.035157203,0.803328205,0.052457138,0.942381026,0.015050091,0.881246581,0.065589753,0.903986708,0.011794306
max,lpt,7.36E-04,64,10000,1,0,0.8222,0.121225822,0.084706685,0.036870657,0.044531785,0.019826714,0.08906357,0.039653428,0,0,0.8222,0.121225822,0.942381026,0.015050091,0.881246581,0.065589753,0.903986708,0.011794306
max,max_fpb,0.79343709,64,10000,0.365641026,0.281944036,0.9783,0.024447904,0.169119816,0.037812794,0.092747321,0.02279179,0.185494643,0.045583579,0.634358974,0.281944036,0.343941026,0.257603374,0.942381026,0.015050091,0.881246581,0.065589753,0.903986708,0.011794306
max,max_jaccard,0.79343709,64,10000,0.365641026,0.281944036,0.9783,0.024447904,0.169119816,0.037812794,0.092747321,0.02279179,0.185494643,0.045583579,0.634358974,0.281944036,0.343941026,0.257603374,0.942381026,0.015050091,0.881246581,0.065589753,0.903986708,0.011794306
max,max_sens_spec,0.4251127,64,10000,0.98,0.04472136,0.8854,0.02579341,0.100553154,0.015565191,0.052994832,0.008650269,0.105989664,0.017300539,0.02,0.04472136,0.8654,0.028023205,0.942381026,0.015050091,0.881246581,0.065589753,0.903986708,0.011794306
max,max_sorensen,0.79343709,64,10000,0.365641026,0.281944036,0.9783,0.024447904,0.169119816,0.037812794,0.092747321,0.02279179,0.185494643,0.045583579,0.634358974,0.281944036,0.343941026,0.257603374,0.942381026,0.015050091,0.881246581,0.065589753,0.903986708,0.011794306
max,sensitivity,0.54982467,64,10000,0.861025641,0.023528348,0.8401,0.131036445,0.0872065,0.041388674,0.045977935,0.022346489,0.091955871,0.044692978,0.138974359,0.023528348,0.701125641,0.110650315,0.942381026,0.015050091,0.881246581,0.065589753,0.903986708,0.011794306
max,equal_sens_spec,0.08515874,64,10000,0.860572761,0.028841943,0.868,0.040168396,0.083270944,0.030250331,0.043655512,0.016729872,0.087311024,0.033459745,0.139427239,0.028841943,0.728572761,0.068913984,0.958590143,0.01619364,0.993253449,0.006940241,0.96258364,0.003153714
max,lpt,0.00115546,64,10000,1,0,0.7474,0.139864845,0.065358438,0.046195022,0.034268488,0.025404982,0.068536975,0.050809963,0,0,0.7474,0.139864845,0.958590143,0.01619364,0.993253449,0.006940241,0.96258364,0.003153714
max,max_fpb,0.9419207,64,10000,0.605977356,0.041786649,0.9966,0.00219089,0.577000303,0.066909139,0.40797619,0.066378523,0.815952381,0.132757045,0.394022644,0.041786649,0.602577356,0.040611788,0.958590143,0.01619364,0.993253449,0.006940241,0.96258364,0.003153714
max,max_jaccard,0.9419207,64,10000,0.605977356,0.041786649,0.9966,0.00219089,0.577000303,0.066909139,0.40797619,0.066378523,0.815952381,0.132757045,0.394022644,0.041786649,0.602577356,0.040611788,0.958590143,0.01619364,0.993253449,0.006940241,0.96258364,0.003153714
max,max_sens_spec,0.13690389,64,10000,0.907326007,0.085017991,0.9037,0.069323156,0.127295958,0.041120339,0.068378856,0.023026136,0.136757712,0.046052272,0.092673993,0.085017991,0.811026007,0.070502934,0.958590143,0.01619364,0.993253449,0.006940241,0.96258364,0.003153714
max,max_sorensen,0.9419207,64,10000,0.605977356,0.041786649,0.9966,0.00219089,0.577000303,0.066909139,0.40797619,0.066378523,0.815952381,0.132757045,0.394022644,0.041786649,0.602577356,0.040611788,0.958590143,0.01619364,0.993253449,0.006940241,0.96258364,0.003153714
max,sensitivity,0.0636648,64,10000,0.842390942,0.01671466,0.82,0.08770191,0.072880086,0.045941105,0.038300882,0.025315119,0.076601765,0.050630238,0.157609058,0.01671466,0.662390942,0.08198275,0.958590143,0.01619364,0.993253449,0.006940241,0.96258364,0.003153714
max,equal_sens_spec,0.18380202,71,10000,0.818571429,0.04949862,0.8226,0.041184645,0.063662286,0.017471818,0.032945252,0.009361425,0.065890504,0.018722851,0.181428571,0.04949862,0.641171429,0.090395837,0.91667756,0.025927437,0.982681026,0.007294017,0.902523405,0.008858611
max,lpt,0.01907032,71,10000,1,0,0.6639,0.093793923,0.042585487,0.010850529,0.021781139,0.005671545,0.043562278,0.011343089,0,0,0.6639,0.093793923,0.91667756,0.025927437,0.982681026,0.007294017,0.902523405,0.008858611
max,max_fpb,0.98091972,71,10000,0.388690476,0.12139793,0.9993,2.74E-04,0.516361853,0.118654541,0.355404726,0.11527687,0.710809452,0.230553741,0.611309524,0.12139793,0.387990476,0.121533614,0.91667756,0.025927437,0.982681026,0.007294017,0.902523405,0.008858611
max,max_jaccard,0.98091972,71,10000,0.388690476,0.12139793,0.9993,2.74E-04,0.516361853,0.118654541,0.355404726,0.11527687,0.710809452,0.230553741,0.611309524,0.12139793,0.387990476,0.121533614,0.91667756,0.025927437,0.982681026,0.007294017,0.902523405,0.008858611
max,max_sens_spec,0.16641802,71,10000,0.9275,0.07612581,0.7917,0.128040814,0.090712802,0.073813151,0.048821736,0.042377096,0.097643473,0.084754191,0.0725,0.07612581,0.7192,0.079633309,0.91667756,0.025927437,0.982681026,0.007294017,0.902523405,0.008858611
max,max_sorensen,0.98091972,71,10000,0.388690476,0.12139793,0.9993,2.74E-04,0.516361853,0.118654541,0.355404726,0.11527687,0.710809452,0.230553741,0.611309524,0.12139793,0.387990476,0.121533614,0.91667756,0.025927437,0.982681026,0.007294017,0.902523405,0.008858611
max,sensitivity,0.14197809,71,10000,0.857857143,0.015603869,0.7287,0.05215314,0.043773849,0.008018343,0.022390481,0.004208326,0.044780961,0.008416653,0.142142857,0.015603869,0.586557143,0.046245744,0.91667756,0.025927437,0.982681026,0.007294017,0.902523405,0.008858611
max,equal_sens_spec,0.19748673,77,10000,0.909047619,0.035198155,0.9029,0.024187807,0.130381794,0.032220277,0.06999251,0.018525524,0.139985021,0.037051048,0.090952381,0.035198155,0.811947619,0.057768797,0.95380744,0.018999357,0.963804528,0.022230535,0.936082347,0.007415889
max,lpt,0.01554861,77,10000,1,0,0.7523,0.121609827,0.069121154,0.03128379,0.036018071,0.016998403,0.072036143,0.033996806,0,0,0.7523,0.121609827,0.95380744,0.018999357,0.963804528,0.022230535,0.936082347,0.007415889
max,max_fpb,0.97735784,77,10000,0.363095238,0.047850998,0.9982,0.002464752,0.469301713,0.116496161,0.312593371,0.098756787,0.625186741,0.197513575,0.636904762,0.047850998,0.361295238,0.049742983,0.95380744,0.018999357,0.963804528,0.022230535,0.936082347,0.007415889
max,max_jaccard,0.97735784,77,10000,0.363095238,0.047850998,0.9982,0.002464752,0.469301713,0.116496161,0.312593371,0.098756787,0.625186741,0.197513575,0.636904762,0.047850998,0.361295238,0.049742983,0.95380744,0.018999357,0.963804528,0.022230535,0.936082347,0.007415889
max,max_sens_spec,0.18802399,77,10000,0.936666667,0.04423344,0.8992,0.023362898,0.129354577,0.031390611,0.069392481,0.018086012,0.138784962,0.036172023,0.063333333,0.04423344,0.835866667,0.058583321,0.95380744,0.018999357,0.963804528,0.022230535,0.936082347,0.007415889
max,max_sorensen,0.97735784,77,10000,0.363095238,0.047850998,0.9982,0.002464752,0.469301713,0.116496161,0.312593371,0.098756787,0.625186741,0.197513575,0.636904762,0.047850998,0.361295238,0.049742983,0.95380744,0.018999357,0.963804528,0.022230535,0.936082347,0.007415889
max,sensitivity,0.19748673,77,10000,0.869761905,0.007923601,0.8478,0.144337105,0.112677883,0.050087816,0.060289917,0.027673677,0.120579834,0.055347353,0.130238095,0.007923601,0.717561905,0.141860202,0.95380744,0.018999357,0.963804528,0.022230535,0.936082347,0.007415889
max,equal_sens_spec,0.37944292,78,10000,0.910600233,0.026685685,0.8978,0.022709029,0.124708222,0.038358951,0.066860617,0.021996236,0.133721234,0.043992472,0.089399767,0.026685685,0.808400233,0.046455634,0.955704604,0.012272334,0.891743066,0.088785412,0.92291784,0.007183772
max,lpt,0.15605361,78,10000,1,0,0.876,0.033141741,0.114611307,0.02797019,0.060975692,0.01571265,0.121951384,0.0314253,0,0,0.876,0.033141741,0.955704604,0.012272334,0.891743066,0.088785412,0.92291784,0.007183772
max,max_fpb,0.75080575,78,10000,0.368047786,0.174213795,0.9872,0.007259477,0.243315508,0.0778972,0.140347709,0.05188807,0.280695417,0.10377614,0.631952214,0.174213795,0.355247786,0.169221728,0.955704604,0.012272334,0.891743066,0.088785412,0.92291784,0.007183772
max,max_jaccard,0.75080575,78,10000,0.368047786,0.174213795,0.9872,0.007259477,0.243315508,0.0778972,0.140347709,0.05188807,0.280695417,0.10377614,0.631952214,0.174213795,0.355247786,0.169221728,0.955704604,0.012272334,0.891743066,0.088785412,0.92291784,0.007183772
max,max_sens_spec,0.15605361,78,10000,1,0,0.876,0.033141741,0.114611307,0.02797019,0.060975692,0.01571265,0.121951384,0.0314253,0,0,0.876,0.033141741,0.955704604,0.012272334,0.891743066,0.088785412,0.92291784,0.007183772
max,max_sorensen,0.75080575,78,10000,0.368047786,0.174213795,0.9872,0.007259477,0.243315508,0.0778972,0.140347709,0.05188807,0.280695417,0.10377614,0.631952214,0.174213795,0.355247786,0.169221728,0.955704604,0.012272334,0.891743066,0.088785412,0.92291784,0.007183772
max,sensitivity,0.43713545,78,10000,0.856958042,0.016876219,0.8982,0.034708789,0.12212841,0.043752085,0.06550225,0.025042934,0.1310045,0.050085867,0.143041958,0.016876219,0.755158042,0.033783156,0.955704604,0.012272334,0.891743066,0.088785412,0.92291784,0.007183772
max,equal_sens_spec,0.23160804,79,10000,0.851372549,0.037720262,0.848,0.03318132,0.082750353,0.019820015,0.043249656,0.010724073,0.086499312,0.021448146,0.148627451,0.037720262,0.699372549,0.069974046,0.931041111,0.020924774,0.966717699,0.016129188,0.914842419,0.005776082
max,lpt,0.00766881,79,10000,1,0,0.7188,0.081545693,0.056508591,0.019114168,0.029155201,0.01009052,0.058310403,0.020181039,0,0,0.7188,0.081545693,0.931041111,0.020924774,0.966717699,0.016129188,0.914842419,0.005776082
max,max_fpb,0.98971328,79,10000,0.38503268,0.032685784,0.9984,0.00304959,0.493918421,0.100295348,0.332383107,0.083318942,0.664766214,0.166637884,0.61496732,0.032685784,0.38343268,0.031064665,0.931041111,0.020924774,0.966717699,0.016129188,0.914842419,0.005776082
max,max_jaccard,0.98971328,79,10000,0.38503268,0.032685784,0.9984,0.00304959,0.493918421,0.100295348,0.332383107,0.083318942,0.664766214,0.166637884,0.61496732,0.032685784,0.38343268,0.031064665,0.931041111,0.020924774,0.966717699,0.016129188,0.914842419,0.005776082
max,max_sens_spec,0.15378135,79,10000,0.956666667,0.041833001,0.8032,0.063061082,0.076617138,0.024182203,0.039965397,0.013007244,0.079930795,0.026014487,0.043333333,0.041833001,0.759866667,0.06169846,0.931041111,0.020924774,0.966717699,0.016129188,0.914842419,0.005776082
max,max_sorensen,0.98971328,79,10000,0.38503268,0.032685784,0.9984,0.00304959,0.493918421,0.100295348,0.332383107,0.083318942,0.664766214,0.166637884,0.61496732,0.032685784,0.38343268,0.031064665,0.931041111,0.020924774,0.966717699,0.016129188,0.914842419,0.005776082
max,sensitivity,0.16647362,79,10000,0.867581699,0.031894487,0.8125,0.059257911,0.072710671,0.022409952,0.037838276,0.011972538,0.075676552,0.023945076,0.132418301,0.031894487,0.680081699,0.063144715,0.931041111,0.020924774,0.966717699,0.016129188,0.914842419,0.005776082
max,equal_sens_spec,0.32339171,80,10000,0.891896086,0.030144054,0.8966,0.031787183,0.124132443,0.022571223,0.066297276,0.012874477,0.132594552,0.025748953,0.108103914,0.030144054,0.788496086,0.060628901,0.951511317,0.012367453,0.880318493,0.023678071,0.913433418,0.007078457
max,lpt,0.08155474,80,10000,1,0,0.8688,0.058941284,0.119183907,0.033599147,0.063641034,0.019093611,0.127282069,0.038187221,0,0,0.8688,0.058941284,0.951511317,0.012367453,0.880318493,0.023678071,0.913433418,0.007078457
max,max_fpb,0.85510319,80,10000,0.420172065,0.17157993,0.9807,0.015229905,0.234076681,0.054857662,0.133438283,0.035676082,0.266876566,0.071352163,0.579827935,0.17157993,0.400872065,0.156498116,0.951511317,0.012367453,0.880318493,0.023678071,0.913433418,0.007078457
max,max_jaccard,0.85510319,80,10000,0.420172065,0.17157993,0.9807,0.015229905,0.234076681,0.054857662,0.133438283,0.035676082,0.266876566,0.071352163,0.579827935,0.17157993,0.400872065,0.156498116,0.951511317,0.012367453,0.880318493,0.023678071,0.913433418,0.007078457
max,max_sens_spec,0.18190469,80,10000,1,0,0.8688,0.058941284,0.119183907,0.033599147,0.063641034,0.019093611,0.127282069,0.038187221,0,0,0.8688,0.058941284,0.951511317,0.012367453,0.880318493,0.023678071,0.913433418,0.007078457
max,max_sorensen,0.85510319,80,10000,0.420172065,0.17157993,0.9807,0.015229905,0.234076681,0.054857662,0.133438283,0.035676082,0.266876566,0.071352163,0.579827935,0.17157993,0.400872065,0.156498116,0.951511317,0.012367453,0.880318493,0.023678071,0.913433418,0.007078457
max,sensitivity,0.30914147,80,10000,0.869844804,0.029367816,0.8818,0.055311165,0.113754033,0.028275258,0.060498819,0.015987789,0.120997637,0.031975578,0.130155196,0.029367816,0.751644804,0.032918674,0.951511317,0.012367453,0.880318493,0.023678071,0.913433418,0.007078457
max,equal_sens_spec,0.18042597,80,10000,0.827922078,0.053765118,0.8164,0.037964457,0.0684058,0.018125667,0.035486865,0.009683986,0.07097373,0.019367972,0.172077922,0.053765118,0.644322078,0.091270831,0.923101263,0.006274398,0.966273483,0.02572044,0.902444264,0.005800197
max,lpt,0.07257247,80,10000,1,0,0.7234,0.045604824,0.055134722,0.014311097,0.028393817,0.007636286,0.056787634,0.015272573,0,0,0.7234,0.045604824,0.923101263,0.006274398,0.966273483,0.02572044,0.902444264,0.005800197
max,max_fpb,0.97462536,80,10000,0.371933622,0.089224293,0.995,0.003221025,0.37351671,0.02987772,0.229983766,0.022929939,0.459967532,0.045859877,0.628066378,0.089224293,0.366933622,0.086225945,0.923101263,0.006274398,0.966273483,0.02572044,0.902444264,0.005800197
max,max_jaccard,0.97462536,80,10000,0.371933622,0.089224293,0.995,0.003221025,0.37351671,0.02987772,0.229983766,0.022929939,0.459967532,0.045859877,0.628066378,0.089224293,0.366933622,0.086225945,0.923101263,0.006274398,0.966273483,0.02572044,0.902444264,0.005800197
max,max_sens_spec,0.12297353,80,10000,0.95,0.074535599,0.7988,0.076168891,0.076218118,0.027366263,0.03978843,0.014898077,0.07957686,0.029796154,0.05,0.074535599,0.7488,0.025799009,0.923101263,0.006274398,0.966273483,0.02572044,0.902444264,0.005800197
max,max_sorensen,0.97462536,80,10000,0.371933622,0.089224293,0.995,0.003221025,0.37351671,0.02987772,0.229983766,0.022929939,0.459967532,0.045859877,0.628066378,0.089224293,0.366933622,0.086225945,0.923101263,0.006274398,0.966273483,0.02572044,0.902444264,0.005800197
max,sensitivity,0.15020669,80,10000,0.86002886,0.019844549,0.7904,0.05216009,0.063544558,0.01779174,0.032884718,0.009501322,0.065769437,0.019002643,0.13997114,0.019844549,0.65042886,0.04251662,0.923101263,0.006274398,0.966273483,0.02572044,0.902444264,0.005800197
max,equal_sens_spec,0.08086008,82,10000,0.878084416,0.034005769,0.8802,0.029490676,0.111575174,0.03490529,0.059374097,0.019638581,0.118748193,0.039277161,0.121915584,0.034005769,0.758284416,0.061704323,0.959428815,0.013617213,0.99037713,0.008352918,0.962622103,0.003991223
max,lpt,0.02948991,82,10000,1,0,0.7394,0.046532784,0.06098357,0.017116263,0.031515198,0.009122693,0.063030395,0.018245387,0,0,0.7394,0.046532784,0.959428815,0.013617213,0.99037713,0.008352918,0.962622103,0.003991223
max,max_fpb,0.95179579,82,10000,0.507305195,0.051979749,0.9992,4.47E-04,0.63083004,0.053925174,0.4625,0.055901699,0.925,0.111803399,0.492694805,0.051979749,0.506505195,0.051946527,0.959428815,0.013617213,0.99037713,0.008352918,0.962622103,0.003991223
max,max_jaccard,0.95179579,82,10000,0.507305195,0.051979749,0.9992,4.47E-04,0.63083004,0.053925174,0.4625,0.055901699,0.925,0.111803399,0.492694805,0.051979749,0.506505195,0.051946527,0.959428815,0.013617213,0.99037713,0.008352918,0.962622103,0.003991223
max,max_sens_spec,0.13264369,82,10000,0.890584416,0.042909839,0.9062,0.00951709,0.133527057,0.021364926,0.07165223,0.012280373,0.14330446,0.024560746,0.109415584,0.042909839,0.796784416,0.048180479,0.959428815,0.013617213,0.99037713,0.008352918,0.962622103,0.003991223
max,max_sorensen,0.95179579,82,10000,0.507305195,0.051979749,0.9992,4.47E-04,0.63083004,0.053925174,0.4625,0.055901699,0.925,0.111803399,0.492694805,0.051979749,0.506505195,0.051946527,0.959428815,0.013617213,0.99037713,0.008352918,0.962622103,0.003991223
max,sensitivity,0.06796562,82,10000,0.865584416,0.008994737,0.8582,0.051539548,0.099882212,0.039158184,0.052924597,0.021732945,0.105849194,0.04346589,0.134415584,0.008994737,0.723784416,0.060205059,0.959428815,0.013617213,0.99037713,0.008352918,0.962622103,0.003991223
max,equal_sens_spec,0.33502595,85,10000,0.919080837,0.022136152,0.9219,0.007039176,0.165174898,0.021313919,0.090139332,0.012610313,0.180278664,0.025220626,0.080919163,0.022136152,0.840980837,0.028808477,0.969761246,0.006367452,0.943861462,0.018217537,0.941170395,0.006967309
max,lpt,0.00539807,85,10000,1,0,0.8753,0.041883171,0.125670885,0.031749304,0.067291869,0.017963668,0.134583737,0.035927335,0,0,0.8753,0.041883171,0.969761246,0.006367452,0.943861462,0.018217537,0.941170395,0.006967309
max,max_fpb,0.87315146,85,10000,0.543491884,0.12125783,0.9861,0.002792848,0.337613362,0.066585037,0.204698513,0.050228264,0.409397025,0.100456527,0.456508116,0.12125783,0.529591884,0.121073101,0.969761246,0.006367452,0.943861462,0.018217537,0.941170395,0.006967309
max,max_jaccard,0.87315146,85,10000,0.543491884,0.12125783,0.9861,0.002792848,0.337613362,0.066585037,0.204698513,0.050228264,0.409397025,0.100456527,0.456508116,0.12125783,0.529591884,0.121073101,0.969761246,0.006367452,0.943861462,0.018217537,0.941170395,0.006967309
max,max_sens_spec,0.20136483,85,10000,0.988235294,0.026306682,0.9014,0.017668475,0.147577203,0.028900815,0.079878318,0.016921773,0.159756637,0.033843546,0.011764706,0.026306682,0.889635294,0.010905155,0.969761246,0.006367452,0.943861462,0.018217537,0.941170395,0.006967309
max,max_sorensen,0.87315146,85,10000,0.543491884,0.12125783,0.9861,0.002792848,0.337613362,0.066585037,0.204698513,0.050228264,0.409397025,0.100456527,0.456508116,0.12125783,0.529591884,0.121073101,0.969761246,0.006367452,0.943861462,0.018217537,0.941170395,0.006967309
max,sensitivity,0.40089599,85,10000,0.869907707,0.017806515,0.93,0.018721645,0.176467372,0.023982672,0.096925734,0.0145875,0.193851467,0.029175,0.130092293,0.017806515,0.799907707,0.015768413,0.969761246,0.006367452,0.943861462,0.018217537,0.941170395,0.006967309
max,equal_sens_spec,0.10319946,90,10000,0.923571551,0.024117789,0.9314,0.036059673,0.220518618,0.079181783,0.125702115,0.049991477,0.251404229,0.099982953,0.076428449,0.024117789,0.854971551,0.059279683,0.982463177,0.012080772,0.967464083,0.024706231,0.97737747,0.002270269
max,lpt,0.01516439,90,10000,1,0,0.8776,0.109303705,0.201817154,0.119080965,0.116097167,0.0729456,0.232194335,0.145891199,0,0,0.8776,0.109303705,0.982463177,0.012080772,0.967464083,0.024706231,0.97737747,0.002270269
max,max_fpb,0.69279748,90,10000,0.670368077,0.087095113,0.9965,0.0015,0.651662981,0.08668368,0.48818991,0.095102475,0.97637982,0.19020495,0.329631923,0.087095113,0.666868077,0.087497747,0.982463177,0.012080772,0.967464083,0.024706231,0.97737747,0.002270269
max,max_jaccard,0.69279748,90,10000,0.670368077,0.087095113,0.9965,0.0015,0.651662981,0.08668368,0.48818991,0.095102475,0.97637982,0.19020495,0.329631923,0.087095113,0.666868077,0.087497747,0.982463177,0.012080772,0.967464083,0.024706231,0.97737747,0.002270269
max,max_sens_spec,0.12007534,90,10000,0.938421053,0.084366632,0.9635,0.013,0.3226706,0.058288248,0.193514039,0.041107011,0.387028078,0.082214023,0.061578947,0.084366632,0.901921053,0.074999243,0.982463177,0.012080772,0.967464083,0.024706231,0.97737747,0.002270269
max,max_sorensen,0.69279748,90,10000,0.670368077,0.087095113,0.9965,0.0015,0.651662981,0.08668368,0.48818991,0.095102475,0.97637982,0.19020495,0.329631923,0.087095113,0.666868077,0.087497747,0.982463177,0.012080772,0.967464083,0.024706231,0.97737747,0.002270269
max,sensitivity,0.15607987,90,10000,0.888195734,0.009885253,0.9108,0.084146153,0.236559659,0.135197142,0.139368763,0.085153381,0.278737526,0.170306763,0.111804266,0.009885253,0.798995734,0.075567392,0.982463177,0.012080772,0.967464083,0.024706231,0.97737747,0.002270269
max,equal_sens_spec,0.18384984,96,10000,0.844093567,0.035579761,0.8389,0.028944775,0.092594502,0.015761281,0.048601523,0.008590083,0.097203047,0.017180166,0.155906433,0.035579761,0.682993567,0.063874467,0.931667427,0.016685746,0.941325006,0.029111267,0.910677569,0.006193105
max,lpt,0.02429782,96,10000,1,0,0.6836,0.057802898,0.058750989,0.011308332,0.030292469,0.005995166,0.060584937,0.011990331,0,0,0.6836,0.057802898,0.931667427,0.016685746,0.941325006,0.029111267,0.910677569,0.006193105
max,max_fpb,0.95026486,96,10000,0.39497076,0.135950354,0.9912,0.014237275,0.388438931,0.107926903,0.245321569,0.080108071,0.490643139,0.160216143,0.60502924,0.135950354,0.38617076,0.124399705,0.931667427,0.016685746,0.941325006,0.029111267,0.910677569,0.006193105
max,max_jaccard,0.95026486,96,10000,0.39497076,0.135950354,0.9912,0.014237275,0.388438931,0.107926903,0.245321569,0.080108071,0.490643139,0.160216143,0.60502924,0.135950354,0.38617076,0.124399705,0.931667427,0.016685746,0.941325006,0.029111267,0.910677569,0.006193105
max,max_sens_spec,0.18173355,96,10000,0.947777778,0.072818055,0.7822,0.11106901,0.094968239,0.051735431,0.050487335,0.029281477,0.100974669,0.058562954,0.052222222,0.072818055,0.729977778,0.049493711,0.931667427,0.016685746,0.941325006,0.029111267,0.910677569,0.006193105
max,max_sorensen,0.95026486,96,10000,0.39497076,0.135950354,0.9912,0.014237275,0.388438931,0.107926903,0.245321569,0.080108071,0.490643139,0.160216143,0.60502924,0.135950354,0.38617076,0.124399705,0.931667427,0.016685746,0.941325006,0.029111267,0.910677569,0.006193105
max,sensitivity,0.11541574,96,10000,0.895672515,0.00461581,0.7404,0.038253104,0.062760489,0.008340138,0.032412124,0.004430085,0.064824248,0.00886017,0.104327485,0.00461581,0.636072515,0.039106062,0.931667427,0.016685746,0.941325006,0.029111267,0.910677569,0.006193105
max,equal_sens_spec,0.26383701,98,10000,0.836951073,0.013071151,0.8457,0.016300307,0.095894308,0.023657079,0.050490087,0.012901227,0.100980175,0.025802454,0.163048927,0.013071151,0.682651073,0.028004421,0.9329551,0.012715002,0.924049379,0.03841314,0.896268715,0.006626103
max,lpt,0.04016525,98,10000,1,0,0.7306,0.065048443,0.06812439,0.008627882,0.035279891,0.004632016,0.070559783,0.009264032,0,0,0.7306,0.065048443,0.9329551,0.012715002,0.924049379,0.03841314,0.896268715,0.006626103
max,max_fpb,0.97926678,98,10000,0.301563692,0.0437799,0.9945,0.01064777,0.379122257,0.117913268,0.23884058,0.085058698,0.477681159,0.170117396,0.698436308,0.0437799,0.296063692,0.040314497,0.9329551,0.012715002,0.924049379,0.03841314,0.896268715,0.006626103
max,max_jaccard,0.97926678,98,10000,0.301563692,0.0437799,0.9945,0.01064777,0.379122257,0.117913268,0.23884058,0.085058698,0.477681159,0.170117396,0.698436308,0.0437799,0.296063692,0.040314497,0.9329551,0.012715002,0.924049379,0.03841314,0.896268715,0.006626103
max,max_sens_spec,0.18100936,98,10000,0.953862918,0.031009277,0.8109,0.024815318,0.089375165,0.016346249,0.046838791,0.008885481,0.093677583,0.017770963,0.046137082,0.031009277,0.764762918,0.04734014,0.9329551,0.012715002,0.924049379,0.03841314,0.896268715,0.006626103
max,max_sorensen,0.97926678,98,10000,0.301563692,0.0437799,0.9945,0.01064777,0.379122257,0.117913268,0.23884058,0.085058698,0.477681159,0.170117396,0.698436308,0.0437799,0.296063692,0.040314497,0.9329551,0.012715002,0.924049379,0.03841314,0.896268715,0.006626103
max,sensitivity,0.21117368,98,10000,0.864868693,0.022306885,0.8278,0.030738006,0.090397095,0.023549501,0.04746483,0.012839789,0.09492966,0.025679577,0.135131307,0.022306885,0.692668693,0.037141454,0.9329551,0.012715002,0.924049379,0.03841314,0.896268715,0.006626103
max,equal_sens_spec,0.23508627,98,10000,0.824713225,0.02359808,0.8254,0.017615334,0.085195242,0.022938669,0.044614227,0.012658674,0.089228453,0.025317349,0.175286775,0.02359808,0.650113225,0.040804536,0.921887939,0.016517806,0.943411415,0.019698828,0.903857858,0.004450886
max,lpt,0.1302561,98,10000,1,0,0.7102,0.054743264,0.064160559,0.01082618,0.033169308,0.00576107,0.066338617,0.011522139,0,0,0.7102,0.054743264,0.921887939,0.016517806,0.943411415,0.019698828,0.903857858,0.004450886
max,max_fpb,0.98799182,98,10000,0.275134953,0.084595278,0.9996,2.24E-04,0.411985287,0.104300831,0.263705644,0.081347164,0.527411288,0.162694328,0.724865047,0.084595278,0.274734953,0.084643667,0.921887939,0.016517806,0.943411415,0.019698828,0.903857858,0.004450886
max,max_jaccard,0.98799182,98,10000,0.275134953,0.084595278,0.9996,2.24E-04,0.411985287,0.104300831,0.263705644,0.081347164,0.527411288,0.162694328,0.724865047,0.084595278,0.274734953,0.084643667,0.921887939,0.016517806,0.943411415,0.019698828,0.903857858,0.004450886
max,max_sens_spec,0.1302561,98,10000,0.959559154,0.045874127,0.7798,0.025565113,0.078419217,0.010840929,0.04083634,0.005893202,0.08167268,0.011786404,0.040440846,0.045874127,0.739359154,0.029212042,0.921887939,0.016517806,0.943411415,0.019698828,0.903857858,0.004450886
max,max_sorensen,0.98799182,98,10000,0.275134953,0.084595278,0.9996,2.24E-04,0.411985287,0.104300831,0.263705644,0.081347164,0.527411288,0.162694328,0.724865047,0.084595278,0.274734953,0.084643667,0.921887939,0.016517806,0.943411415,0.019698828,0.903857858,0.004450886
max,sensitivity,0.21656276,98,10000,0.887595592,0.008234047,0.7647,0.064824378,0.071094265,0.01707059,0.036921908,0.00912532,0.073843817,0.018250641,0.112404408,0.008234047,0.652295592,0.064000509,0.921887939,0.016517806,0.943411415,0.019698828,0.903857858,0.004450886
max,equal_sens_spec,0.24307904,101,10000,0.917287289,0.049276013,0.9143,0.043784415,0.229813262,0.158572277,0.138054913,0.114907784,0.276109825,0.229815568,0.082712711,0.049276013,0.831587289,0.092895463,0.9717248,0.01354431,0.960634303,0.033661234,0.936999215,0.006234502
max,lpt,0.04619731,101,10000,1,0,0.8383,0.099604593,0.185778643,0.182850193,0.112780266,0.128785016,0.225560532,0.257570033,0,0,0.8383,0.099604593,0.9717248,0.01354431,0.960634303,0.033661234,0.936999215,0.006234502
max,max_fpb,0.83640134,101,10000,0.519510238,0.177941904,0.9932,0.001753568,0.456634747,0.068891187,0.297881653,0.05636147,0.595763305,0.11272294,0.480489762,0.177941904,0.512710238,0.17626127,0.9717248,0.01354431,0.960634303,0.033661234,0.936999215,0.006234502
max,max_jaccard,0.83640134,101,10000,0.519510238,0.177941904,0.9932,0.001753568,0.456634747,0.068891187,0.297881653,0.05636147,0.595763305,0.11272294,0.480489762,0.177941904,0.512710238,0.17626127,0.9717248,0.01354431,0.960634303,0.033661234,0.936999215,0.006234502
max,max_sens_spec,0.14425822,101,10000,0.956126482,0.053257111,0.9107,0.06101803,0.245585811,0.160778677,0.148383452,0.114838577,0.296766903,0.229677153,0.043873518,0.053257111,0.866826482,0.070577335,0.9717248,0.01354431,0.960634303,0.033661234,0.936999215,0.006234502
max,max_sorensen,0.83640134,101,10000,0.519510238,0.177941904,0.9932,0.001753568,0.456634747,0.068891187,0.297881653,0.05636147,0.595763305,0.11272294,0.480489762,0.177941904,0.512710238,0.17626127,0.9717248,0.01354431,0.960634303,0.033661234,0.936999215,0.006234502
max,sensitivity,0.37338434,101,10000,0.8709293,0.014263357,0.9117,0.050422713,0.223397578,0.154718976,0.13337639,0.109653078,0.26675278,0.219306156,0.1290707,0.014263357,0.7826293,0.041538205,0.9717248,0.01354431,0.960634303,0.033661234,0.936999215,0.006234502
max,equal_sens_spec,0.34386289,103,10000,0.797581869,0.044543958,0.8003,0.039111379,0.077495506,0.01976535,0.040398021,0.010743422,0.080796041,0.021486845,0.202418131,0.044543958,0.597881869,0.083575523,0.906642809,0.02233782,0.906787445,0.021640901,0.856173156,0.007199326
max,lpt,0.00174134,103,10000,1,0,0.6431,0.162585516,0.061379453,0.020939974,0.031756664,0.011023986,0.063513329,0.022047973,0,0,0.6431,0.162585516,0.906642809,0.02233782,0.906787445,0.021640901,0.856173156,0.007199326
max,max_fpb,0.84095039,103,10000,0.304812155,0.174361472,0.9893,0.012070626,0.256294656,0.019867557,0.147101682,0.013045349,0.294203365,0.026090698,0.695187845,0.174361472,0.294112155,0.162569976,0.906642809,0.02233782,0.906787445,0.021640901,0.856173156,0.007199326
max,max_jaccard,0.84095039,103,10000,0.304812155,0.174361472,0.9893,0.012070626,0.256294656,0.019867557,0.147101682,0.013045349,0.294203365,0.026090698,0.695187845,0.174361472,0.294112155,0.162569976,0.906642809,0.02233782,0.906787445,0.021640901,0.856173156,0.007199326
max,max_sens_spec,0.23766515,103,10000,0.942780749,0.098416064,0.7676,0.071584216,0.082564452,0.028619675,0.043249043,0.015846219,0.086498086,0.031692437,0.057219251,0.098416064,0.710380749,0.035300395,0.906642809,0.02233782,0.906787445,0.021640901,0.856173156,0.007199326
max,max_sorensen,0.84095039,103,10000,0.304812155,0.174361472,0.9893,0.012070626,0.256294656,0.019867557,0.147101682,0.013045349,0.294203365,0.026090698,0.695187845,0.174361472,0.294112155,0.162569976,0.906642809,0.02233782,0.906787445,0.021640901,0.856173156,0.007199326
max,sensitivity,0.2919888,103,10000,0.87440421,0.013399645,0.7507,0.033892477,0.0674085,0.009528367,0.034900019,0.005113783,0.069800039,0.010227565,0.12559579,0.013399645,0.62510421,0.033329534,0.906642809,0.02233782,0.906787445,0.021640901,0.856173156,0.007199326
max,equal_sens_spec,0.27341724,103,10000,0.883868763,0.043405579,0.8897,0.035674921,0.151888128,0.05310649,0.082910342,0.031534275,0.165820684,0.06306855,0.116131237,0.043405579,0.773568763,0.078673499,0.949937867,0.017871811,0.883014199,0.069228002,0.916489698,0.004285401
max,lpt,0.06575261,103,10000,1,0,0.7675,0.136925618,0.095223202,0.032344502,0.050229137,0.017472188,0.100458274,0.034944375,0,0,0.7675,0.136925618,0.949937867,0.017871811,0.883014199,0.069228002,0.916489698,0.004285401
max,max_fpb,0.77007697,103,10000,0.538254728,0.187774559,0.9772,0.01045586,0.287099961,0.03302763,0.167956349,0.022425463,0.335912698,0.044850926,0.461745272,0.187774559,0.515454728,0.178560757,0.949937867,0.017871811,0.883014199,0.069228002,0.916489698,0.004285401
max,max_jaccard,0.77007697,103,10000,0.538254728,0.187774559,0.9772,0.01045586,0.287099961,0.03302763,0.167956349,0.022425463,0.335912698,0.044850926,0.461745272,0.187774559,0.515454728,0.178560757,0.949937867,0.017871811,0.883014199,0.069228002,0.916489698,0.004285401
max,max_sens_spec,0.06575261,103,10000,0.96076555,0.039076588,0.8696,0.063507283,0.155922272,0.07246971,0.085911692,0.043219882,0.171823385,0.086439765,0.03923445,0.039076588,0.83036555,0.045654325,0.949937867,0.017871811,0.883014199,0.069228002,0.916489698,0.004285401
max,max_sorensen,0.77007697,103,10000,0.538254728,0.187774559,0.9772,0.01045586,0.287099961,0.03302763,0.167956349,0.022425463,0.335912698,0.044850926,0.461745272,0.187774559,0.515454728,0.178560757,0.949937867,0.017871811,0.883014199,0.069228002,0.916489698,0.004285401
max,sensitivity,0.18115229,103,10000,0.864251538,0.01917747,0.8878,0.05324777,0.154919627,0.061937067,0.084946505,0.036606617,0.169893009,0.073213235,0.135748462,0.01917747,0.752051538,0.039853721,0.949937867,0.017871811,0.883014199,0.069228002,0.916489698,0.004285401
max,equal_sens_spec,0.33312606,114,10000,0.807841827,0.030748757,0.8144,0.025015995,0.089993613,0.015737134,0.047173865,0.008639668,0.094347729,0.017279336,0.192158173,0.030748757,0.622241827,0.054408104,0.907473532,0.016081043,0.867369805,0.074208671,0.873772212,0.004830862
max,lpt,0.00732073,114,10000,1,0,0.6641,0.110496833,0.067625563,0.019191655,0.035077409,0.010234402,0.070154818,0.020468804,0,0,0.6641,0.110496833,0.907473532,0.016081043,0.867369805,0.074208671,0.873772212,0.004830862
max,max_fpb,0.94983239,114,10000,0.290192147,0.090657211,0.9991,0.001341641,0.412445389,0.06908074,0.261682762,0.054136738,0.523365523,0.108273476,0.709807853,0.090657211,0.289292147,0.089426766,0.907473532,0.016081043,0.867369805,0.074208671,0.873772212,0.004830862
max,max_jaccard,0.94983239,114,10000,0.290192147,0.090657211,0.9991,0.001341641,0.412445389,0.06908074,0.261682762,0.054136738,0.523365523,0.108273476,0.709807853,0.090657211,0.289292147,0.089426766,0.907473532,0.016081043,0.867369805,0.074208671,0.873772212,0.004830862
max,max_sens_spec,0.23561235,114,10000,0.957777778,0.04456773,0.7485,0.0255196,0.079779891,0.012491974,0.041582791,0.006826489,0.083165582,0.013652977,0.042222222,0.04456773,0.706277778,0.048127292,0.907473532,0.016081043,0.867369805,0.074208671,0.873772212,0.004830862
max,max_sorensen,0.94983239,114,10000,0.290192147,0.090657211,0.9991,0.001341641,0.412445389,0.06908074,0.261682762,0.054136738,0.523365523,0.108273476,0.709807853,0.090657211,0.289292147,0.089426766,0.907473532,0.016081043,0.867369805,0.074208671,0.873772212,0.004830862
max,sensitivity,0.28527247,114,10000,0.885931495,0.016746156,0.7488,0.06735039,0.077585494,0.021608475,0.040463426,0.011684569,0.080926851,0.023369139,0.114068505,0.016746156,0.634731495,0.055249801,0.907473532,0.016081043,0.867369805,0.074208671,0.873772212,0.004830862
max,equal_sens_spec,0.07428226,115,10000,0.899793602,0.048036749,0.901,0.046509408,0.190904317,0.074672777,0.106991378,0.044433467,0.213982755,0.088866933,0.100206398,0.048036749,0.800793602,0.093626423,0.969254252,0.023464774,0.967174406,0.032276644,0.966023518,0.003625432
max,lpt,0.01295025,115,10000,1,0,0.7897,0.103756687,0.120445547,0.06481694,0.0650936,0.036673672,0.1301872,0.073347344,0,0,0.7897,0.103756687,0.969254252,0.023464774,0.967174406,0.032276644,0.966023518,0.003625432
max,max_fpb,0.91002625,115,10000,0.549886481,0.117175235,0.9982,8.37E-04,0.635868036,0.111012548,0.473310924,0.110367484,0.946621849,0.220734968,0.450113519,0.117175235,0.548086481,0.1171429,0.969254252,0.023464774,0.967174406,0.032276644,0.966023518,0.003625432
max,max_jaccard,0.91002625,115,10000,0.549886481,0.117175235,0.9982,8.37E-04,0.635868036,0.111012548,0.473310924,0.110367484,0.946621849,0.220734968,0.450113519,0.117175235,0.548086481,0.1171429,0.969254252,0.023464774,0.967174406,0.032276644,0.966023518,0.003625432
max,max_sens_spec,0.0627063,115,10000,0.952610939,0.04360195,0.8848,0.04449101,0.171795657,0.063632144,0.095020695,0.037773859,0.19004139,0.075547719,0.047389061,0.04360195,0.837410939,0.08313654,0.969254252,0.023464774,0.967174406,0.032276644,0.966023518,0.003625432
max,max_sorensen,0.91002625,115,10000,0.549886481,0.117175235,0.9982,8.37E-04,0.635868036,0.111012548,0.473310924,0.110367484,0.946621849,0.220734968,0.450113519,0.117175235,0.548086481,0.1171429,0.969254252,0.023464774,0.967174406,0.032276644,0.966023518,0.003625432
max,sensitivity,0.08075062,115,10000,0.894365325,0.00721236,0.8754,0.098804985,0.184129492,0.088454273,0.103446069,0.05254453,0.206892138,0.105089059,0.105634675,0.00721236,0.769765325,0.104836377,0.969254252,0.023464774,0.967174406,0.032276644,0.966023518,0.003625432
max,equal_sens_spec,0.2521582,119,10000,0.833977671,0.048413999,0.8372,0.049393319,0.11277105,0.037224819,0.060086453,0.021017329,0.120172906,0.042034657,0.166022329,0.048413999,0.671177671,0.097705778,0.93185922,0.022705913,0.914565646,0.049068522,0.897880323,0.010737224
max,lpt,0.07201514,119,10000,1,0,0.7307,0.084741961,0.084044146,0.017997253,0.043938957,0.009790277,0.087877914,0.019580554,0,0,0.7307,0.084741961,0.93185922,0.022705913,0.914565646,0.049068522,0.897880323,0.010737224
max,max_fpb,0.95431018,119,10000,0.283551834,0.072789776,0.9964,0.001635543,0.356241409,0.088002427,0.219378076,0.062010963,0.438756151,0.124021927,0.716448166,0.072789776,0.279951834,0.07241336,0.93185922,0.022705913,0.914565646,0.049068522,0.897880323,0.010737224
max,max_jaccard,0.95431018,119,10000,0.283551834,0.072789776,0.9964,0.001635543,0.356241409,0.088002427,0.219378076,0.062010963,0.438756151,0.124021927,0.716448166,0.072789776,0.279951834,0.07241336,0.93185922,0.022705913,0.914565646,0.049068522,0.897880323,0.010737224
max,max_sens_spec,0.1887908,119,10000,0.965151515,0.047793365,0.7983,0.068809156,0.107288849,0.037461616,0.057022344,0.021289869,0.114044688,0.042579739,0.034848485,0.047793365,0.763451515,0.0580912,0.93185922,0.022705913,0.914565646,0.049068522,0.897880323,0.010737224
max,max_sorensen,0.95431018,119,10000,0.283551834,0.072789776,0.9964,0.001635543,0.356241409,0.088002427,0.219378076,0.062010963,0.438756151,0.124021927,0.716448166,0.072789776,0.279951834,0.07241336,0.93185922,0.022705913,0.914565646,0.049068522,0.897880323,0.010737224
max,sensitivity,0.19491621,119,10000,0.883482722,0.008093351,0.8099,0.065799316,0.104302196,0.036486866,0.055338096,0.020630166,0.110676193,0.041260332,0.116517278,0.008093351,0.693382722,0.068459248,0.93185922,0.022705913,0.914565646,0.049068522,0.897880323,0.010737224
max,equal_sens_spec,0.24756999,121,10000,0.927917834,0.023970547,0.9338,0.016574076,0.253774676,0.046195555,0.145970007,0.030360818,0.291940015,0.060721635,0.072082166,0.023970547,0.861717834,0.039943196,0.981259749,0.007185158,0.949267383,0.032127317,0.960911472,0.002436851
max,lpt,0.04823035,121,10000,1,0,0.9074,0.022851149,0.213721053,0.065159862,0.120882853,0.042400686,0.241765707,0.084801371,0,0,0.9074,0.022851149,0.981259749,0.007185158,0.949267383,0.032127317,0.960911472,0.002436851
max,max_fpb,0.73174983,121,10000,0.4970277,0.072238942,0.9974,9.62E-04,0.575833519,0.085504424,0.408446395,0.08573903,0.816892789,0.171478061,0.5029723,0.072238942,0.4944277,0.072823111,0.981259749,0.007185158,0.949267383,0.032127317,0.960911472,0.002436851
max,max_jaccard,0.73174983,121,10000,0.4970277,0.072238942,0.9974,9.62E-04,0.575833519,0.085504424,0.408446395,0.08573903,0.816892789,0.171478061,0.5029723,0.072238942,0.4944277,0.072823111,0.981259749,0.007185158,0.949267383,0.032127317,0.960911472,0.002436851
max,max_sens_spec,0.10911873,121,10000,0.985714286,0.031943828,0.9236,0.030449548,0.259806116,0.113140283,0.153344094,0.077870236,0.306688187,0.155740472,0.014285714,0.031943828,0.909314286,0.020815798,0.981259749,0.007185158,0.949267383,0.032127317,0.960911472,0.002436851
max,max_sorensen,0.73174983,121,10000,0.4970277,0.072238942,0.9974,9.62E-04,0.575833519,0.085504424,0.408446395,0.08573903,0.816892789,0.171478061,0.5029723,0.072238942,0.4944277,0.072823111,0.981259749,0.007185158,0.949267383,0.032127317,0.960911472,0.002436851
max,sensitivity,0.28511195,121,10000,0.882819795,0.014982103,0.9444,0.022286206,0.285500578,0.086981664,0.169013854,0.061452552,0.338027708,0.122905104,0.117180205,0.014982103,0.827219795,0.026219585,0.981259749,0.007185158,0.949267383,0.032127317,0.960911472,0.002436851
max,equal_sens_spec,0.05303969,122,10000,0.96547619,0.035315231,0.961,0.02317326,0.423384535,0.188847527,0.283680844,0.158149865,0.567361688,0.316299731,0.03452381,0.035315231,0.92647619,0.057978845,0.992030154,0.006568447,0.92749342,0.058657338,0.986877022,0.001147936
max,lpt,0.0108784,122,10000,1,0,0.942,0.051767509,0.397194179,0.224342591,0.267778179,0.178762579,0.535556357,0.357525158,0,0,0.942,0.051767509,0.992030154,0.006568447,0.92749342,0.058657338,0.986877022,0.001147936
max,max_fpb,0.54826199,122,10000,0.798463573,0.096532615,0.9988,9.08E-04,0.839945282,0.047464674,0.726347794,0.070015018,1.452695588,0.140030036,0.201536427,0.096532615,0.797263573,0.095887427,0.992030154,0.006568447,0.92749342,0.058657338,0.986877022,0.001147936
max,max_jaccard,0.54826199,122,10000,0.798463573,0.096532615,0.9988,9.08E-04,0.839945282,0.047464674,0.726347794,0.070015018,1.452695588,0.140030036,0.201536427,0.096532615,0.797263573,0.095887427,0.992030154,0.006568447,0.92749342,0.058657338,0.986877022,0.001147936
max,max_sens_spec,0.02768231,122,10000,0.99047619,0.021295885,0.9579,0.027996428,0.42165117,0.19270646,0.28278607,0.160303312,0.56557214,0.320606624,0.00952381,0.021295885,0.94837619,0.040198087,0.992030154,0.006568447,0.92749342,0.058657338,0.986877022,0.001147936
max,max_sorensen,0.54826199,122,10000,0.798463573,0.096532615,0.9988,9.08E-04,0.839945282,0.047464674,0.726347794,0.070015018,1.452695588,0.140030036,0.201536427,0.096532615,0.797263573,0.095887427,0.992030154,0.006568447,0.92749342,0.058657338,0.986877022,0.001147936
max,sensitivity,0.11797064,122,10000,0.867796093,0.022808245,0.9689,0.025545058,0.489721945,0.286355656,0.367678544,0.287938663,0.735357089,0.575877326,0.132203907,0.022808245,0.836696093,0.047302725,0.992030154,0.006568447,0.92749342,0.058657338,0.986877022,0.001147936
max,equal_sens_spec,0.36978034,136,10000,0.868771604,0.017932335,0.8719,0.020119642,0.154602748,0.013977308,0.08382712,0.008190835,0.16765424,0.01638167,0.131228396,0.017932335,0.740671604,0.037357399,0.946876189,0.00567215,0.901845496,0.057806774,0.901997898,0.003510772
max,lpt,0.09257832,136,10000,1,0,0.8082,0.045985867,0.127768834,0.024658942,0.068393101,0.014135991,0.136786203,0.028271982,0,0,0.8082,0.045985867,0.946876189,0.00567215,0.901845496,0.057806774,0.901997898,0.003510772
max,max_fpb,0.79110248,136,10000,0.445303269,0.160644916,0.9745,0.015692355,0.269701179,0.026094878,0.156080116,0.01743992,0.312160232,0.034879839,0.554696731,0.160644916,0.419803269,0.145361286,0.946876189,0.00567215,0.901845496,0.057806774,0.901997898,0.003510772
max,max_jaccard,0.79110248,136,10000,0.445303269,0.160644916,0.9745,0.015692355,0.269701179,0.026094878,0.156080116,0.01743992,0.312160232,0.034879839,0.554696731,0.160644916,0.419803269,0.145361286,0.946876189,0.00567215,0.901845496,0.057806774,0.901997898,0.003510772
max,max_sens_spec,0.14150257,136,10000,0.971404467,0.028076227,0.849,0.02034699,0.148710982,0.007480396,0.080342433,0.004358367,0.160684866,0.008716734,0.028595533,0.028076227,0.820404467,0.040425364,0.946876189,0.00567215,0.901845496,0.057806774,0.901997898,0.003510772
max,max_sorensen,0.79110248,136,10000,0.445303269,0.160644916,0.9745,0.015692355,0.269701179,0.026094878,0.156080116,0.01743992,0.312160232,0.034879839,0.554696731,0.160644916,0.419803269,0.145361286,0.946876189,0.00567215,0.901845496,0.057806774,0.901997898,0.003510772
max,sensitivity,0.36001416,136,10000,0.875223217,0.00669443,0.8652,0.024417207,0.149585426,0.013709062,0.080886391,0.008017622,0.161772782,0.016035245,0.124776783,0.00669443,0.740423217,0.027296278,0.946876189,0.00567215,0.901845496,0.057806774,0.901997898,0.003510772
max,equal_sens_spec,0.34441806,138,10000,0.860087719,0.024207692,0.8612,0.020351904,0.146760584,0.040968404,0.079610166,0.023680475,0.159220332,0.04736095,0.139912281,0.024207692,0.721287719,0.044143115,0.939034088,0.007547044,0.854401339,0.037908274,0.895798544,0.004172797
max,lpt,0.10612147,138,10000,1,0,0.8049,0.045040815,0.130068421,0.049439186,0.070163246,0.028624494,0.140326491,0.057248987,0,0,0.8049,0.045040815,0.939034088,0.007547044,0.854401339,0.037908274,0.895798544,0.004172797
max,max_fpb,0.78409294,138,10000,0.461976817,0.132197769,0.9755,0.011034038,0.28635779,0.05086475,0.167931585,0.034823036,0.335863171,0.069646072,0.538023183,0.132197769,0.437476817,0.122519631,0.939034088,0.007547044,0.854401339,0.037908274,0.895798544,0.004172797
max,max_jaccard,0.78409294,138,10000,0.461976817,0.132197769,0.9755,0.011034038,0.28635779,0.05086475,0.167931585,0.034823036,0.335863171,0.069646072,0.538023183,0.132197769,0.437476817,0.122519631,0.939034088,0.007547044,0.854401339,0.037908274,0.895798544,0.004172797
max,max_sens_spec,0.24249269,138,10000,0.992857143,0.015971914,0.8228,0.034587931,0.138688241,0.046767432,0.075054301,0.027031625,0.150108602,0.05406325,0.007142857,0.015971914,0.815657143,0.03382727,0.939034088,0.007547044,0.854401339,0.037908274,0.895798544,0.004172797
max,max_sorensen,0.78409294,138,10000,0.461976817,0.132197769,0.9755,0.011034038,0.28635779,0.05086475,0.167931585,0.034823036,0.335863171,0.069646072,0.538023183,0.132197769,0.437476817,0.122519631,0.939034088,0.007547044,0.854401339,0.037908274,0.895798544,0.004172797
max,sensitivity,0.33653792,138,10000,0.884661654,0.00944032,0.8468,0.019565914,0.138384998,0.039541914,0.074722777,0.022763651,0.149445554,0.045527302,0.115338346,0.00944032,0.731461654,0.018790723,0.939034088,0.007547044,0.854401339,0.037908274,0.895798544,0.004172797
max,equal_sens_spec,0.44236076,138,10000,0.842668309,0.032902928,0.849,0.025622256,0.132677946,0.026748635,0.07123035,0.015518274,0.1424607,0.031036549,0.157331691,0.032902928,0.691668309,0.056072372,0.921267233,0.01803928,0.834016663,0.096235301,0.873322955,0.009779884
max,lpt,0.1398221,138,10000,1,0,0.761,0.025347584,0.103120674,0.016003073,0.054423458,0.008909244,0.108846917,0.017818489,0,0,0.761,0.025347584,0.921267233,0.01803928,0.834016663,0.096235301,0.873322955,0.009779884
max,max_fpb,0.85728668,138,10000,0.318940887,0.109705524,0.9797,0.018569464,0.251528982,0.062823157,0.145063783,0.042021118,0.290127566,0.084042235,0.681059113,0.109705524,0.298640887,0.097794689,0.921267233,0.01803928,0.834016663,0.096235301,0.873322955,0.009779884
max,max_jaccard,0.85728668,138,10000,0.318940887,0.109705524,0.9797,0.018569464,0.251528982,0.062823157,0.145063783,0.042021118,0.290127566,0.084042235,0.681059113,0.109705524,0.298640887,0.097794689,0.921267233,0.01803928,0.834016663,0.096235301,0.873322955,0.009779884
max,max_sens_spec,0.25867303,138,10000,0.99,0.02236068,0.7725,0.044651428,0.107568324,0.012437971,0.056877853,0.006947215,0.113755706,0.013894431,0.01,0.02236068,0.7625,0.02727178,0.921267233,0.01803928,0.834016663,0.096235301,0.873322955,0.009779884
max,max_sorensen,0.85728668,138,10000,0.318940887,0.109705524,0.9797,0.018569464,0.251528982,0.062823157,0.145063783,0.042021118,0.290127566,0.084042235,0.681059113,0.109705524,0.298640887,0.097794689,0.921267233,0.01803928,0.834016663,0.096235301,0.873322955,0.009779884
max,sensitivity,0.38485658,138,10000,0.891453202,0.010905657,0.8188,0.02942278,0.118748063,0.018174004,0.063201359,0.010290629,0.126402718,0.020581258,0.108546798,0.010905657,0.710253202,0.03004107,0.921267233,0.01803928,0.834016663,0.096235301,0.873322955,0.009779884
max,equal_sens_spec,0.17702809,141,10000,0.965770896,0.023766365,0.9589,0.019494871,0.421816282,0.114946062,0.272654966,0.092338761,0.545309933,0.184677521,0.034229104,0.023766365,0.924670896,0.042029436,0.991411419,0.00241713,0.955494195,0.023863934,0.97649545,0.001928845
max,lpt,0.05613126,141,10000,1,0,0.9481,0.026359059,0.388521536,0.130768394,0.247895481,0.104777007,0.495790963,0.209554015,0,0,0.9481,0.026359059,0.991411419,0.00241713,0.955494195,0.023863934,0.97649545,0.001928845
max,max_fpb,0.48127745,141,10000,0.649034299,0.08994239,0.9958,0.003510698,0.666747994,0.053858197,0.502121212,0.062834048,1.004242424,0.125668095,0.350965701,0.08994239,0.644834299,0.087010046,0.991411419,0.00241713,0.955494195,0.023863934,0.97649545,0.001928845
max,max_jaccard,0.48127745,141,10000,0.649034299,0.08994239,0.9958,0.003510698,0.666747994,0.053858197,0.502121212,0.062834048,1.004242424,0.125668095,0.350965701,0.08994239,0.644834299,0.087010046,0.991411419,0.00241713,0.955494195,0.023863934,0.97649545,0.001928845
max,max_sens_spec,0.16990064,141,10000,0.993939394,0.013551927,0.9546,0.024572342,0.415533562,0.126661206,0.268680043,0.100558257,0.537360086,0.201116514,0.006060606,0.013551927,0.948539394,0.02598718,0.991411419,0.00241713,0.955494195,0.023863934,0.97649545,0.001928845
max,max_sorensen,0.48127745,141,10000,0.649034299,0.08994239,0.9958,0.003510698,0.666747994,0.053858197,0.502121212,0.062834048,1.004242424,0.125668095,0.350965701,0.08994239,0.644834299,0.087010046,0.991411419,0.00241713,0.955494195,0.023863934,0.97649545,0.001928845
max,sensitivity,0.29914551,141,10000,0.886252081,0.010218054,0.9708,0.019845025,0.481928266,0.118150739,0.323509448,0.097240304,0.647018897,0.194480608,0.113747919,0.010218054,0.857052081,0.013580315,0.991411419,0.00241713,0.955494195,0.023863934,0.97649545,0.001928845
max,equal_sens_spec,0.3043528,142,10000,0.849498509,0.01849725,0.8451,0.018015271,0.134880259,0.036828087,0.072645495,0.020783435,0.145290989,0.041566871,0.150501491,0.01849725,0.694598509,0.035803899,0.922617045,0.01645666,0.84754332,0.080433582,0.874065966,0.007248844
max,lpt,0.08416464,142,10000,1,0,0.748,0.050452948,0.103898096,0.029570607,0.054998514,0.016262686,0.109997028,0.032525372,0,0,0.748,0.050452948,0.922617045,0.01645666,0.84754332,0.080433582,0.874065966,0.007248844
max,max_fpb,0.86115311,142,10000,0.268837083,0.078637365,0.9859,0.009509206,0.235664919,0.056349442,0.134481031,0.035613265,0.268962063,0.07122653,0.731162917,0.078637365,0.254737083,0.070889349,0.922617045,0.01645666,0.84754332,0.080433582,0.874065966,0.007248844
max,max_jaccard,0.86115311,142,10000,0.268837083,0.078637365,0.9859,0.009509206,0.235664919,0.056349442,0.134481031,0.035613265,0.268962063,0.07122653,0.731162917,0.078637365,0.254737083,0.070889349,0.922617045,0.01645666,0.84754332,0.080433582,0.874065966,0.007248844
max,max_sens_spec,0.17075694,142,10000,0.994285714,0.012777531,0.7658,0.03820602,0.110132952,0.031960972,0.058513573,0.017597283,0.117027147,0.035194566,0.005714286,0.012777531,0.760085714,0.038248729,0.922617045,0.01645666,0.84754332,0.080433582,0.874065966,0.007248844
max,max_sorensen,0.86115311,142,10000,0.268837083,0.078637365,0.9859,0.009509206,0.235664919,0.056349442,0.134481031,0.035613265,0.268962063,0.07122653,0.731162917,0.078637365,0.254737083,0.070889349,0.922617045,0.01645666,0.84754332,0.080433582,0.874065966,0.007248844
max,sensitivity,0.2541178,142,10000,0.880571971,0.009552789,0.8037,0.052434006,0.118526375,0.039928744,0.06337247,0.022143439,0.12674494,0.044286878,0.119428029,0.009552789,0.684271971,0.05422546,0.922617045,0.01645666,0.84754332,0.080433582,0.874065966,0.007248844
max,equal_sens_spec,0.28989212,142,10000,0.817237386,0.017497912,0.8152,0.022120692,0.110920626,0.015511165,0.058774321,0.008762499,0.117548642,0.017524998,0.182762614,0.017497912,0.632437386,0.039033154,0.913587967,0.012418664,0.856108026,0.077259493,0.871523166,0.006372341
max,lpt,0.13486652,142,10000,1,0,0.7076,0.03303483,0.088856019,0.0094121,0.046513926,0.005151745,0.093027853,0.01030349,0,0,0.7076,0.03303483,0.913587967,0.012418664,0.856108026,0.077259493,0.871523166,0.006372341
max,max_fpb,0.9833921,142,10000,0.291000827,0.058569976,0.9958,0.005815926,0.3780072,0.07092044,0.23496538,0.054740322,0.46993076,0.109480645,0.708999173,0.058569976,0.286800827,0.055627177,0.913587967,0.012418664,0.856108026,0.077259493,0.871523166,0.006372341
max,max_jaccard,0.9833921,142,10000,0.291000827,0.058569976,0.9958,0.005815926,0.3780072,0.07092044,0.23496538,0.054740322,0.46993076,0.109480645,0.708999173,0.058569976,0.286800827,0.055627177,0.913587967,0.012418664,0.856108026,0.077259493,0.871523166,0.006372341
max,max_sens_spec,0.18333456,142,10000,0.965430108,0.033043529,0.7593,0.036337997,0.103321488,0.017269548,0.054545689,0.009709858,0.109091377,0.019419716,0.034569892,0.033043529,0.724730108,0.029163048,0.913587967,0.012418664,0.856108026,0.077259493,0.871523166,0.006372341
max,max_sorensen,0.9833921,142,10000,0.291000827,0.058569976,0.9958,0.005815926,0.3780072,0.07092044,0.23496538,0.054740322,0.46993076,0.109480645,0.708999173,0.058569976,0.286800827,0.055627177,0.913587967,0.012418664,0.856108026,0.077259493,0.871523166,0.006372341
max,sensitivity,0.25669272,142,10000,0.880310174,0.012338802,0.7836,0.030038309,0.103512497,0.012468991,0.054617923,0.006988472,0.109235846,0.013976943,0.119689826,0.012338802,0.663910174,0.024259674,0.913587967,0.012418664,0.856108026,0.077259493,0.871523166,0.006372341
max,equal_sens_spec,0.12412963,144,10000,0.847895001,0.033248813,0.8472,0.025151044,0.138355188,0.023246071,0.074454208,0.013556575,0.148908417,0.027113149,0.152104999,0.033248813,0.695095001,0.057549793,0.946477456,0.010256541,0.972880626,0.016143855,0.943077695,0.002434187
max,lpt,0.01877879,144,10000,1,0,0.6833,0.061101964,0.085156619,0.013679112,0.044514198,0.007410726,0.089028395,0.014821452,0,0,0.6833,0.061101964,0.946477456,0.010256541,0.972880626,0.016143855,0.943077695,0.002434187
max,max_fpb,0.80846463,144,10000,0.499726327,0.046057983,0.9975,0.001369306,0.597708604,0.058050645,0.428185833,0.058868691,0.856371666,0.117737381,0.500273673,0.046057983,0.497226327,0.046385411,0.946477456,0.010256541,0.972880626,0.016143855,0.943077695,0.002434187
max,max_jaccard,0.80846463,144,10000,0.499726327,0.046057983,0.9975,0.001369306,0.597708604,0.058050645,0.428185833,0.058868691,0.856371666,0.117737381,0.500273673,0.046057983,0.497226327,0.046385411,0.946477456,0.010256541,0.972880626,0.016143855,0.943077695,0.002434187
max,max_sens_spec,0.08545167,144,10000,0.909156632,0.07034212,0.8416,0.078034768,0.171149518,0.093472778,0.096017828,0.059565452,0.192035656,0.119130904,0.090843368,0.07034212,0.750756632,0.034113808,0.946477456,0.010256541,0.972880626,0.016143855,0.943077695,0.002434187
max,max_sorensen,0.80846463,144,10000,0.499726327,0.046057983,0.9975,0.001369306,0.597708604,0.058050645,0.428185833,0.058868691,0.856371666,0.117737381,0.500273673,0.046057983,0.497226327,0.046385411,0.946477456,0.010256541,0.972880626,0.016143855,0.943077695,0.002434187
max,sensitivity,0.09878993,144,10000,0.88923098,0.008404303,0.8135,0.038294908,0.122941256,0.022865622,0.065623799,0.013036531,0.131247598,0.026073062,0.11076902,0.008404303,0.70273098,0.044603577,0.946477456,0.010256541,0.972880626,0.016143855,0.943077695,0.002434187
max,equal_sens_spec,0.11962328,147,10000,0.877736997,0.018707047,0.878,0.019222383,0.174339428,0.035948624,0.095836173,0.021731847,0.191672345,0.043463694,0.122263003,0.018707047,0.755736997,0.037849317,0.960375627,0.009407969,0.955413731,0.028450852,0.947229594,0.003484717
max,lpt,0.0404204,147,10000,1,0,0.7635,0.04728504,0.113353796,0.030981002,0.060315988,0.017798595,0.120631975,0.03559719,0,0,0.7635,0.04728504,0.960375627,0.009407969,0.955413731,0.028450852,0.947229594,0.003484717
max,max_fpb,0.85616602,147,10000,0.487581822,0.077966884,0.9976,9.62E-04,0.588854029,0.056499578,0.419104171,0.056717848,0.838208343,0.113435697,0.512418178,0.077966884,0.485181822,0.077109397,0.960375627,0.009407969,0.955413731,0.028450852,0.947229594,0.003484717
max,max_jaccard,0.85616602,147,10000,0.487581822,0.077966884,0.9976,9.62E-04,0.588854029,0.056499578,0.419104171,0.056717848,0.838208343,0.113435697,0.512418178,0.077966884,0.485181822,0.077109397,0.960375627,0.009407969,0.955413731,0.028450852,0.947229594,0.003484717
max,max_sens_spec,0.08843336,147,10000,0.932611833,0.050387283,0.8556,0.045380888,0.16610932,0.042458765,0.091037567,0.024840574,0.182075134,0.049681148,0.067388167,0.050387283,0.788211833,0.027421978,0.960375627,0.009407969,0.955413731,0.028450852,0.947229594,0.003484717
max,max_sorensen,0.85616602,147,10000,0.487581822,0.077966884,0.9976,9.62E-04,0.588854029,0.056499578,0.419104171,0.056717848,0.838208343,0.113435697,0.512418178,0.077966884,0.485181822,0.077109397,0.960375627,0.009407969,0.955413731,0.028450852,0.947229594,0.003484717
max,sensitivity,0.11301329,147,10000,0.883797603,0.009507573,0.8494,0.025148062,0.149763199,0.045958617,0.081489993,0.027543877,0.162979985,0.055087754,0.116202397,0.009507573,0.733197603,0.027999283,0.960375627,0.009407969,0.955413731,0.028450852,0.947229594,0.003484717
max,equal_sens_spec,0.36470643,149,10000,0.840481278,0.030488686,0.8428,0.031115912,0.138170155,0.023923291,0.074353427,0.013756648,0.148706855,0.027513296,0.159518722,0.030488686,0.683281278,0.061515391,0.923249384,0.021671014,0.918704857,0.042425424,0.870810437,0.008188799
max,lpt,0.03779646,149,10000,1,0,0.6771,0.086856491,0.088766144,0.022917134,0.04656552,0.012625413,0.09313104,0.025250826,0,0,0.6771,0.086856491,0.923249384,0.021671014,0.918704857,0.042425424,0.870810437,0.008188799
max,max_fpb,0.93160271,149,10000,0.283661477,0.052179226,0.9941,0.004021816,0.341470547,0.076241403,0.207818673,0.052518877,0.415637347,0.105037754,0.716338523,0.052179226,0.277761477,0.053619521,0.923249384,0.021671014,0.918704857,0.042425424,0.870810437,0.008188799
max,max_jaccard,0.93160271,149,10000,0.283661477,0.052179226,0.9941,0.004021816,0.341470547,0.076241403,0.207818673,0.052518877,0.415637347,0.105037754,0.716338523,0.052179226,0.277761477,0.053619521,0.923249384,0.021671014,0.918704857,0.042425424,0.870810437,0.008188799
max,max_sens_spec,0.37204289,149,10000,0.925330688,0.055996885,0.8047,0.043911274,0.125157201,0.017065751,0.066827507,0.009805521,0.133655013,0.019611042,0.074669312,0.055996885,0.730030688,0.05800285,0.923249384,0.021671014,0.918704857,0.042425424,0.870810437,0.008188799
max,max_sorensen,0.93160271,149,10000,0.283661477,0.052179226,0.9941,0.004021816,0.341470547,0.076241403,0.207818673,0.052518877,0.415637347,0.105037754,0.716338523,0.052179226,0.277761477,0.053619521,0.923249384,0.021671014,0.918704857,0.042425424,0.870810437,0.008188799
max,sensitivity,0.27250304,149,10000,0.886050061,0.006830381,0.7812,0.053983331,0.111230678,0.026396999,0.059056641,0.014855706,0.118113283,0.029711413,0.113949939,0.006830381,0.667250061,0.052613062,0.923249384,0.021671014,0.918704857,0.042425424,0.870810437,0.008188799
max,equal_sens_spec,0.11941914,151,10000,0.87382474,0.029328006,0.8726,0.026742756,0.173832533,0.034168959,0.095493068,0.020261436,0.190986136,0.040522872,0.12617526,0.029328006,0.74642474,0.055433853,0.953793862,0.016079854,0.949467817,0.021573121,0.943370805,0.006043199
max,lpt,0.01553948,151,10000,1,0,0.6369,0.121979199,0.083606256,0.028013906,0.043806307,0.015344268,0.087612613,0.030688535,0,0,0.6369,0.121979199,0.953793862,0.016079854,0.949467817,0.021573121,0.943370805,0.006043199
max,max_fpb,0.83310013,151,10000,0.557108379,0.048582735,0.9937,9.75E-04,0.563859107,0.037702895,0.393381304,0.036206941,0.786762608,0.072413882,0.442891621,0.048582735,0.550808379,0.048581684,0.953793862,0.016079854,0.949467817,0.021573121,0.943370805,0.006043199
max,max_jaccard,0.83310013,151,10000,0.557108379,0.048582735,0.9937,9.75E-04,0.563859107,0.037702895,0.393381304,0.036206941,0.786762608,0.072413882,0.442891621,0.048582735,0.550808379,0.048581684,0.953793862,0.016079854,0.949467817,0.021573121,0.943370805,0.006043199
max,max_sens_spec,0.21891153,151,10000,0.840161507,0.052512567,0.9498,0.033988233,0.357479132,0.090021685,0.220395739,0.062862088,0.440791478,0.125724176,0.159838493,0.052512567,0.789961507,0.038087925,0.953793862,0.016079854,0.949467817,0.021573121,0.943370805,0.006043199
max,max_sorensen,0.83310013,151,10000,0.557108379,0.048582735,0.9937,9.75E-04,0.563859107,0.037702895,0.393381304,0.036206941,0.786762608,0.072413882,0.442891621,0.048582735,0.550808379,0.048581684,0.953793862,0.016079854,0.949467817,0.021573121,0.943370805,0.006043199
max,sensitivity,0.08717086,151,10000,0.887832898,0.012405092,0.82,0.092781329,0.149017157,0.058803505,0.081372523,0.034055738,0.162745047,0.068111476,0.112167102,0.012405092,0.707832898,0.083529124,0.953793862,0.016079854,0.949467817,0.021573121,0.943370805,0.006043199
max,equal_sens_spec,0.04775801,158,10000,0.954971318,0.016872127,0.9563,0.016483325,0.418106102,0.11528422,0.269837333,0.094865931,0.539674666,0.189731863,0.045028682,0.016872127,0.911271318,0.033248146,0.990343844,0.012346445,0.917744731,0.043306162,0.986891301,0.002056482
max,lpt,0.00212851,158,10000,1,0,0.8532,0.219678344,0.328850368,0.169298741,0.206157125,0.11619022,0.412314249,0.232380439,0,0,0.8532,0.219678344,0.990343844,0.012346445,0.917744731,0.043306162,0.986891301,0.002056482
max,max_fpb,0.49287062,158,10000,0.859392899,0.055563307,0.9978,0.00148324,0.85972006,0.058569581,0.757628697,0.089428981,1.515257393,0.178857963,0.140607101,0.055563307,0.857192899,0.055709198,0.990343844,0.012346445,0.917744731,0.043306162,0.986891301,0.002056482
max,max_jaccard,0.49287062,158,10000,0.859392899,0.055563307,0.9978,0.00148324,0.85972006,0.058569581,0.757628697,0.089428981,1.515257393,0.178857963,0.140607101,0.055563307,0.857192899,0.055709198,0.990343844,0.012346445,0.917744731,0.043306162,0.986891301,0.002056482
max,max_sens_spec,0.0454163,158,10000,0.982679739,0.026133576,0.964,0.020331626,0.487191048,0.152862064,0.332983193,0.135649102,0.665966387,0.271298204,0.017320261,0.026133576,0.946679739,0.020885595,0.990343844,0.012346445,0.917744731,0.043306162,0.986891301,0.002056482
max,max_sorensen,0.49287062,158,10000,0.859392899,0.055563307,0.9978,0.00148324,0.85972006,0.058569581,0.757628697,0.089428981,1.515257393,0.178857963,0.140607101,0.055563307,0.857192899,0.055709198,0.990343844,0.012346445,0.917744731,0.043306162,0.986891301,0.002056482
max,sensitivity,0.30894658,158,10000,0.872597759,0.013061222,0.9926,0.004114,0.744356221,0.111353636,0.602922659,0.142857136,1.205845319,0.285714272,0.127402241,0.013061222,0.865197759,0.013235449,0.990343844,0.012346445,0.917744731,0.043306162,0.986891301,0.002056482
max,equal_sens_spec,0.14039965,159,10000,0.86875817,0.016543825,0.8686,0.016272676,0.172184066,0.01595553,0.094269353,0.009633161,0.188538706,0.019266323,0.13124183,0.016543825,0.73735817,0.032810629,0.957439847,0.006399348,0.955650562,0.032015749,0.928632982,0.002224692
max,lpt,0.05776561,159,10000,1,0,0.7779,0.028866936,0.126072291,0.013593163,0.06732171,0.007699424,0.13464342,0.015398848,0,0,0.7779,0.028866936,0.957439847,0.006399348,0.955650562,0.032015749,0.928632982,0.002224692
max,max_fpb,0.80104219,159,10000,0.494291939,0.116509305,0.9901,0.006484597,0.465842553,0.065322671,0.305612635,0.057719867,0.61122527,0.115439734,0.505708061,0.116509305,0.484391939,0.111699965,0.957439847,0.006399348,0.955650562,0.032015749,0.928632982,0.002224692
max,max_jaccard,0.80104219,159,10000,0.494291939,0.116509305,0.9901,0.006484597,0.465842553,0.065322671,0.305612635,0.057719867,0.61122527,0.115439734,0.505708061,0.116509305,0.484391939,0.111699965,0.957439847,0.006399348,0.955650562,0.032015749,0.928632982,0.002224692
max,max_sens_spec,0.1043357,159,10000,0.963921569,0.063696826,0.839,0.073936628,0.19797479,0.131624905,0.115132687,0.090197493,0.230265374,0.180394985,0.036078431,0.063696826,0.802921569,0.015946875,0.957439847,0.006399348,0.955650562,0.032015749,0.928632982,0.002224692
max,max_sorensen,0.80104219,159,10000,0.494291939,0.116509305,0.9901,0.006484597,0.465842553,0.065322671,0.305612635,0.057719867,0.61122527,0.115439734,0.505708061,0.116509305,0.484391939,0.111699965,0.957439847,0.006399348,0.955650562,0.032015749,0.928632982,0.002224692
max,sensitivity,0.11633157,159,10000,0.887189542,0.007700223,0.8352,0.018102486,0.145341535,0.014618095,0.07841915,0.00848319,0.1568383,0.016966379,0.112810458,0.007700223,0.722389542,0.022950643,0.957439847,0.006399348,0.955650562,0.032015749,0.928632982,0.002224692
max,equal_sens_spec,0.37060481,164,10000,0.848224474,0.020222486,0.844,0.018069311,0.150015323,0.017665078,0.081168887,0.010322673,0.162337775,0.020645345,0.151775526,0.020222486,0.692224474,0.037915608,0.93031263,0.01378926,0.868175457,0.058104345,0.883747513,0.002223145
max,lpt,0.06592927,164,10000,1,0,0.739,0.042419041,0.113508106,0.020919626,0.060273683,0.011813632,0.120547365,0.023627263,0,0,0.739,0.042419041,0.93031263,0.01378926,0.868175457,0.058104345,0.883747513,0.002223145
max,max_fpb,0.94282034,164,10000,0.300333348,0.082719765,0.9921,0.004449719,0.335667935,0.052108032,0.202610535,0.037033306,0.40522107,0.074066612,0.699666652,0.082719765,0.292433348,0.079137593,0.93031263,0.01378926,0.868175457,0.058104345,0.883747513,0.002223145
max,max_jaccard,0.94282034,164,10000,0.300333348,0.082719765,0.9921,0.004449719,0.335667935,0.052108032,0.202610535,0.037033306,0.40522107,0.074066612,0.699666652,0.082719765,0.292433348,0.079137593,0.93031263,0.01378926,0.868175457,0.058104345,0.883747513,0.002223145
max,max_sens_spec,0.24602225,164,10000,0.970536432,0.018528602,0.7998,0.036327675,0.139363108,0.027002845,0.075083749,0.015762797,0.150167498,0.031525595,0.029463568,0.018528602,0.770336432,0.033963873,0.93031263,0.01378926,0.868175457,0.058104345,0.883747513,0.002223145
max,max_sorensen,0.94282034,164,10000,0.300333348,0.082719765,0.9921,0.004449719,0.335667935,0.052108032,0.202610535,0.037033306,0.40522107,0.074066612,0.699666652,0.082719765,0.292433348,0.079137593,0.93031263,0.01378926,0.868175457,0.058104345,0.883747513,0.002223145
max,sensitivity,0.30552606,164,10000,0.883748648,0.012407248,0.8306,0.02124088,0.145877658,0.021840804,0.078797973,0.01278752,0.157595946,0.02557504,0.116251352,0.012407248,0.714348648,0.023896534,0.93031263,0.01378926,0.868175457,0.058104345,0.883747513,0.002223145
max,equal_sens_spec,0.39084677,165,10000,0.897707383,0.023102073,0.8995,0.022770595,0.229889022,0.041287786,0.130361403,0.0261929,0.260722805,0.0523858,0.102292617,0.023102073,0.797207383,0.045690875,0.953527882,0.010652798,0.869395434,0.079621094,0.918811618,0.008030873
max,lpt,0.04680702,165,10000,1,0,0.8497,0.046105314,0.190698775,0.051185113,0.106124229,0.03204649,0.212248459,0.06409298,0,0,0.8497,0.046105314,0.953527882,0.010652798,0.869395434,0.079621094,0.918811618,0.008030873
max,max_fpb,0.62019498,165,10000,0.607305487,0.178035133,0.9565,0.023584953,0.299089751,0.032065044,0.17617666,0.022260571,0.35235332,0.044521141,0.392694513,0.178035133,0.563805487,0.15506215,0.953527882,0.010652798,0.869395434,0.079621094,0.918811618,0.008030873
max,max_jaccard,0.62019498,165,10000,0.607305487,0.178035133,0.9565,0.023584953,0.299089751,0.032065044,0.17617666,0.022260571,0.35235332,0.044521141,0.392694513,0.178035133,0.563805487,0.15506215,0.953527882,0.010652798,0.869395434,0.079621094,0.918811618,0.008030873
max,max_sens_spec,0.2597267,165,10000,0.988344595,0.016029506,0.8702,0.036975668,0.2087741,0.044963946,0.117123763,0.028388754,0.234247526,0.056777508,0.011655405,0.016029506,0.858544595,0.039318388,0.953527882,0.010652798,0.869395434,0.079621094,0.918811618,0.008030873
max,max_sorensen,0.62019498,165,10000,0.607305487,0.178035133,0.9565,0.023584953,0.299089751,0.032065044,0.17617666,0.022260571,0.35235332,0.044521141,0.392694513,0.178035133,0.563805487,0.15506215,0.953527882,0.010652798,0.869395434,0.079621094,0.918811618,0.008030873
max,sensitivity,0.40054175,165,10000,0.88485024,0.007877522,0.8947,0.032387498,0.223323113,0.050581011,0.126421396,0.03180296,0.252842792,0.06360592,0.11514976,0.007877522,0.77955024,0.039344528,0.953527882,0.010652798,0.869395434,0.079621094,0.918811618,0.008030873
max,equal_sens_spec,0.28899055,167,10000,0.836588983,0.035104359,0.8373,0.031836693,0.149249233,0.037820867,0.081004436,0.022139002,0.162008871,0.044278004,0.163411017,0.035104359,0.673888983,0.06620294,0.92474948,0.013186899,0.886910897,0.052894679,0.871942905,0.007457812
max,lpt,0.04625967,167,10000,1,0,0.6522,0.062013708,0.08941186,0.015896924,0.046856257,0.008740054,0.093712514,0.017480109,0,0,0.6522,0.062013708,0.92474948,0.013186899,0.886910897,0.052894679,0.871942905,0.007457812
max,max_fpb,0.8892489,167,10000,0.333781171,0.12623974,0.9915,0.004743416,0.351589204,0.044326165,0.21400071,0.033052593,0.42800142,0.066105186,0.666218829,0.12623974,0.325281171,0.121552998,0.92474948,0.013186899,0.886910897,0.052894679,0.871942905,0.007457812
max,max_jaccard,0.8892489,167,10000,0.333781171,0.12623974,0.9915,0.004743416,0.351589204,0.044326165,0.21400071,0.033052593,0.42800142,0.066105186,0.666218829,0.12623974,0.325281171,0.121552998,0.92474948,0.013186899,0.886910897,0.052894679,0.871942905,0.007457812
max,max_sens_spec,0.25790089,167,10000,0.935353315,0.039032647,0.7844,0.069773204,0.133683643,0.037216676,0.071969794,0.021321703,0.143939588,0.042643406,0.064646685,0.039032647,0.719753315,0.048294528,0.92474948,0.013186899,0.886910897,0.052894679,0.871942905,0.007457812
max,max_sorensen,0.8892489,167,10000,0.333781171,0.12623974,0.9915,0.004743416,0.351589204,0.044326165,0.21400071,0.033052593,0.42800142,0.066105186,0.666218829,0.12623974,0.325281171,0.121552998,0.92474948,0.013186899,0.886910897,0.052894679,0.871942905,0.007457812
max,sensitivity,0.2580333,167,10000,0.886185372,0.01083852,0.793,0.05577746,0.130199712,0.034610638,0.069925809,0.019778051,0.139851617,0.039556102,0.113814628,0.01083852,0.679185372,0.051099667,0.92474948,0.013186899,0.886910897,0.052894679,0.871942905,0.007457812
max,equal_sens_spec,0.17080493,168,10000,0.856329423,0.026612724,0.8555,0.024264171,0.16667627,0.032959669,0.091197271,0.019641387,0.182394542,0.039282773,0.143670577,0.026612724,0.711829423,0.050578631,0.941622348,0.015639545,0.955733156,0.025118951,0.932041905,0.001906308
max,lpt,0.01526816,168,10000,1,0,0.6414,0.117059493,0.09109323,0.023048867,0.047842409,0.012661908,0.095684817,0.025323815,0,0,0.6414,0.117059493,0.941622348,0.015639545,0.955733156,0.025118951,0.932041905,0.001906308
max,max_fpb,0.89047372,168,10000,0.536476051,0.056895851,0.9971,8.94E-04,0.625879287,0.044044349,0.456653509,0.045920434,0.913307018,0.091840867,0.463523949,0.056895851,0.533576051,0.05667984,0.941622348,0.015639545,0.955733156,0.025118951,0.932041905,0.001906308
max,max_jaccard,0.89047372,168,10000,0.536476051,0.056895851,0.9971,8.94E-04,0.625879287,0.044044349,0.456653509,0.045920434,0.913307018,0.091840867,0.463523949,0.056895851,0.533576051,0.05667984,0.941622348,0.015639545,0.955733156,0.025118951,0.932041905,0.001906308
max,max_sens_spec,0.16058528,168,10000,0.906099707,0.064422886,0.8449,0.048301656,0.168584357,0.035411215,0.092374926,0.02091903,0.184749851,0.04183806,0.093900293,0.064422886,0.750999707,0.041348961,0.941622348,0.015639545,0.955733156,0.025118951,0.932041905,0.001906308
max,max_sorensen,0.89047372,168,10000,0.536476051,0.056895851,0.9971,8.94E-04,0.625879287,0.044044349,0.456653509,0.045920434,0.913307018,0.091840867,0.463523949,0.056895851,0.533576051,0.05667984,0.941622348,0.015639545,0.955733156,0.025118951,0.932041905,0.001906308
max,sensitivity,0.12469662,168,10000,0.879902248,0.011895945,0.8126,0.075434077,0.14519024,0.038722114,0.078648044,0.022176448,0.157296088,0.044352896,0.120097752,0.011895945,0.692502248,0.074676135,0.941622348,0.015639545,0.955733156,0.025118951,0.932041905,0.001906308
max,equal_sens_spec,0.04500014,173,10000,0.884086814,0.044827612,0.882,0.040484565,0.217681022,0.07218677,0.123611452,0.045623948,0.247222904,0.091247897,0.115913186,0.044827612,0.766086814,0.085178242,0.966157987,0.018849659,0.929987047,0.041240711,0.977134407,0.001488369
max,lpt,0.00815536,173,10000,1,0,0.7103,0.04875141,0.109053655,0.022406449,0.057789851,0.01248834,0.115579701,0.02497668,0,0,0.7103,0.04875141,0.966157987,0.018849659,0.929987047,0.041240711,0.977134407,0.001488369
max,max_fpb,0.49521448,173,10000,0.790495495,0.064507072,0.998,6.12E-04,0.827919313,0.056685719,0.709472777,0.080349644,1.418945553,0.160699288,0.209504505,0.064507072,0.788495495,0.065024641,0.966157987,0.018849659,0.929987047,0.041240711,0.977134407,0.001488369
max,max_jaccard,0.49521448,173,10000,0.790495495,0.064507072,0.998,6.12E-04,0.827919313,0.056685719,0.709472777,0.080349644,1.418945553,0.160699288,0.209504505,0.064507072,0.788495495,0.065024641,0.966157987,0.018849659,0.929987047,0.041240711,0.977134407,0.001488369
max,max_sens_spec,0.05473905,173,10000,0.885552826,0.065472126,0.9283,0.050402877,0.368863653,0.209343008,0.24356714,0.170178034,0.48713428,0.340356068,0.114447174,0.065472126,0.813852826,0.061231775,0.966157987,0.018849659,0.929987047,0.041240711,0.977134407,0.001488369
max,max_sorensen,0.49521448,173,10000,0.790495495,0.064507072,0.998,6.12E-04,0.827919313,0.056685719,0.709472777,0.080349644,1.418945553,0.160699288,0.209504505,0.064507072,0.788495495,0.065024641,0.966157987,0.018849659,0.929987047,0.041240711,0.977134407,0.001488369
max,sensitivity,0.04885544,173,10000,0.88989353,0.01066473,0.8449,0.123137322,0.243780958,0.169340703,0.147888075,0.117958773,0.295776149,0.235917546,0.11010647,0.01066473,0.73479353,0.115043225,0.966157987,0.018849659,0.929987047,0.041240711,0.977134407,0.001488369
max,equal_sens_spec,0.35326891,173,10000,0.850564364,0.017322204,0.8501,0.011414903,0.161447955,0.024971778,0.087973921,0.014851591,0.175947841,0.029703183,0.149435636,0.017322204,0.700664364,0.028511182,0.928348708,0.003152863,0.874264345,0.040887033,0.883094374,0.003924346
max,lpt,0.08109691,173,10000,1,0,0.6842,0.049195528,0.101204765,0.027374122,0.053474625,0.015188223,0.10694925,0.030376446,0,0,0.6842,0.049195528,0.928348708,0.003152863,0.874264345,0.040887033,0.883094374,0.003924346
max,max_fpb,0.91110647,173,10000,0.306231379,0.090805825,0.9923,0.00417732,0.34956593,0.071042514,0.213555306,0.050931355,0.427110612,0.10186271,0.693768621,0.090805825,0.298531379,0.087732878,0.928348708,0.003152863,0.874264345,0.040887033,0.883094374,0.003924346
max,max_jaccard,0.91110647,173,10000,0.306231379,0.090805825,0.9923,0.00417732,0.34956593,0.071042514,0.213555306,0.050931355,0.427110612,0.10186271,0.693768621,0.090805825,0.298531379,0.087732878,0.928348708,0.003152863,0.874264345,0.040887033,0.883094374,0.003924346
max,max_sens_spec,0.23643964,173,10000,0.933705213,0.057684342,0.8234,0.045899891,0.156462057,0.019198727,0.084964491,0.011277243,0.169928981,0.022554486,0.066294787,0.057684342,0.757105213,0.030063398,0.928348708,0.003152863,0.874264345,0.040887033,0.883094374,0.003924346
max,max_sorensen,0.91110647,173,10000,0.306231379,0.090805825,0.9923,0.00417732,0.34956593,0.071042514,0.213555306,0.050931355,0.427110612,0.10186271,0.693768621,0.090805825,0.298531379,0.087732878,0.928348708,0.003152863,0.874264345,0.040887033,0.883094374,0.003924346
max,sensitivity,0.31590514,173,10000,0.890563437,0.007814663,0.8153,0.016107452,0.142024707,0.024980548,0.076595366,0.014391676,0.153190733,0.028783351,0.109436563,0.007814663,0.705863437,0.021701201,0.928348708,0.003152863,0.874264345,0.040887033,0.883094374,0.003924346
max,equal_sens_spec,0.375631,173,10000,0.856026095,0.011979975,0.8541,0.008905055,0.166396088,0.004443663,0.090753249,0.002651139,0.181506498,0.005302278,0.143973905,0.011979975,0.710126095,0.018212823,0.927447125,0.007004439,0.860275691,0.026097968,0.875716213,0.003762763
max,lpt,0.10512607,173,10000,1,0,0.7409,0.031289775,0.118850488,0.014157765,0.063227864,0.007997152,0.126455728,0.015994304,0,0,0.7409,0.031289775,0.927447125,0.007004439,0.860275691,0.026097968,0.875716213,0.003762763
max,max_fpb,0.80084458,173,10000,0.360605374,0.06436249,0.9854,0.003209361,0.327049062,0.044232881,0.196167426,0.031922338,0.392334852,0.063844676,0.639394626,0.06436249,0.346005374,0.064027686,0.927447125,0.007004439,0.860275691,0.026097968,0.875716213,0.003762763
max,max_jaccard,0.80084458,173,10000,0.360605374,0.06436249,0.9854,0.003209361,0.327049062,0.044232881,0.196167426,0.031922338,0.392334852,0.063844676,0.639394626,0.06436249,0.346005374,0.064027686,0.927447125,0.007004439,0.860275691,0.026097968,0.875716213,0.003762763
max,max_sens_spec,0.36728887,173,10000,0.946323529,0.052741658,0.8073,0.057141929,0.14972688,0.024651158,0.081075413,0.014440791,0.162150825,0.028881582,0.053676471,0.052741658,0.753623529,0.022150226,0.927447125,0.007004439,0.860275691,0.026097968,0.875716213,0.003762763
max,max_sorensen,0.80084458,173,10000,0.360605374,0.06436249,0.9854,0.003209361,0.327049062,0.044232881,0.196167426,0.031922338,0.392334852,0.063844676,0.639394626,0.06436249,0.346005374,0.064027686,0.927447125,0.007004439,0.860275691,0.026097968,0.875716213,0.003762763
max,sensitivity,0.29519792,173,10000,0.884031402,0.007152608,0.8196,0.036225681,0.146370077,0.020897248,0.079074073,0.012202644,0.158148146,0.024405289,0.115968598,0.007152608,0.703631402,0.032181245,0.927447125,0.007004439,0.860275691,0.026097968,0.875716213,0.003762763
max,equal_sens_spec,0.41866427,175,10000,0.818696581,0.03046125,0.8236,0.028682312,0.139105629,0.016460431,0.074818587,0.009405853,0.149637175,0.018811705,0.181303419,0.03046125,0.642296581,0.058512903,0.910603178,0.011990634,0.887308543,0.058880924,0.847801844,0.003789776
max,lpt,0.19153719,175,10000,1,0,0.7403,0.031361999,0.119475317,0.010991614,0.063562027,0.006214271,0.127124054,0.012428543,0,0,0.7403,0.031361999,0.910603178,0.011990634,0.887308543,0.058880924,0.847801844,0.003789776
max,max_fpb,0.7485767,175,10000,0.403311966,0.165934832,0.9578,0.026013458,0.215358237,0.019239421,0.120776411,0.011980341,0.241552823,0.023960682,0.596688034,0.165934832,0.361111966,0.140424646,0.910603178,0.011990634,0.887308543,0.058880924,0.847801844,0.003789776
max,max_jaccard,0.7485767,175,10000,0.403311966,0.165934832,0.9578,0.026013458,0.215358237,0.019239421,0.120776411,0.011980341,0.241552823,0.023960682,0.596688034,0.165934832,0.361111966,0.140424646,0.910603178,0.011990634,0.887308543,0.058880924,0.847801844,0.003789776
max,max_sens_spec,0.21887153,175,10000,0.98125,0.041926275,0.7627,0.053736161,0.129006123,0.01577341,0.069011654,0.009054911,0.138023307,0.018109822,0.01875,0.041926275,0.74395,0.030848622,0.910603178,0.011990634,0.887308543,0.058880924,0.847801844,0.003789776
max,max_sorensen,0.7485767,175,10000,0.403311966,0.165934832,0.9578,0.026013458,0.215358237,0.019239421,0.120776411,0.011980341,0.241552823,0.023960682,0.596688034,0.165934832,0.361111966,0.140424646,0.910603178,0.011990634,0.887308543,0.058880924,0.847801844,0.003789776
max,sensitivity,0.3373497,175,10000,0.885042735,0.009809298,0.7962,0.043938309,0.133403411,0.016716816,0.071537443,0.009581556,0.143074886,0.019163112,0.114957265,0.009809298,0.681242735,0.035941731,0.910603178,0.011990634,0.887308543,0.058880924,0.847801844,0.003789776
max,equal_sens_spec,0.322276,177,10000,0.863516213,0.018114522,0.8656,0.020206435,0.18564321,0.035302986,0.102651089,0.021333752,0.205302177,0.042667505,0.136483787,0.018114522,0.729116213,0.037914204,0.933430729,0.007950945,0.832405916,0.068815212,0.887627477,0.009637443
max,lpt,0.09448091,177,10000,1,0,0.7652,0.03253767,0.131826198,0.011933868,0.070599142,0.006836638,0.141198284,0.013673276,0,0,0.7652,0.03253767,0.933430729,0.007950945,0.832405916,0.068815212,0.887627477,0.009637443
max,max_fpb,0.60176851,177,10000,0.427203954,0.153017628,0.9666,0.021387496,0.264235385,0.027460949,0.152459488,0.018136665,0.304918976,0.036273329,0.572796046,0.153017628,0.393803954,0.132581326,0.933430729,0.007950945,0.832405916,0.068815212,0.887627477,0.009637443
max,max_jaccard,0.60176851,177,10000,0.427203954,0.153017628,0.9666,0.021387496,0.264235385,0.027460949,0.152459488,0.018136665,0.304918976,0.036273329,0.572796046,0.153017628,0.393803954,0.132581326,0.933430729,0.007950945,0.832405916,0.068815212,0.887627477,0.009637443
max,max_sens_spec,0.15907438,177,10000,0.978315018,0.029765596,0.8056,0.046430593,0.156079507,0.034884899,0.084957643,0.020626661,0.169915287,0.041253321,0.021684982,0.029765596,0.783915018,0.018286373,0.933430729,0.007950945,0.832405916,0.068815212,0.887627477,0.009637443
max,max_sorensen,0.60176851,177,10000,0.427203954,0.153017628,0.9666,0.021387496,0.264235385,0.027460949,0.152459488,0.018136665,0.304918976,0.036273329,0.572796046,0.153017628,0.393803954,0.132581326,0.933430729,0.007950945,0.832405916,0.068815212,0.887627477,0.009637443
max,sensitivity,0.25033929,177,10000,0.886241542,0.010561391,0.8533,0.024050988,0.177320121,0.032954192,0.097572298,0.019837273,0.195144595,0.039674546,0.113758458,0.010561391,0.739541542,0.029951173,0.933430729,0.007950945,0.832405916,0.068815212,0.887627477,0.009637443
max,equal_sens_spec,0.10980077,177,10000,0.86351942,0.017657181,0.8676,0.014104077,0.186527491,0.031098858,0.103118226,0.01907614,0.206236451,0.038152279,0.13648058,0.017657181,0.73111942,0.031166705,0.959588115,0.004459662,0.970794149,0.01638084,0.953705315,0.002090588
max,lpt,0.02493675,177,10000,1,0,0.7283,0.05097622,0.11867253,0.027970754,0.063268117,0.015887965,0.126536233,0.03177593,0,0,0.7283,0.05097622,0.959588115,0.004459662,0.970794149,0.01638084,0.953705315,0.002090588
max,max_fpb,0.75728018,177,10000,0.625583367,0.040277836,0.9966,0.001516575,0.690014843,0.025561169,0.527198446,0.029700898,1.054396891,0.059401796,0.374416633,0.040277836,0.622183367,0.039487436,0.959588115,0.004459662,0.970794149,0.01638084,0.953705315,0.002090588
max,max_jaccard,0.75728018,177,10000,0.625583367,0.040277836,0.9966,0.001516575,0.690014843,0.025561169,0.527198446,0.029700898,1.054396891,0.059401796,0.374416633,0.040277836,0.622183367,0.039487436,0.959588115,0.004459662,0.970794149,0.01638084,0.953705315,0.002090588
max,max_sens_spec,0.07046177,177,10000,0.933197889,0.027289575,0.8488,0.020729206,0.180285034,0.031858517,0.099348344,0.019643732,0.198696688,0.039287464,0.066802111,0.027289575,0.781997889,0.023249945,0.959588115,0.004459662,0.970794149,0.01638084,0.953705315,0.002090588
max,max_sorensen,0.75728018,177,10000,0.625583367,0.040277836,0.9966,0.001516575,0.690014843,0.025561169,0.527198446,0.029700898,1.054396891,0.059401796,0.374416633,0.040277836,0.622183367,0.039487436,0.959588115,0.004459662,0.970794149,0.01638084,0.953705315,0.002090588
max,sensitivity,0.10121685,177,10000,0.881366059,0.004751819,0.8577,0.017859171,0.179569129,0.030777724,0.098896165,0.018866742,0.19779233,0.037733483,0.118633941,0.004751819,0.739066059,0.016972438,0.959588115,0.004459662,0.970794149,0.01638084,0.953705315,0.002090588
max,equal_sens_spec,0.1439909,177,10000,0.939488784,0.016835487,0.9406,0.015043271,0.358643025,0.03982101,0.219073425,0.029343425,0.438146849,0.05868685,0.060511216,0.016835487,0.880088784,0.031760717,0.986001174,0.00559622,0.953746589,0.023496824,0.972236658,0.001025236
max,lpt,0.00321311,177,10000,1,0,0.8905,0.048897853,0.258151388,0.059313463,0.149257993,0.038661491,0.298515986,0.077322982,0,0,0.8905,0.048897853,0.986001174,0.00559622,0.953746589,0.023496824,0.972236658,0.001025236
max,max_fpb,0.52368105,177,10000,0.675131342,0.080390723,0.9981,7.42E-04,0.755605764,0.05533403,0.609874622,0.075001857,1.219749243,0.150003715,0.324868658,0.080390723,0.673231342,0.08030851,0.986001174,0.00559622,0.953746589,0.023496824,0.972236658,0.001025236
max,max_jaccard,0.52368105,177,10000,0.675131342,0.080390723,0.9981,7.42E-04,0.755605764,0.05533403,0.609874622,0.075001857,1.219749243,0.150003715,0.324868658,0.080390723,0.673231342,0.08030851,0.986001174,0.00559622,0.953746589,0.023496824,0.972236658,0.001025236
max,max_sens_spec,0.08527021,177,10000,0.989466389,0.014432062,0.923,0.015390744,0.314498918,0.052543814,0.187513027,0.036990177,0.375026053,0.073980354,0.010533611,0.014432062,0.912466389,0.012504054,0.986001174,0.00559622,0.953746589,0.023496824,0.972236658,0.001025236
max,max_sorensen,0.52368105,177,10000,0.675131342,0.080390723,0.9981,7.42E-04,0.755605764,0.05533403,0.609874622,0.075001857,1.219749243,0.150003715,0.324868658,0.080390723,0.673231342,0.08030851,0.986001174,0.00559622,0.953746589,0.023496824,0.972236658,0.001025236
max,sensitivity,0.18169424,177,10000,0.891760295,0.006860284,0.9485,0.020493902,0.385218446,0.089586483,0.241730854,0.071549706,0.483461709,0.143099412,0.108239705,0.006860284,0.840260295,0.018690049,0.986001174,0.00559622,0.953746589,0.023496824,0.972236658,0.001025236
max,equal_sens_spec,0.2335204,182,10000,0.853628881,0.044372342,0.8502,0.036806249,0.1787101,0.065584899,0.099299529,0.040862493,0.198599059,0.081724987,0.146371119,0.044372342,0.703828881,0.08050714,0.941020285,0.01702343,0.911168178,0.061165335,0.90150259,0.005637394
max,lpt,0.01130814,182,10000,1,0,0.6759,0.140555772,0.114579264,0.052625687,0.061446771,0.030260084,0.122893541,0.060520168,0,0,0.6759,0.140555772,0.941020285,0.01702343,0.911168178,0.061165335,0.90150259,0.005637394
max,max_fpb,0.94249817,182,10000,0.370461982,0.051605497,0.9957,0.00148324,0.460826831,0.058745855,0.300897598,0.049109235,0.601795196,0.09821847,0.629538018,0.051605497,0.366161982,0.051538517,0.941020285,0.01702343,0.911168178,0.061165335,0.90150259,0.005637394
max,max_jaccard,0.94249817,182,10000,0.370461982,0.051605497,0.9957,0.00148324,0.460826831,0.058745855,0.300897598,0.049109235,0.601795196,0.09821847,0.629538018,0.051605497,0.366161982,0.051538517,0.941020285,0.01702343,0.911168178,0.061165335,0.90150259,0.005637394
max,max_sens_spec,0.14177751,182,10000,0.959187294,0.021642686,0.8054,0.058591168,0.164744849,0.072303752,0.091191371,0.045206212,0.182382741,0.090412424,0.040812706,0.021642686,0.764587294,0.066179465,0.941020285,0.01702343,0.911168178,0.061165335,0.90150259,0.005637394
max,max_sorensen,0.94249817,182,10000,0.370461982,0.051605497,0.9957,0.00148324,0.460826831,0.058745855,0.300897598,0.049109235,0.601795196,0.09821847,0.629538018,0.051605497,0.366161982,0.051538517,0.941020285,0.01702343,0.911168178,0.061165335,0.90150259,0.005637394
max,sensitivity,0.17122285,182,10000,0.883484032,0.014232786,0.8196,0.051314472,0.160850164,0.064809288,0.088587537,0.04003764,0.177175073,0.08007528,0.116515968,0.014232786,0.703084032,0.048492817,0.941020285,0.01702343,0.911168178,0.061165335,0.90150259,0.005637394
max,equal_sens_spec,0.23232555,185,10000,0.8700113,0.00875297,0.8648,0.009634573,0.190209436,0.024492979,0.105262923,0.015025237,0.210525846,0.030050474,0.1299887,0.00875297,0.7348113,0.017436327,0.944017347,0.009004601,0.929418957,0.051469305,0.91869012,0.002545966
max,lpt,0.02193105,185,10000,1,0,0.7449,0.051962005,0.128489379,0.013432345,0.06869932,0.007642996,0.13739864,0.015285993,0,0,0.7449,0.051962005,0.944017347,0.009004601,0.929418957,0.051469305,0.91869012,0.002545966
max,max_fpb,0.80656012,185,10000,0.390997622,0.106070595,0.9966,0.001140175,0.492711774,0.106153695,0.332299711,0.096287696,0.664599422,0.192575392,0.609002378,0.106070595,0.387597622,0.106209576,0.944017347,0.009004601,0.929418957,0.051469305,0.91869012,0.002545966
max,max_jaccard,0.80656012,185,10000,0.390997622,0.106070595,0.9966,0.001140175,0.492711774,0.106153695,0.332299711,0.096287696,0.664599422,0.192575392,0.609002378,0.106070595,0.387597622,0.106209576,0.944017347,0.009004601,0.929418957,0.051469305,0.91869012,0.002545966
max,max_sens_spec,0.17775474,185,10000,0.965487805,0.047926209,0.8136,0.049093533,0.16689166,0.043052346,0.091528677,0.025850526,0.183057354,0.051701053,0.034512195,0.047926209,0.779087805,0.013837873,0.944017347,0.009004601,0.929418957,0.051469305,0.91869012,0.002545966
max,max_sorensen,0.80656012,185,10000,0.390997622,0.106070595,0.9966,0.001140175,0.492711774,0.106153695,0.332299711,0.096287696,0.664599422,0.192575392,0.609002378,0.106070595,0.387597622,0.106209576,0.944017347,0.009004601,0.929418957,0.051469305,0.91869012,0.002545966
max,sensitivity,0.20329482,185,10000,0.886130992,0.010184941,0.8484,0.019721182,0.177644789,0.029418239,0.097710892,0.017811069,0.195421785,0.035622138,0.113869008,0.010184941,0.734530992,0.020406941,0.944017347,0.009004601,0.929418957,0.051469305,0.91869012,0.002545966
max,equal_sens_spec,0.15897657,187,10000,0.876709957,0.019432571,0.8794,0.01842349,0.212676519,0.036001756,0.119361302,0.022943315,0.238722604,0.04588663,0.123290043,0.019432571,0.756109957,0.037502511,0.953461907,0.012939065,0.950551182,0.024734853,0.939337683,0.006541521
max,lpt,0.00373926,187,10000,1,0,0.6654,0.119596405,0.107795385,0.031846298,0.057206995,0.017740172,0.114413991,0.035480344,0,0,0.6654,0.119596405,0.953461907,0.012939065,0.950551182,0.024734853,0.939337683,0.006541521
max,max_fpb,0.79228448,187,10000,0.555497835,0.065575995,0.9951,0.005248809,0.61203277,0.066726436,0.443506494,0.066337666,0.887012987,0.132675331,0.444502165,0.065575995,0.550597835,0.061740022,0.953461907,0.012939065,0.950551182,0.024734853,0.939337683,0.006541521
max,max_jaccard,0.79228448,187,10000,0.555497835,0.065575995,0.9951,0.005248809,0.61203277,0.066726436,0.443506494,0.066337666,0.887012987,0.132675331,0.444502165,0.065575995,0.550597835,0.061740022,0.953461907,0.012939065,0.950551182,0.024734853,0.939337683,0.006541521
max,max_sens_spec,0.18564224,187,10000,0.922581169,0.035360906,0.8613,0.032832149,0.203115471,0.046416907,0.113637039,0.02901642,0.227274079,0.058032839,0.077418831,0.035360906,0.783881169,0.040821394,0.953461907,0.012939065,0.950551182,0.024734853,0.939337683,0.006541521
max,max_sorensen,0.79228448,187,10000,0.555497835,0.065575995,0.9951,0.005248809,0.61203277,0.066726436,0.443506494,0.066337666,0.887012987,0.132675331,0.444502165,0.065575995,0.550597835,0.061740022,0.953461907,0.012939065,0.950551182,0.024734853,0.939337683,0.006541521
max,sensitivity,0.15338479,187,10000,0.886948052,0.01210371,0.8616,0.048025254,0.199369862,0.045239167,0.111287004,0.028106841,0.222574007,0.056213682,0.113051948,0.01210371,0.748548052,0.039563261,0.953461907,0.012939065,0.950551182,0.024734853,0.939337683,0.006541521
max,equal_sens_spec,0.15352735,189,10000,0.871924071,0.045498793,0.8674,0.043090602,0.206559419,0.052755185,0.115921007,0.031705912,0.231842014,0.063411823,0.128075929,0.045498793,0.739324071,0.088505814,0.949713526,0.024762875,0.946523981,0.027417111,0.935399836,0.004079335
max,lpt,0.01610671,189,10000,1,0,0.656,0.116169596,0.111618523,0.053873467,0.059817295,0.031080806,0.11963459,0.062161612,0,0,0.656,0.116169596,0.949713526,0.024762875,0.946523981,0.027417111,0.935399836,0.004079335
max,max_fpb,0.83314478,189,10000,0.567163605,0.094928625,0.9931,0.005176872,0.593741784,0.098889686,0.42775659,0.098697024,0.855513179,0.197394049,0.432836395,0.094928625,0.560263605,0.093639503,0.949713526,0.024762875,0.946523981,0.027417111,0.935399836,0.004079335
max,max_jaccard,0.83314478,189,10000,0.567163605,0.094928625,0.9931,0.005176872,0.593741784,0.098889686,0.42775659,0.098697024,0.855513179,0.197394049,0.432836395,0.094928625,0.560263605,0.093639503,0.949713526,0.024762875,0.946523981,0.027417111,0.935399836,0.004079335
max,max_sens_spec,0.11630547,189,10000,0.939893852,0.036671901,0.8482,0.047923898,0.19764114,0.045500016,0.110208558,0.027317583,0.220417116,0.054635166,0.060106148,0.036671901,0.788093852,0.060382444,0.949713526,0.024762875,0.946523981,0.027417111,0.935399836,0.004079335
max,max_sorensen,0.83314478,189,10000,0.567163605,0.094928625,0.9931,0.005176872,0.593741784,0.098889686,0.42775659,0.098697024,0.855513179,0.197394049,0.432836395,0.094928625,0.560263605,0.093639503,0.949713526,0.024762875,0.946523981,0.027417111,0.935399836,0.004079335
max,sensitivity,0.1314665,189,10000,0.883688777,0.006421177,0.855,0.048480666,0.1943009,0.045062462,0.108141394,0.026907506,0.216282788,0.053815013,0.116311223,0.006421177,0.738688777,0.050186488,0.949713526,0.024762875,0.946523981,0.027417111,0.935399836,0.004079335
max,equal_sens_spec,0.47154,191,10000,0.870479367,0.014552434,0.8663,0.016177144,0.196426004,0.013417273,0.108958207,0.008215646,0.217916414,0.016431292,0.129520633,0.014552434,0.736779367,0.029959999,0.924339575,0.015153844,0.855159727,0.101241493,0.865550396,0.004020987
max,lpt,0.07249865,191,10000,1,0,0.7526,0.08119375,0.13932336,0.023755107,0.075017665,0.013695027,0.150035331,0.027390054,0,0,0.7526,0.08119375,0.924339575,0.015153844,0.855159727,0.101241493,0.865550396,0.004020987
max,max_fpb,0.82045052,191,10000,0.400264049,0.123576484,0.9617,0.021147104,0.241313274,0.032679523,0.137526457,0.021143546,0.275052913,0.042287093,0.599735951,0.123576484,0.361964049,0.104965169,0.924339575,0.015153844,0.855159727,0.101241493,0.865550396,0.004020987
max,max_jaccard,0.82045052,191,10000,0.400264049,0.123576484,0.9617,0.021147104,0.241313274,0.032679523,0.137526457,0.021143546,0.275052913,0.042287093,0.599735951,0.123576484,0.361964049,0.104965169,0.924339575,0.015153844,0.855159727,0.101241493,0.865550396,0.004020987
max,max_sens_spec,0.30556342,191,10000,0.951320937,0.042745447,0.8458,0.024063977,0.191101114,0.023687153,0.105796564,0.014468909,0.211593129,0.028937817,0.048679063,0.042745447,0.797120937,0.044149958,0.924339575,0.015153844,0.855159727,0.101241493,0.865550396,0.004020987
max,max_sorensen,0.82045052,191,10000,0.400264049,0.123576484,0.9617,0.021147104,0.241313274,0.032679523,0.137526457,0.021143546,0.275052913,0.042287093,0.599735951,0.123576484,0.361964049,0.104965169,0.924339575,0.015153844,0.855159727,0.101241493,0.865550396,0.004020987
max,sensitivity,0.42489413,191,10000,0.889580424,0.007439008,0.8481,0.028866936,0.182836467,0.022048983,0.100746242,0.013375612,0.201492485,0.026751223,0.110419576,0.007439008,0.737680424,0.021982823,0.924339575,0.015153844,0.855159727,0.101241493,0.865550396,0.004020987
max,equal_sens_spec,0.30679044,195,10000,0.806232659,0.023618631,0.8092,0.02046216,0.139400128,0.016802297,0.074993068,0.009817611,0.149986137,0.019635223,0.193767341,0.023618631,0.615432659,0.043914339,0.910144227,0.021951418,0.845166072,0.162970848,0.856540466,0.006272727
max,lpt,0.03308941,195,10000,1,0,0.6366,0.058916678,0.098347942,0.01895723,0.051801675,0.010604229,0.10360335,0.021208457,0,0,0.6366,0.058916678,0.910144227,0.021951418,0.845166072,0.162970848,0.856540466,0.006272727
max,max_fpb,0.91451054,195,10000,0.316403128,0.099305452,0.9928,0.002949576,0.368393241,0.071356221,0.227731137,0.055640386,0.455462274,0.111280772,0.683596872,0.099305452,0.309203128,0.098302167,0.910144227,0.021951418,0.845166072,0.162970848,0.856540466,0.006272727
max,max_jaccard,0.91451054,195,10000,0.316403128,0.099305452,0.9928,0.002949576,0.368393241,0.071356221,0.227731137,0.055640386,0.455462274,0.111280772,0.683596872,0.099305452,0.309203128,0.098302167,0.910144227,0.021951418,0.845166072,0.162970848,0.856540466,0.006272727
max,max_sens_spec,0.21283957,195,10000,0.951449495,0.039117454,0.7273,0.041124202,0.119718419,0.007292875,0.063683299,0.004133416,0.127366598,0.008266832,0.048550505,0.039117454,0.678749495,0.032098242,0.910144227,0.021951418,0.845166072,0.162970848,0.856540466,0.006272727
max,max_sorensen,0.91451054,195,10000,0.316403128,0.099305452,0.9928,0.002949576,0.368393241,0.071356221,0.227731137,0.055640386,0.455462274,0.111280772,0.683596872,0.099305452,0.309203128,0.098302167,0.910144227,0.021951418,0.845166072,0.162970848,0.856540466,0.006272727
max,sensitivity,0.24859311,195,10000,0.886555441,0.011806283,0.7503,0.041112042,0.121650961,0.01359954,0.064809566,0.007723354,0.129619132,0.015446708,0.113444559,0.011806283,0.636855441,0.032678676,0.910144227,0.021951418,0.845166072,0.162970848,0.856540466,0.006272727
max,equal_sens_spec,0.23571914,196,10000,0.893398714,0.012810205,0.8925,0.009300538,0.242080661,0.018491962,0.137808192,0.011831373,0.275616384,0.023662747,0.106601286,0.012810205,0.785898714,0.020980692,0.960434008,0.005814855,0.89987917,0.052573675,0.929138807,0.002409491
max,lpt,0.00640686,196,10000,1,0,0.6422,0.27273444,0.133728655,0.070753715,0.072887773,0.040643205,0.145775547,0.08128641,0,0,0.6422,0.27273444,0.960434008,0.005814855,0.89987917,0.052573675,0.929138807,0.002409491
max,max_fpb,0.78522805,196,10000,0.597367331,0.074252889,0.9892,0.005641365,0.556157399,0.035813296,0.385857318,0.033504679,0.771714636,0.067009359,0.402632669,0.074252889,0.586567331,0.069090809,0.960434008,0.005814855,0.89987917,0.052573675,0.929138807,0.002409491
max,max_jaccard,0.78522805,196,10000,0.597367331,0.074252889,0.9892,0.005641365,0.556157399,0.035813296,0.385857318,0.033504679,0.771714636,0.067009359,0.402632669,0.074252889,0.586567331,0.069090809,0.960434008,0.005814855,0.89987917,0.052573675,0.929138807,0.002409491
max,max_sens_spec,0.18492824,196,10000,0.962732919,0.037277431,0.858,0.031022169,0.212065318,0.02154425,0.118740338,0.013614958,0.237480676,0.027229916,0.037267081,0.037277431,0.820732919,0.026229882,0.960434008,0.005814855,0.89987917,0.052573675,0.929138807,0.002409491
max,max_sorensen,0.78522805,196,10000,0.597367331,0.074252889,0.9892,0.005641365,0.556157399,0.035813296,0.385857318,0.033504679,0.771714636,0.067009359,0.402632669,0.074252889,0.586567331,0.069090809,0.960434008,0.005814855,0.89987917,0.052573675,0.929138807,0.002409491
max,sensitivity,0.23257808,196,10000,0.887684428,0.005383394,0.8901,0.013520355,0.237222885,0.015966932,0.134647196,0.0101862,0.269294393,0.020372401,0.112315572,0.005383394,0.777784428,0.014579739,0.960434008,0.005814855,0.89987917,0.052573675,0.929138807,0.002409491
max,equal_sens_spec,0.16357733,196,10000,0.922980647,0.017514596,0.9231,0.012876335,0.318962128,0.051172688,0.190637501,0.036820778,0.381275001,0.073641556,0.077019353,0.017514596,0.846080647,0.029526378,0.974942939,0.005275824,0.964184423,0.008540571,0.959607465,0.002962452
max,lpt,0.00565666,196,10000,1,0,0.7248,0.066702324,0.129081382,0.028330449,0.069189576,0.016179621,0.138379151,0.032359242,0,0,0.7248,0.066702324,0.974942939,0.005275824,0.964184423,0.008540571,0.959607465,0.002962452
max,max_fpb,0.7044192,196,10000,0.643466599,0.035527237,0.9961,9.62E-04,0.697688809,0.025870552,0.53621473,0.030423867,1.07242946,0.060847734,0.356533401,0.035527237,0.639566599,0.035113934,0.974942939,0.005275824,0.964184423,0.008540571,0.959607465,0.002962452
max,max_jaccard,0.7044192,196,10000,0.643466599,0.035527237,0.9961,9.62E-04,0.697688809,0.025870552,0.53621473,0.030423867,1.07242946,0.060847734,0.356533401,0.035527237,0.639566599,0.035113934,0.974942939,0.005275824,0.964184423,0.008540571,0.959607465,0.002962452
max,max_sens_spec,0.18388936,196,10000,0.938637212,0.023829853,0.9253,0.013060436,0.329524306,0.048931217,0.198095755,0.035511281,0.396191509,0.071022561,0.061362788,0.023829853,0.863937212,0.028802732,0.974942939,0.005275824,0.964184423,0.008540571,0.959607465,0.002962452
max,max_sorensen,0.7044192,196,10000,0.643466599,0.035527237,0.9961,9.62E-04,0.697688809,0.025870552,0.53621473,0.030423867,1.07242946,0.060847734,0.356533401,0.035527237,0.639566599,0.035113934,0.974942939,0.005275824,0.964184423,0.008540571,0.959607465,0.002962452
max,sensitivity,0.18908535,196,10000,0.887711569,0.007559928,0.9306,0.014436932,0.331745418,0.057610581,0.200027093,0.042340377,0.400054185,0.084680754,0.112288431,0.007559928,0.818311569,0.016277996,0.974942939,0.005275824,0.964184423,0.008540571,0.959607465,0.002962452
max,equal_sens_spec,0.27646397,197,10000,0.839325918,0.018219632,0.8375,0.017153717,0.165993934,0.014100109,0.090560316,0.008354204,0.181120633,0.016708407,0.160674082,0.018219632,0.676825918,0.035290732,0.926358351,0.01013561,0.911723367,0.045214415,0.876710338,0.004167118
max,lpt,0.03203225,197,10000,1,0,0.628,0.046918813,0.096601792,0.017331801,0.050821895,0.009557397,0.101643791,0.019114795,0,0,0.628,0.046918813,0.926358351,0.01013561,0.911723367,0.045214415,0.876710338,0.004167118
max,max_fpb,0.85147174,197,10000,0.494178528,0.094218447,0.9766,0.008451331,0.36732085,0.026631352,0.225239882,0.019884058,0.450479764,0.039768116,0.505821472,0.094218447,0.470778528,0.089741403,0.926358351,0.01013561,0.911723367,0.045214415,0.876710338,0.004167118
max,max_jaccard,0.85147174,197,10000,0.494178528,0.094218447,0.9766,0.008451331,0.36732085,0.026631352,0.225239882,0.019884058,0.450479764,0.039768116,0.505821472,0.094218447,0.470778528,0.089741403,0.926358351,0.01013561,0.911723367,0.045214415,0.876710338,0.004167118
max,max_sens_spec,0.23909213,197,10000,0.937596121,0.023171261,0.7778,0.045245994,0.143074287,0.013604176,0.077095309,0.00789982,0.154190618,0.015799639,0.062403879,0.023171261,0.715396121,0.034846026,0.926358351,0.01013561,0.911723367,0.045214415,0.876710338,0.004167118
max,max_sorensen,0.85147174,197,10000,0.494178528,0.094218447,0.9766,0.008451331,0.36732085,0.026631352,0.225239882,0.019884058,0.450479764,0.039768116,0.505821472,0.094218447,0.470778528,0.089741403,0.926358351,0.01013561,0.911723367,0.045214415,0.876710338,0.004167118
max,sensitivity,0.17751712,197,10000,0.893979415,0.006567619,0.785,0.04016684,0.140562504,0.014792966,0.075648604,0.008563934,0.151297209,0.017127868,0.106020585,0.006567619,0.678979415,0.042523899,0.926358351,0.01013561,0.911723367,0.045214415,0.876710338,0.004167118
max,equal_sens_spec,0.15359068,198,10000,0.889607352,0.023591211,0.8839,0.024213633,0.23456972,0.04296343,0.133414828,0.028076955,0.266829657,0.056153909,0.110392648,0.023591211,0.773507352,0.047333234,0.962133005,0.012885484,0.954976472,0.026037241,0.940129579,0.003357746
max,lpt,0.0174288,198,10000,1,0,0.7195,0.055029538,0.126091052,0.016930837,0.067357578,0.009665858,0.134715157,0.019331717,0,0,0.7195,0.055029538,0.962133005,0.012885484,0.954976472,0.026037241,0.940129579,0.003357746
max,max_fpb,0.68300729,198,10000,0.654908104,0.068705816,0.9883,0.004147288,0.587616583,0.082056377,0.420127624,0.08788026,0.840255248,0.17576052,0.345091896,0.068705816,0.643208104,0.06973145,0.962133005,0.012885484,0.954976472,0.026037241,0.940129579,0.003357746
max,max_jaccard,0.68300729,198,10000,0.654908104,0.068705816,0.9883,0.004147288,0.587616583,0.082056377,0.420127624,0.08788026,0.840255248,0.17576052,0.345091896,0.068705816,0.643208104,0.06973145,0.962133005,0.012885484,0.954976472,0.026037241,0.940129579,0.003357746
max,max_sens_spec,0.1775082,198,10000,0.90254386,0.078198295,0.8991,0.065822109,0.300904326,0.122046053,0.182042696,0.086203918,0.364085392,0.172407836,0.09745614,0.078198295,0.80164386,0.05276685,0.962133005,0.012885484,0.954976472,0.026037241,0.940129579,0.003357746
max,max_sorensen,0.68300729,198,10000,0.654908104,0.068705816,0.9883,0.004147288,0.587616583,0.082056377,0.420127624,0.08788026,0.840255248,0.17576052,0.345091896,0.068705816,0.643208104,0.06973145,0.962133005,0.012885484,0.954976472,0.026037241,0.940129579,0.003357746
max,sensitivity,0.14440863,198,10000,0.889106099,0.008417181,0.8687,0.065208895,0.244132855,0.122537887,0.14385601,0.086367348,0.28771202,0.172734697,0.110893901,0.008417181,0.757806099,0.070843525,0.962133005,0.012885484,0.954976472,0.026037241,0.940129579,0.003357746
max,equal_sens_spec,0.35769786,198,10000,0.817704115,0.041044298,0.8168,0.033325291,0.151309754,0.032446513,0.082114592,0.019058621,0.164229184,0.038117242,0.182295885,0.041044298,0.634504115,0.074366096,0.912852089,0.015069835,0.914021386,0.048755364,0.850094492,0.005195625
max,lpt,0.08834162,198,10000,1,0,0.6808,0.036880889,0.111104879,0.010965867,0.058848762,0.006185034,0.117697523,0.012370068,0,0,0.6808,0.036880889,0.912852089,0.015069835,0.914021386,0.048755364,0.850094492,0.005195625
max,max_fpb,0.88746348,198,10000,0.316005901,0.074217678,0.988,0.006133922,0.327712921,0.021843087,0.196129718,0.015581374,0.392259436,0.031162749,0.683994099,0.074217678,0.304005901,0.068194781,0.912852089,0.015069835,0.914021386,0.048755364,0.850094492,0.005195625
max,max_jaccard,0.88746348,198,10000,0.316005901,0.074217678,0.988,0.006133922,0.327712921,0.021843087,0.196129718,0.015581374,0.392259436,0.031162749,0.683994099,0.074217678,0.304005901,0.068194781,0.912852089,0.015069835,0.914021386,0.048755364,0.850094492,0.005195625
max,max_sens_spec,0.21400597,198,10000,0.95138902,0.055447963,0.7506,0.060177238,0.135862592,0.032452876,0.073146482,0.018970815,0.146292964,0.037941629,0.04861098,0.055447963,0.70198902,0.031873053,0.912852089,0.015069835,0.914021386,0.048755364,0.850094492,0.005195625
max,max_sorensen,0.88746348,198,10000,0.316005901,0.074217678,0.988,0.006133922,0.327712921,0.021843087,0.196129718,0.015581374,0.392259436,0.031162749,0.683994099,0.074217678,0.304005901,0.068194781,0.912852089,0.015069835,0.914021386,0.048755364,0.850094492,0.005195625
max,sensitivity,0.27629527,198,10000,0.884166745,0.007150995,0.7628,0.046143255,0.130799507,0.026227332,0.07014714,0.015231,0.14029428,0.030462,0.115833255,0.007150995,0.646966745,0.046166723,0.912852089,0.015069835,0.914021386,0.048755364,0.850094492,0.005195625
max,equal_sens_spec,0.17784409,203,10000,0.946559508,0.018740196,0.9428,0.010401923,0.400197155,0.043270088,0.250891073,0.034069146,0.501782145,0.068138292,0.053440492,0.018740196,0.889359508,0.028399755,0.988129148,0.002617511,0.932170114,0.037265737,0.964874553,0.001408486
max,lpt,0.05486719,203,10000,1,0,0.9269,0.020785812,0.364803412,0.055110748,0.224194402,0.040796817,0.448388803,0.081593634,0,0,0.9269,0.020785812,0.988129148,0.002617511,0.932170114,0.037265737,0.964874553,0.001408486
max,max_fpb,0.58507146,203,10000,0.697428181,0.0812603,0.9922,0.004147288,0.669597239,0.035310966,0.504158206,0.040224136,1.008316412,0.080448272,0.302571819,0.0812603,0.689628181,0.07778376,0.988129148,0.002617511,0.932170114,0.037265737,0.964874553,0.001408486
max,max_jaccard,0.58507146,203,10000,0.697428181,0.0812603,0.9922,0.004147288,0.669597239,0.035310966,0.504158206,0.040224136,1.008316412,0.080448272,0.302571819,0.0812603,0.689628181,0.07778376,0.988129148,0.002617511,0.932170114,0.037265737,0.964874553,0.001408486
max,max_sens_spec,0.12226318,203,10000,0.995348837,0.010400316,0.9324,0.013121547,0.377085743,0.040415087,0.232955218,0.030333232,0.465910436,0.060666465,0.004651163,0.010400316,0.927748837,0.019292538,0.988129148,0.002617511,0.932170114,0.037265737,0.964874553,0.001408486
max,max_sorensen,0.58507146,203,10000,0.697428181,0.0812603,0.9922,0.004147288,0.669597239,0.035310966,0.504158206,0.040224136,1.008316412,0.080448272,0.302571819,0.0812603,0.689628181,0.07778376,0.988129148,0.002617511,0.932170114,0.037265737,0.964874553,0.001408486
max,sensitivity,0.28814753,203,10000,0.886703146,0.007456733,0.9639,0.009336755,0.489267998,0.078327966,0.326781652,0.070431446,0.653563304,0.140862893,0.113296854,0.007456733,0.850603146,0.009268057,0.988129148,0.002617511,0.932170114,0.037265737,0.964874553,0.001408486
max,equal_sens_spec,0.39116168,204,10000,0.824100337,0.017195669,0.8265,0.014679918,0.159893992,0.010412671,0.08692185,0.006173625,0.1738437,0.01234725,0.175899663,0.017195669,0.650600337,0.031379475,0.910355249,0.010904427,0.881048264,0.126298877,0.842913384,0.003990276
max,lpt,0.08436428,204,10000,1,0,0.6447,0.028917123,0.103458814,0.01068177,0.054578117,0.00594857,0.109156235,0.01189714,0,0,0.6447,0.028917123,0.910355249,0.010904427,0.881048264,0.126298877,0.842913384,0.003990276
max,max_fpb,0.86855262,204,10000,0.270086852,0.081074071,0.9861,0.010077202,0.278808482,0.060170485,0.163132436,0.041006346,0.326264871,0.082012693,0.729913148,0.081074071,0.256186852,0.075103699,0.910355249,0.010904427,0.881048264,0.126298877,0.842913384,0.003990276
max,max_jaccard,0.86855262,204,10000,0.270086852,0.081074071,0.9861,0.010077202,0.278808482,0.060170485,0.163132436,0.041006346,0.326264871,0.082012693,0.729913148,0.081074071,0.256186852,0.075103699,0.910355249,0.010904427,0.881048264,0.126298877,0.842913384,0.003990276
max,max_sens_spec,0.31809915,204,10000,0.960852523,0.012988301,0.7726,0.013867228,0.146571787,0.003028379,0.079083751,0.001761309,0.158167501,0.003522617,0.039147477,0.012988301,0.733452523,0.019587294,0.910355249,0.010904427,0.881048264,0.126298877,0.842913384,0.003990276
max,max_sorensen,0.86855262,204,10000,0.270086852,0.081074071,0.9861,0.010077202,0.278808482,0.060170485,0.163132436,0.041006346,0.326264871,0.082012693,0.729913148,0.081074071,0.256186852,0.075103699,0.910355249,0.010904427,0.881048264,0.126298877,0.842913384,0.003990276
max,sensitivity,0.3593926,204,10000,0.892395292,0.007542248,0.7942,0.017552065,0.149209398,0.006623287,0.080630316,0.003856354,0.161260632,0.007712709,0.107604708,0.007542248,0.686595292,0.018654771,0.910355249,0.010904427,0.881048264,0.126298877,0.842913384,0.003990276
max,equal_sens_spec,0.33986863,205,10000,0.844299774,0.017415883,0.8416,0.012456926,0.176755182,0.019269931,0.097042969,0.011540664,0.194085938,0.023081329,0.155700226,0.017415883,0.685899774,0.02956366,0.926367765,0.007495433,0.885518291,0.040672885,0.868699282,0.004606186
max,lpt,0.04368914,205,10000,1,0,0.6558,0.075519534,0.109366051,0.022259664,0.05796436,0.012541915,0.115928721,0.025083829,0,0,0.6558,0.075519534,0.926367765,0.007495433,0.885518291,0.040672885,0.868699282,0.004606186
max,max_fpb,0.84404694,205,10000,0.360407115,0.052754558,0.9897,0.006888396,0.39185058,0.042001356,0.244345366,0.0325399,0.488690731,0.0650798,0.639592885,0.052754558,0.350107115,0.046793317,0.926367765,0.007495433,0.885518291,0.040672885,0.868699282,0.004606186
max,max_jaccard,0.84404694,205,10000,0.360407115,0.052754558,0.9897,0.006888396,0.39185058,0.042001356,0.244345366,0.0325399,0.488690731,0.0650798,0.639592885,0.052754558,0.350107115,0.046793317,0.926367765,0.007495433,0.885518291,0.040672885,0.868699282,0.004606186
max,max_sens_spec,0.22476057,205,10000,0.946582666,0.005975046,0.7979,0.031828446,0.162168885,0.02206544,0.088363729,0.012957949,0.176727458,0.025915898,0.053417334,0.005975046,0.744482666,0.035602904,0.926367765,0.007495433,0.885518291,0.040672885,0.868699282,0.004606186
max,max_sorensen,0.84404694,205,10000,0.360407115,0.052754558,0.9897,0.006888396,0.39185058,0.042001356,0.244345366,0.0325399,0.488690731,0.0650798,0.639592885,0.052754558,0.350107115,0.046793317,0.926367765,0.007495433,0.885518291,0.040672885,0.868699282,0.004606186
max,sensitivity,0.30073153,205,10000,0.887692045,0.007996215,0.8076,0.033673803,0.159576052,0.022413031,0.086834492,0.013175384,0.173668985,0.026350768,0.112307955,0.007996215,0.695292045,0.033417407,0.926367765,0.007495433,0.885518291,0.040672885,0.868699282,0.004606186
max,equal_sens_spec,0.22889065,207,10000,0.82612756,0.022589964,0.8307,0.025341665,0.16742874,0.031424633,0.091622129,0.018909353,0.183244258,0.037818707,0.17387244,0.022589964,0.65682756,0.047846976,0.92142466,0.011642755,0.915378357,0.030627428,0.891194803,0.004122849
max,lpt,0.06085031,207,10000,1,0,0.6462,0.037506,0.104870666,0.007766593,0.055351117,0.004322848,0.110702233,0.008645696,0,0,0.6462,0.037506,0.92142466,0.011642755,0.915378357,0.030627428,0.891194803,0.004122849
max,max_fpb,0.86750301,207,10000,0.404008859,0.117461194,0.9923,0.004009364,0.451235675,0.084712933,0.294273433,0.066790386,0.588546866,0.133580773,0.595991141,0.117461194,0.396308859,0.114630702,0.92142466,0.011642755,0.915378357,0.030627428,0.891194803,0.004122849
max,max_jaccard,0.86750301,207,10000,0.404008859,0.117461194,0.9923,0.004009364,0.451235675,0.084712933,0.294273433,0.066790386,0.588546866,0.133580773,0.595991141,0.117461194,0.396308859,0.114630702,0.92142466,0.011642755,0.915378357,0.030627428,0.891194803,0.004122849
max,max_sens_spec,0.24145204,207,10000,0.902568382,0.044589045,0.7873,0.066921222,0.154654,0.035169412,0.084123477,0.020721735,0.168246954,0.04144347,0.097431618,0.044589045,0.689868382,0.04138877,0.92142466,0.011642755,0.915378357,0.030627428,0.891194803,0.004122849
max,max_sorensen,0.86750301,207,10000,0.404008859,0.117461194,0.9923,0.004009364,0.451235675,0.084712933,0.294273433,0.066790386,0.588546866,0.133580773,0.595991141,0.117461194,0.396308859,0.114630702,0.92142466,0.011642755,0.915378357,0.030627428,0.891194803,0.004122849
max,sensitivity,0.13510411,207,10000,0.89360098,0.006972574,0.7369,0.066481576,0.128921077,0.040995148,0.069323736,0.024061936,0.138647472,0.048123872,0.10639902,0.006972574,0.63050098,0.06024218,0.92142466,0.011642755,0.915378357,0.030627428,0.891194803,0.004122849
max,equal_sens_spec,0.5284438,208,10000,0.827093834,0.017538339,0.8258,0.017426991,0.163026073,0.014462136,0.088801141,0.008583445,0.177602282,0.017166891,0.172906166,0.017538339,0.652893834,0.034120839,0.902489573,0.009404187,0.919727004,0.020331014,0.825544421,0.005298046
max,lpt,0.02262606,208,10000,1,0,0.6949,0.093969676,0.125317014,0.024628008,0.066992539,0.01384451,0.133985078,0.027689019,0,0,0.6949,0.093969676,0.902489573,0.009404187,0.919727004,0.020331014,0.825544421,0.005298046
max,max_fpb,0.71600792,208,10000,0.532899684,0.144025911,0.9273,0.026142877,0.212309996,0.019716085,0.118871583,0.012397689,0.237743166,0.024795379,0.467100316,0.144025911,0.460199684,0.120081552,0.902489573,0.009404187,0.919727004,0.020331014,0.825544421,0.005298046
max,max_jaccard,0.71600792,208,10000,0.532899684,0.144025911,0.9273,0.026142877,0.212309996,0.019716085,0.118871583,0.012397689,0.237743166,0.024795379,0.467100316,0.144025911,0.460199684,0.120081552,0.902489573,0.009404187,0.919727004,0.020331014,0.825544421,0.005298046
max,max_sens_spec,0.36184463,208,10000,0.966877347,0.03909669,0.7658,0.028172682,0.147297623,0.014509807,0.079557663,0.008532969,0.159115326,0.017065937,0.033122653,0.03909669,0.732677347,0.04080607,0.902489573,0.009404187,0.919727004,0.020331014,0.825544421,0.005298046
max,max_sorensen,0.71600792,208,10000,0.532899684,0.144025911,0.9273,0.026142877,0.212309996,0.019716085,0.118871583,0.012397689,0.237743166,0.024795379,0.467100316,0.144025911,0.460199684,0.120081552,0.902489573,0.009404187,0.919727004,0.020331014,0.825544421,0.005298046
max,sensitivity,0.46039162,208,10000,0.884734895,0.008765993,0.7967,0.030613722,0.153467821,0.01666984,0.08318194,0.009771312,0.16636388,0.019542624,0.115265105,0.008765993,0.681434895,0.033001712,0.902489573,0.009404187,0.919727004,0.020331014,0.825544421,0.005298046
max,equal_sens_spec,0.32712496,208,10000,0.85081519,0.01142005,0.8508,0.016150077,0.189649311,0.017778542,0.104842992,0.010776758,0.209685985,0.021553516,0.14918481,0.01142005,0.70161519,0.026770309,0.933043833,0.007522435,0.835351203,0.074842616,0.883182552,0.003743636
max,lpt,0.11202582,208,10000,1,0,0.7384,0.019333908,0.137757601,0.012293782,0.074011501,0.007092659,0.148023003,0.014185318,0,0,0.7384,0.019333908,0.933043833,0.007522435,0.835351203,0.074842616,0.883182552,0.003743636
max,max_fpb,0.87020702,208,10000,0.355364545,0.030996855,0.9906,0.003228777,0.394620982,0.04483615,0.246604214,0.035479657,0.493208428,0.070959313,0.644635455,0.030996855,0.345964545,0.030823665,0.933043833,0.007522435,0.835351203,0.074842616,0.883182552,0.003743636
max,max_jaccard,0.87020702,208,10000,0.355364545,0.030996855,0.9906,0.003228777,0.394620982,0.04483615,0.246604214,0.035479657,0.493208428,0.070959313,0.644635455,0.030996855,0.345964545,0.030823665,0.933043833,0.007522435,0.835351203,0.074842616,0.883182552,0.003743636
max,max_sens_spec,0.22881114,208,10000,0.951149701,0.03939451,0.8147,0.044044863,0.179327279,0.027598591,0.098696862,0.01664165,0.197393725,0.033283299,0.048850299,0.03939451,0.765849701,0.022169012,0.933043833,0.007522435,0.835351203,0.074842616,0.883182552,0.003743636
max,max_sorensen,0.87020702,208,10000,0.355364545,0.030996855,0.9906,0.003228777,0.394620982,0.04483615,0.246604214,0.035479657,0.493208428,0.070959313,0.644635455,0.030996855,0.345964545,0.030823665,0.933043833,0.007522435,0.835351203,0.074842616,0.883182552,0.003743636
max,sensitivity,0.28800731,208,10000,0.884775784,0.00745612,0.832,0.030951575,0.180472345,0.02516907,0.099353236,0.015079189,0.198706472,0.030158379,0.115224216,0.00745612,0.716775784,0.031267937,0.933043833,0.007522435,0.835351203,0.074842616,0.883182552,0.003743636
max,equal_sens_spec,0.24874255,209,10000,0.893608618,0.037189354,0.8957,0.032715822,0.267802952,0.051040567,0.155411767,0.034316696,0.310823535,0.068633393,0.106391382,0.037189354,0.789308618,0.069887176,0.963668739,0.013216647,0.964546245,0.021676014,0.924863932,0.00572363
max,lpt,0.0245857,209,10000,1,0,0.693,0.092582396,0.122972573,0.019071979,0.06560225,0.010791894,0.1312045,0.021583789,0,0,0.693,0.092582396,0.963668739,0.013216647,0.964546245,0.021676014,0.924863932,0.00572363
max,max_fpb,0.65228354,209,10000,0.696447,0.049034346,0.9842,0.005540758,0.57318771,0.03985093,0.402597604,0.039012809,0.805195209,0.078025617,0.303553,0.049034346,0.680647,0.047610091,0.963668739,0.013216647,0.964546245,0.021676014,0.924863932,0.00572363
max,max_jaccard,0.65228354,209,10000,0.696447,0.049034346,0.9842,0.005540758,0.57318771,0.03985093,0.402597604,0.039012809,0.805195209,0.078025617,0.303553,0.049034346,0.680647,0.047610091,0.963668739,0.013216647,0.964546245,0.021676014,0.924863932,0.00572363
max,max_sens_spec,0.37725532,209,10000,0.920810753,0.045264299,0.9041,0.061484144,0.317704123,0.104748769,0.192544833,0.074213021,0.385089666,0.148426042,0.079189247,0.045264299,0.824910753,0.057631992,0.963668739,0.013216647,0.964546245,0.021676014,0.924863932,0.00572363
max,max_sorensen,0.65228354,209,10000,0.696447,0.049034346,0.9842,0.005540758,0.57318771,0.03985093,0.402597604,0.039012809,0.805195209,0.078025617,0.303553,0.049034346,0.680647,0.047610091,0.963668739,0.013216647,0.964546245,0.021676014,0.924863932,0.00572363
max,sensitivity,0.2203964,209,10000,0.89408881,0.006695393,0.8696,0.063754804,0.246818815,0.088453921,0.143150033,0.058691008,0.286300066,0.117382015,0.10591119,0.006695393,0.76368881,0.059794752,0.963668739,0.013216647,0.964546245,0.021676014,0.924863932,0.00572363
max,equal_sens_spec,0.44138236,211,10000,0.86734753,0.010158142,0.8661,0.010579461,0.211725532,0.014958054,0.118458914,0.009319461,0.236917828,0.018638922,0.13265247,0.010158142,0.73344753,0.020400001,0.928131257,0.002117575,0.836261717,0.066713179,0.871574475,0.005245445
max,lpt,0.15180182,211,10000,1,0,0.7932,0.044234602,0.173645607,0.031582512,0.095340246,0.018977756,0.190680493,0.037955513,0,0,0.7932,0.044234602,0.928131257,0.002117575,0.836261717,0.066713179,0.871574475,0.005245445
max,max_fpb,0.72996028,211,10000,0.301269328,0.139123878,0.9801,0.018345299,0.269956337,0.033166948,0.156380221,0.022173699,0.312760441,0.044347398,0.698730672,0.139123878,0.281369328,0.122386998,0.928131257,0.002117575,0.836261717,0.066713179,0.871574475,0.005245445
max,max_jaccard,0.72996028,211,10000,0.301269328,0.139123878,0.9801,0.018345299,0.269956337,0.033166948,0.156380221,0.022173699,0.312760441,0.044347398,0.698730672,0.139123878,0.281369328,0.122386998,0.928131257,0.002117575,0.836261717,0.066713179,0.871574475,0.005245445
max,max_sens_spec,0.34238188,211,10000,0.985697674,0.021009218,0.8142,0.023742367,0.184263441,0.021993809,0.10161073,0.013349194,0.203221459,0.026698388,0.014302326,0.021009218,0.799897674,0.035638283,0.928131257,0.002117575,0.836261717,0.066713179,0.871574475,0.005245445
max,max_sorensen,0.72996028,211,10000,0.301269328,0.139123878,0.9801,0.018345299,0.269956337,0.033166948,0.156380221,0.022173699,0.312760441,0.044347398,0.698730672,0.139123878,0.281369328,0.122386998,0.928131257,0.002117575,0.836261717,0.066713179,0.871574475,0.005245445
max,sensitivity,0.43043142,211,10000,0.886224568,0.009427644,0.854,0.016093477,0.202217476,0.01615781,0.112553219,0.00995926,0.225106439,0.019918521,0.113775432,0.009427644,0.740224568,0.021171692,0.928131257,0.002117575,0.836261717,0.066713179,0.871574475,0.005245445
max,equal_sens_spec,0.23702915,212,10000,0.90579866,0.013439319,0.9078,0.013917615,0.292180217,0.037705737,0.171542614,0.025980982,0.343085228,0.051961964,0.09420134,0.013439319,0.81359866,0.027219039,0.969888608,0.00900007,0.934726992,0.035766643,0.938222791,0.002182521
max,lpt,0.03966154,212,10000,1,0,0.8343,0.048605041,0.210491719,0.03485998,0.117962705,0.021643909,0.235925409,0.043287818,0,0,0.8343,0.048605041,0.969888608,0.00900007,0.934726992,0.035766643,0.938222791,0.002182521
max,max_fpb,0.80173388,212,10000,0.511282584,0.108642804,0.9949,0.001431782,0.580520181,0.093247327,0.414081363,0.097446219,0.828162726,0.194892438,0.488717416,0.108642804,0.506182584,0.109079378,0.969888608,0.00900007,0.934726992,0.035766643,0.938222791,0.002182521
max,max_jaccard,0.80173388,212,10000,0.511282584,0.108642804,0.9949,0.001431782,0.580520181,0.093247327,0.414081363,0.097446219,0.828162726,0.194892438,0.488717416,0.108642804,0.506182584,0.109079378,0.969888608,0.00900007,0.934726992,0.035766643,0.938222791,0.002182521
max,max_sens_spec,0.1800273,212,10000,0.981977743,0.018700785,0.887,0.021011901,0.272183496,0.038262973,0.15798582,0.025713511,0.31597164,0.051427022,0.018022257,0.018700785,0.868977743,0.017232762,0.969888608,0.00900007,0.934726992,0.035766643,0.938222791,0.002182521
max,max_sorensen,0.80173388,212,10000,0.511282584,0.108642804,0.9949,0.001431782,0.580520181,0.093247327,0.414081363,0.097446219,0.828162726,0.194892438,0.488717416,0.108642804,0.506182584,0.109079378,0.969888608,0.00900007,0.934726992,0.035766643,0.938222791,0.002182521
max,sensitivity,0.24573884,212,10000,0.891598118,0.008655515,0.9124,0.022224424,0.303885336,0.059038799,0.180337751,0.042106051,0.360675502,0.084212103,0.108401882,0.008655515,0.803998118,0.014776606,0.969888608,0.00900007,0.934726992,0.035766643,0.938222791,0.002182521
max,equal_sens_spec,0.48814913,217,10000,0.824943285,0.019914406,0.8257,0.020179197,0.168609471,0.022459386,0.092199173,0.013537237,0.184398346,0.027074474,0.175056715,0.019914406,0.650643285,0.039664941,0.898494221,0.014867558,0.802626005,0.076335077,0.82902576,0.00785029
max,lpt,0.02714683,217,10000,1,0,0.6339,0.079942479,0.108982225,0.02151835,0.057741272,0.012056701,0.115482545,0.024113401,0,0,0.6339,0.079942479,0.898494221,0.014867558,0.802626005,0.076335077,0.82902576,0.00785029
max,max_fpb,0.93688471,217,10000,0.18378951,0.027500952,0.9965,0.0025,0.27247371,0.035720217,0.158118543,0.02380467,0.316237085,0.04760934,0.81621049,0.027500952,0.18028951,0.026477069,0.898494221,0.014867558,0.802626005,0.076335077,0.82902576,0.00785029
max,max_jaccard,0.93688471,217,10000,0.18378951,0.027500952,0.9965,0.0025,0.27247371,0.035720217,0.158118543,0.02380467,0.316237085,0.04760934,0.81621049,0.027500952,0.18028951,0.026477069,0.898494221,0.014867558,0.802626005,0.076335077,0.82902576,0.00785029
max,max_sens_spec,0.31333962,217,10000,0.924947714,0.046942482,0.7944,0.058293868,0.169160944,0.038580746,0.092794626,0.023686913,0.185589252,0.047373827,0.075052286,0.046942482,0.719347714,0.028888122,0.898494221,0.014867558,0.802626005,0.076335077,0.82902576,0.00785029
max,max_sorensen,0.93688471,217,10000,0.18378951,0.027500952,0.9965,0.0025,0.27247371,0.035720217,0.158118543,0.02380467,0.316237085,0.04760934,0.81621049,0.027500952,0.18028951,0.026477069,0.898494221,0.014867558,0.802626005,0.076335077,0.82902576,0.00785029
max,sensitivity,0.386025,217,10000,0.889300305,0.006622216,0.7848,0.03587757,0.152605077,0.021202254,0.082720225,0.012490339,0.165440449,0.024980678,0.110699695,0.006622216,0.674100305,0.030176229,0.898494221,0.014867558,0.802626005,0.076335077,0.82902576,0.00785029
max,equal_sens_spec,0.10895014,218,10000,0.921573217,0.013477303,0.92,0.015099669,0.333875517,0.057958575,0.201583143,0.042866301,0.403166287,0.085732602,0.078426783,0.013477303,0.841573217,0.028392847,0.980083286,0.006061647,0.95888956,0.020519302,0.971535592,0.001931769
max,lpt,0.00442053,218,10000,1,0,0.7563,0.067671634,0.15798244,0.037332374,0.086125857,0.022198735,0.172251713,0.044397469,0,0,0.7563,0.067671634,0.980083286,0.006061647,0.95888956,0.020519302,0.971535592,0.001931769
max,max_fpb,0.55819567,218,10000,0.731157266,0.057218342,0.9984,8.94E-04,0.8096696,0.032398491,0.681202118,0.045773727,1.362404236,0.091547454,0.268842734,0.057218342,0.729557266,0.056868776,0.980083286,0.006061647,0.95888956,0.020519302,0.971535592,0.001931769
max,max_jaccard,0.55819567,218,10000,0.731157266,0.057218342,0.9984,8.94E-04,0.8096696,0.032398491,0.681202118,0.045773727,1.362404236,0.091547454,0.268842734,0.057218342,0.729557266,0.056868776,0.980083286,0.006061647,0.95888956,0.020519302,0.971535592,0.001931769
max,max_sens_spec,0.10358288,218,10000,0.922185212,0.019544004,0.9334,0.028500877,0.395159572,0.126117505,0.25268206,0.102709621,0.505364121,0.205419242,0.077814788,0.019544004,0.855585212,0.031320287,0.980083286,0.006061647,0.95888956,0.020519302,0.971535592,0.001931769
max,max_sorensen,0.55819567,218,10000,0.731157266,0.057218342,0.9984,8.94E-04,0.8096696,0.032398491,0.681202118,0.045773727,1.362404236,0.091547454,0.268842734,0.057218342,0.729557266,0.056868776,0.980083286,0.006061647,0.95888956,0.020519302,0.971535592,0.001931769
max,sensitivity,0.13996298,218,10000,0.889734737,0.007218412,0.9393,0.026195419,0.402448689,0.115780727,0.257388933,0.094453777,0.514777866,0.188907553,0.110265263,0.007218412,0.829034737,0.027004995,0.980083286,0.006061647,0.95888956,0.020519302,0.971535592,0.001931769
max,equal_sens_spec,0.28504543,218,10000,0.922048188,0.00873015,0.9226,0.009215476,0.337998199,0.036353568,0.203838028,0.026856669,0.407676056,0.053713338,0.077951812,0.00873015,0.844648188,0.017730667,0.976245034,0.003882389,0.913364185,0.025549316,0.945690796,0.003175064
max,lpt,0.0039411,218,10000,1,0,0.8522,0.053895269,0.240638499,0.059476682,0.137805463,0.03806722,0.275610926,0.07613444,0,0,0.8522,0.053895269,0.976245034,0.003882389,0.913364185,0.025549316,0.945690796,0.003175064
max,max_fpb,0.61426619,218,10000,0.576430407,0.115658776,0.9872,0.007049823,0.533875545,0.055847615,0.365662869,0.049964448,0.731325738,0.099928896,0.423569593,0.115658776,0.563630407,0.110345951,0.976245034,0.003882389,0.913364185,0.025549316,0.945690796,0.003175064
max,max_jaccard,0.61426619,218,10000,0.576430407,0.115658776,0.9872,0.007049823,0.533875545,0.055847615,0.365662869,0.049964448,0.731325738,0.099928896,0.423569593,0.115658776,0.563630407,0.110345951,0.976245034,0.003882389,0.913364185,0.025549316,0.945690796,0.003175064
max,max_sens_spec,0.15857557,218,10000,0.982259632,0.018341672,0.9076,0.020156885,0.320709785,0.052844214,0.191943179,0.038297387,0.383886358,0.076594774,0.017740368,0.018341672,0.889859632,0.007538547,0.976245034,0.003882389,0.913364185,0.025549316,0.945690796,0.003175064
max,max_sorensen,0.61426619,218,10000,0.576430407,0.115658776,0.9872,0.007049823,0.533875545,0.055847615,0.365662869,0.049964448,0.731325738,0.099928896,0.423569593,0.115658776,0.563630407,0.110345951,0.976245034,0.003882389,0.913364185,0.025549316,0.945690796,0.003175064
max,sensitivity,0.33960704,218,10000,0.885328714,0.011074924,0.9286,0.01505988,0.347480004,0.052811338,0.211283355,0.039537176,0.42256671,0.079074351,0.114671286,0.011074924,0.813928714,0.020718851,0.976245034,0.003882389,0.913364185,0.025549316,0.945690796,0.003175064
max,equal_sens_spec,0.12733995,219,10000,0.881009485,0.019976624,0.8798,0.019540343,0.24217072,0.037357366,0.13817508,0.024009481,0.276350161,0.048018961,0.118990515,0.019976624,0.760809485,0.039284586,0.957384648,0.010581279,0.960524811,0.024992876,0.944771859,0.003274591
max,lpt,0.01389242,219,10000,1,0,0.6364,0.055414799,0.108943888,0.015614553,0.057668006,0.008769782,0.115336012,0.017539565,0,0,0.6364,0.055414799,0.957384648,0.010581279,0.960524811,0.024992876,0.944771859,0.003274591
max,max_fpb,0.76506684,219,10000,0.564485095,0.065789229,0.9952,0.002138925,0.634963068,0.073471129,0.468610225,0.080103654,0.937220449,0.160207308,0.435514905,0.065789229,0.559685095,0.067159355,0.957384648,0.010581279,0.960524811,0.024992876,0.944771859,0.003274591
max,max_jaccard,0.76506684,219,10000,0.564485095,0.065789229,0.9952,0.002138925,0.634963068,0.073471129,0.468610225,0.080103654,0.937220449,0.160207308,0.435514905,0.065789229,0.559685095,0.067159355,0.957384648,0.010581279,0.960524811,0.024992876,0.944771859,0.003274591
max,max_sens_spec,0.12960198,219,10000,0.903787263,0.038496922,0.8833,0.01960102,0.252301782,0.028822579,0.144610048,0.018776626,0.289220097,0.037553253,0.096212737,0.038496922,0.787087263,0.035132472,0.957384648,0.010581279,0.960524811,0.024992876,0.944771859,0.003274591
max,max_sorensen,0.76506684,219,10000,0.564485095,0.065789229,0.9952,0.002138925,0.634963068,0.073471129,0.468610225,0.080103654,0.937220449,0.160207308,0.435514905,0.065789229,0.559685095,0.067159355,0.957384648,0.010581279,0.960524811,0.024992876,0.944771859,0.003274591
max,sensitivity,0.10982197,219,10000,0.890331978,0.008348316,0.8454,0.055767822,0.209867734,0.051695743,0.117976168,0.032051266,0.235952336,0.064102532,0.109668022,0.008348316,0.735731978,0.058804558,0.957384648,0.010581279,0.960524811,0.024992876,0.944771859,0.003274591
max,equal_sens_spec,0.42081789,221,10000,0.849936856,0.017822302,0.8582,0.018823523,0.208199591,0.035582607,0.116551418,0.022390357,0.233102835,0.044780713,0.150063144,0.017822302,0.708136856,0.036569039,0.91963967,0.008997837,0.892580525,0.062035243,0.855958978,0.004125034
max,lpt,0.07846565,221,10000,1,0,0.7054,0.051106996,0.133044926,0.023092183,0.071394332,0.013266955,0.142788664,0.02653391,0,0,0.7054,0.051106996,0.91963967,0.008997837,0.892580525,0.062035243,0.855958978,0.004125034
max,max_fpb,0.7576775,221,10000,0.636282887,0.156462222,0.9236,0.037432272,0.261567439,0.057253943,0.151502947,0.039525476,0.303005894,0.079050951,0.363717113,0.156462222,0.559882887,0.120567009,0.91963967,0.008997837,0.892580525,0.062035243,0.855958978,0.004125034
max,max_jaccard,0.7576775,221,10000,0.636282887,0.156462222,0.9236,0.037432272,0.261567439,0.057253943,0.151502947,0.039525476,0.303005894,0.079050951,0.363717113,0.156462222,0.559882887,0.120567009,0.91963967,0.008997837,0.892580525,0.062035243,0.855958978,0.004125034
max,max_sens_spec,0.20042865,221,10000,0.945927869,0.050593972,0.8058,0.051712668,0.183557974,0.047304624,0.101670703,0.02962252,0.203341406,0.059245039,0.054072131,0.050593972,0.751727869,0.022950311,0.91963967,0.008997837,0.892580525,0.062035243,0.855958978,0.004125034
max,max_sorensen,0.7576775,221,10000,0.636282887,0.156462222,0.9236,0.037432272,0.261567439,0.057253943,0.151502947,0.039525476,0.303005894,0.079050951,0.363717113,0.156462222,0.559882887,0.120567009,0.91963967,0.008997837,0.892580525,0.062035243,0.855958978,0.004125034
max,sensitivity,0.34506141,221,10000,0.886434489,0.007868673,0.8224,0.017686153,0.179544625,0.018050241,0.098712335,0.010857258,0.197424669,0.021714515,0.113565511,0.007868673,0.708834489,0.019311924,0.91963967,0.008997837,0.892580525,0.062035243,0.855958978,0.004125034
max,equal_sens_spec,0.44795689,223,10000,0.874767631,0.015320742,0.8688,0.011037436,0.226122396,0.01720015,0.127558846,0.011001959,0.255117692,0.022003917,0.125232369,0.015320742,0.743567631,0.026104807,0.935585172,0.006070677,0.94215715,0.036510812,0.875066575,0.002837624
max,lpt,0.10918147,223,10000,1,0,0.7578,0.074589376,0.161636147,0.030061737,0.088152327,0.017460618,0.176304653,0.034921236,0,0,0.7578,0.074589376,0.935585172,0.006070677,0.94215715,0.036510812,0.875066575,0.002837624
max,max_fpb,0.78136836,223,10000,0.434769393,0.114550453,0.9693,0.01196662,0.308778298,0.02697522,0.182815145,0.018658955,0.36563029,0.037317909,0.565230607,0.114550453,0.404069393,0.103137642,0.935585172,0.006070677,0.94215715,0.036510812,0.875066575,0.002837624
max,max_jaccard,0.78136836,223,10000,0.434769393,0.114550453,0.9693,0.01196662,0.308778298,0.02697522,0.182815145,0.018658955,0.36563029,0.037317909,0.565230607,0.114550453,0.404069393,0.103137642,0.935585172,0.006070677,0.94215715,0.036510812,0.875066575,0.002837624
max,max_sens_spec,0.17143353,223,10000,0.973084886,0.03939192,0.8217,0.046660476,0.201621802,0.038554431,0.112526833,0.024123673,0.225053666,0.048247346,0.026915114,0.03939192,0.794784886,0.012935579,0.935585172,0.006070677,0.94215715,0.036510812,0.875066575,0.002837624
max,max_sorensen,0.78136836,223,10000,0.434769393,0.114550453,0.9693,0.01196662,0.308778298,0.02697522,0.182815145,0.018658955,0.36563029,0.037317909,0.565230607,0.114550453,0.404069393,0.103137642,0.935585172,0.006070677,0.94215715,0.036510812,0.875066575,0.002837624
max,sensitivity,0.39879882,223,10000,0.887626096,0.006164966,0.8508,0.026366646,0.209671407,0.026758686,0.117315158,0.016877749,0.234630317,0.033755498,0.112373904,0.006164966,0.738426096,0.024271036,0.935585172,0.006070677,0.94215715,0.036510812,0.875066575,0.002837624
max,equal_sens_spec,0.33027582,228,10000,0.934612892,0.012617317,0.9375,0.007648529,0.400895204,0.031192349,0.251084524,0.024659457,0.502169049,0.049318914,0.065387108,0.012617317,0.872112892,0.019786132,0.98088426,0.002443213,0.940050645,0.051615938,0.950766918,0.004369982
max,lpt,0.10906397,228,10000,1,0,0.9015,0.012649111,0.318606822,0.042164959,0.190091278,0.029992484,0.380182555,0.059984968,0,0,0.9015,0.012649111,0.98088426,0.002443213,0.940050645,0.051615938,0.950766918,0.004369982
max,max_fpb,0.6767956,228,10000,0.578642796,0.067264491,0.9899,0.004263215,0.573379475,0.055164308,0.403615166,0.054984163,0.807230332,0.109968326,0.421357204,0.067264491,0.568542796,0.065346035,0.98088426,0.002443213,0.940050645,0.051615938,0.950766918,0.004369982
max,max_jaccard,0.6767956,228,10000,0.578642796,0.067264491,0.9899,0.004263215,0.573379475,0.055164308,0.403615166,0.054984163,0.807230332,0.109968326,0.421357204,0.067264491,0.568542796,0.065346035,0.98088426,0.002443213,0.940050645,0.051615938,0.950766918,0.004369982
max,max_sens_spec,0.10906397,228,10000,0.991040319,0.012349065,0.9177,0.022911787,0.362869577,0.065145908,0.223232024,0.049711638,0.446464047,0.099423275,0.008959681,0.012349065,0.908740319,0.010809585,0.98088426,0.002443213,0.940050645,0.051615938,0.950766918,0.004369982
max,max_sorensen,0.6767956,228,10000,0.578642796,0.067264491,0.9899,0.004263215,0.573379475,0.055164308,0.403615166,0.054984163,0.807230332,0.109968326,0.421357204,0.067264491,0.568542796,0.065346035,0.98088426,0.002443213,0.940050645,0.051615938,0.950766918,0.004369982
max,sensitivity,0.36456778,228,10000,0.88983585,0.008552527,0.9506,0.003361547,0.438771731,0.028419286,0.281382088,0.023310611,0.562764177,0.046621221,0.11016415,0.008552527,0.84043585,0.00963655,0.98088426,0.002443213,0.940050645,0.051615938,0.950766918,0.004369982
max,equal_sens_spec,0.21957821,231,10000,0.813614814,0.023624923,0.8118,0.023952035,0.165147971,0.025343686,0.090172529,0.01505751,0.180345059,0.03011502,0.186385186,0.023624923,0.625414814,0.047359763,0.91685893,0.012523773,0.890856886,0.032141974,0.880183937,0.003851666
max,lpt,0.00897217,231,10000,1,0,0.5763,0.093081685,0.101537579,0.021910525,0.053596322,0.012153413,0.107192645,0.024306825,0,0,0.5763,0.093081685,0.91685893,0.012523773,0.890856886,0.032141974,0.880183937,0.003851666
max,max_fpb,0.84901203,231,10000,0.431842076,0.02105563,0.9922,0.001955761,0.488698142,0.029823209,0.323778498,0.026363295,0.647556996,0.05272659,0.568157924,0.02105563,0.424042076,0.020872874,0.91685893,0.012523773,0.890856886,0.032141974,0.880183937,0.003851666
max,max_jaccard,0.84901203,231,10000,0.431842076,0.02105563,0.9922,0.001955761,0.488698142,0.029823209,0.323778498,0.026363295,0.647556996,0.05272659,0.568157924,0.02105563,0.424042076,0.020872874,0.91685893,0.012523773,0.890856886,0.032141974,0.880183937,0.003851666
max,max_sens_spec,0.25705263,231,10000,0.821470388,0.082772788,0.874,0.053531533,0.237620484,0.052000433,0.135621947,0.033585605,0.271243894,0.067171211,0.178529612,0.082772788,0.695470388,0.034491278,0.91685893,0.012523773,0.890856886,0.032141974,0.880183937,0.003851666
max,max_sorensen,0.84901203,231,10000,0.431842076,0.02105563,0.9922,0.001955761,0.488698142,0.029823209,0.323778498,0.026363295,0.647556996,0.05272659,0.568157924,0.02105563,0.424042076,0.020872874,0.91685893,0.012523773,0.890856886,0.032141974,0.880183937,0.003851666
max,sensitivity,0.15613509,231,10000,0.887441172,0.003975656,0.7182,0.059242721,0.129565351,0.026804381,0.069445953,0.015332434,0.138891905,0.030664869,0.112558828,0.003975656,0.605641172,0.060804166,0.91685893,0.012523773,0.890856886,0.032141974,0.880183937,0.003851666
max,equal_sens_spec,0.35508152,232,10000,0.839550725,0.022948052,0.8406,0.024182638,0.196398393,0.041953782,0.109379971,0.026210446,0.218759942,0.052420891,0.160449275,0.022948052,0.680150725,0.046573769,0.915622685,0.022056846,0.932741623,0.030499981,0.859372412,0.005182978
max,lpt,0.00573801,232,10000,1,0,0.5875,0.119436175,0.108688407,0.038142338,0.057815669,0.021601658,0.115631338,0.043203316,0,0,0.5875,0.119436175,0.915622685,0.022056846,0.932741623,0.030499981,0.859372412,0.005182978
max,max_fpb,0.71801537,232,10000,0.417355072,0.111102903,0.975,0.013820275,0.337841959,0.049084346,0.204110459,0.036224948,0.408220919,0.072449897,0.582644928,0.111102903,0.392355072,0.099153939,0.915622685,0.022056846,0.932741623,0.030499981,0.859372412,0.005182978
max,max_jaccard,0.71801537,232,10000,0.417355072,0.111102903,0.975,0.013820275,0.337841959,0.049084346,0.204110459,0.036224948,0.408220919,0.072449897,0.582644928,0.111102903,0.392355072,0.099153939,0.915622685,0.022056846,0.932741623,0.030499981,0.859372412,0.005182978
max,max_sens_spec,0.31250791,232,10000,0.880927536,0.04799056,0.8386,0.036275681,0.205245097,0.048942927,0.115042389,0.031361175,0.230084779,0.06272235,0.119072464,0.04799056,0.719527536,0.048160932,0.915622685,0.022056846,0.932741623,0.030499981,0.859372412,0.005182978
max,max_sorensen,0.71801537,232,10000,0.417355072,0.111102903,0.975,0.013820275,0.337841959,0.049084346,0.204110459,0.036224948,0.408220919,0.072449897,0.582644928,0.111102903,0.392355072,0.099153939,0.915622685,0.022056846,0.932741623,0.030499981,0.859372412,0.005182978
max,sensitivity,0.26218907,232,10000,0.896594203,0.003617296,0.7417,0.132637005,0.155009481,0.051677659,0.084679232,0.029585004,0.169358465,0.059170007,0.103405797,0.003617296,0.638294203,0.13080966,0.915622685,0.022056846,0.932741623,0.030499981,0.859372412,0.005182978
max,equal_sens_spec,0.39344166,235,10000,0.838437202,0.024014278,0.8402,0.025422923,0.196288987,0.031176649,0.109089842,0.019148725,0.218179684,0.038297451,0.161562798,0.024014278,0.678637202,0.049062016,0.91710175,0.01225756,0.93151752,0.035237119,0.856331381,0.007574458
max,lpt,0.02491451,235,10000,1,0,0.6243,0.068522442,0.112917815,0.015557864,0.059895044,0.00876212,0.119790087,0.01752424,0,0,0.6243,0.068522442,0.91710175,0.01225756,0.93151752,0.035237119,0.856331381,0.007574458
max,max_fpb,0.72372213,235,10000,0.395357979,0.127468894,0.9721,0.018386136,0.307827512,0.046724654,0.182628649,0.032423177,0.365257297,0.064846354,0.604642021,0.127468894,0.367457979,0.111078456,0.91710175,0.01225756,0.93151752,0.035237119,0.856331381,0.007574458
max,max_jaccard,0.72372213,235,10000,0.395357979,0.127468894,0.9721,0.018386136,0.307827512,0.046724654,0.182628649,0.032423177,0.365257297,0.064846354,0.604642021,0.127468894,0.367457979,0.111078456,0.91710175,0.01225756,0.93151752,0.035237119,0.856331381,0.007574458
max,max_sens_spec,0.20450706,235,10000,0.946630897,0.039837779,0.7813,0.056900791,0.174456038,0.04183514,0.096028127,0.025324963,0.192056254,0.050649926,0.053369103,0.039837779,0.727930897,0.027000371,0.91710175,0.01225756,0.93151752,0.035237119,0.856331381,0.007574458
max,max_sorensen,0.72372213,235,10000,0.395357979,0.127468894,0.9721,0.018386136,0.307827512,0.046724654,0.182628649,0.032423177,0.365257297,0.064846354,0.604642021,0.127468894,0.367457979,0.111078456,0.91710175,0.01225756,0.93151752,0.035237119,0.856331381,0.007574458
max,sensitivity,0.3086297,235,10000,0.889739932,0.007776281,0.7995,0.035351803,0.17333874,0.030580244,0.095140552,0.018428367,0.190281104,0.036856733,0.110260068,0.007776281,0.689239932,0.037991668,0.91710175,0.01225756,0.93151752,0.035237119,0.856331381,0.007574458
max,equal_sens_spec,0.39397047,235,10000,0.838305932,0.009751423,0.8369,0.01309771,0.191578277,0.013709775,0.105988013,0.008456437,0.211976026,0.016912873,0.161694068,0.009751423,0.675205932,0.022154554,0.921943706,0.006498971,0.88099036,0.076033696,0.858468927,0.006614904
max,lpt,0.04302414,235,10000,1,0,0.6361,0.058742446,0.11670328,0.021053838,0.062075057,0.012021239,0.124150114,0.024042478,0,0,0.6361,0.058742446,0.921943706,0.006498971,0.88099036,0.076033696,0.858468927,0.006614904
max,max_fpb,0.77495298,235,10000,0.31886686,0.066813533,0.9877,0.005552027,0.346741606,0.060777798,0.211085932,0.046043889,0.422171865,0.092087778,0.68113314,0.066813533,0.30656686,0.064812948,0.921943706,0.006498971,0.88099036,0.076033696,0.858468927,0.006614904
max,max_jaccard,0.77495298,235,10000,0.31886686,0.066813533,0.9877,0.005552027,0.346741606,0.060777798,0.211085932,0.046043889,0.422171865,0.092087778,0.68113314,0.066813533,0.30656686,0.064812948,0.921943706,0.006498971,0.88099036,0.076033696,0.858468927,0.006614904
max,max_sens_spec,0.28619856,235,10000,0.941110574,0.051466298,0.8032,0.040462328,0.185920174,0.026923101,0.10268395,0.016562461,0.2053679,0.033124921,0.058889426,0.051466298,0.744310574,0.01951631,0.921943706,0.006498971,0.88099036,0.076033696,0.858468927,0.006614904
max,max_sorensen,0.77495298,235,10000,0.31886686,0.066813533,0.9877,0.005552027,0.346741606,0.060777798,0.211085932,0.046043889,0.422171865,0.092087778,0.68113314,0.066813533,0.30656686,0.064812948,0.921943706,0.006498971,0.88099036,0.076033696,0.858468927,0.006614904
max,sensitivity,0.34621647,235,10000,0.893496132,0.004101056,0.802,0.021555162,0.174003806,0.011569282,0.0953277,0.006937687,0.190655399,0.013875374,0.106503868,0.004101056,0.695496132,0.018733209,0.921943706,0.006498971,0.88099036,0.076033696,0.858468927,0.006614904
max,equal_sens_spec,0.21403643,236,10000,0.868453102,0.026295973,0.8676,0.025205158,0.235871458,0.040223028,0.134167613,0.025405841,0.268335226,0.050811682,0.131546898,0.026295973,0.736053102,0.051083644,0.94600501,0.005301004,0.896037973,0.060032999,0.921388628,0.002229907
max,lpt,0.0073539,236,10000,1,0,0.6017,0.086079614,0.108822356,0.022044071,0.057656398,0.012256478,0.115312796,0.024512957,0,0,0.6017,0.086079614,0.94600501,0.005301004,0.896037973,0.060032999,0.921388628,0.002229907
max,max_fpb,0.84511675,236,10000,0.508294372,0.074926334,0.9916,0.003927467,0.544339111,0.049765791,0.375202575,0.045952866,0.75040515,0.091905732,0.491705628,0.074926334,0.499894372,0.072581732,0.94600501,0.005301004,0.896037973,0.060032999,0.921388628,0.002229907
max,max_jaccard,0.84511675,236,10000,0.508294372,0.074926334,0.9916,0.003927467,0.544339111,0.049765791,0.375202575,0.045952866,0.75040515,0.091905732,0.491705628,0.074926334,0.499894372,0.072581732,0.94600501,0.005301004,0.896037973,0.060032999,0.921388628,0.002229907
max,max_sens_spec,0.19138804,236,10000,0.915598846,0.035791178,0.8509,0.070582753,0.240741766,0.066422869,0.138124753,0.042470435,0.276249505,0.084940869,0.084401154,0.035791178,0.766498846,0.035377838,0.94600501,0.005301004,0.896037973,0.060032999,0.921388628,0.002229907
max,max_sorensen,0.84511675,236,10000,0.508294372,0.074926334,0.9916,0.003927467,0.544339111,0.049765791,0.375202575,0.045952866,0.75040515,0.091905732,0.491705628,0.074926334,0.499894372,0.072581732,0.94600501,0.005301004,0.896037973,0.060032999,0.921388628,0.002229907
max,sensitivity,0.19145154,236,10000,0.889422799,0.006990668,0.8518,0.040517897,0.224003531,0.041376524,0.126607666,0.025719663,0.253215332,0.051439326,0.110577201,0.006990668,0.741222799,0.039962548,0.94600501,0.005301004,0.896037973,0.060032999,0.921388628,0.002229907
max,equal_sens_spec,0.41912887,237,10000,0.831628205,0.015215119,0.8344,0.018187908,0.18912499,0.018631192,0.104532513,0.011427775,0.209065027,0.022855549,0.168371795,0.015215119,0.666028205,0.032974327,0.915494058,0.009333183,0.936644278,0.014416234,0.847713379,0.003939712
max,lpt,0.06289842,237,10000,1,0,0.6562,0.069488848,0.125303211,0.033702411,0.067120959,0.019592591,0.134241917,0.039185182,0,0,0.6562,0.069488848,0.915494058,0.009333183,0.936644278,0.014416234,0.847713379,0.003939712
max,max_fpb,0.7988133,237,10000,0.38275641,0.090718831,0.9787,0.01020784,0.335660729,0.044722594,0.202375,0.032422669,0.40475,0.064845337,0.61724359,0.090718831,0.36145641,0.085395126,0.915494058,0.009333183,0.936644278,0.014416234,0.847713379,0.003939712
max,max_jaccard,0.7988133,237,10000,0.38275641,0.090718831,0.9787,0.01020784,0.335660729,0.044722594,0.202375,0.032422669,0.40475,0.064845337,0.61724359,0.090718831,0.36145641,0.085395126,0.915494058,0.009333183,0.936644278,0.014416234,0.847713379,0.003939712
max,max_sens_spec,0.40737852,237,10000,0.892153846,0.103734286,0.8173,0.090859507,0.202783688,0.054358813,0.113649211,0.033777305,0.227298421,0.06755461,0.107846154,0.103734286,0.709453846,0.047828039,0.915494058,0.009333183,0.936644278,0.014416234,0.847713379,0.003939712
max,max_sorensen,0.7988133,237,10000,0.38275641,0.090718831,0.9787,0.01020784,0.335660729,0.044722594,0.202375,0.032422669,0.40475,0.064845337,0.61724359,0.090718831,0.36145641,0.085395126,0.915494058,0.009333183,0.936644278,0.014416234,0.847713379,0.003939712
max,sensitivity,0.30494428,237,10000,0.89474359,0.005912571,0.7427,0.071699547,0.146940212,0.040313829,0.079708736,0.023717754,0.159417472,0.047435509,0.10525641,0.005912571,0.63744359,0.068274626,0.915494058,0.009333183,0.936644278,0.014416234,0.847713379,0.003939712
max,equal_sens_spec,0.32983206,240,10000,0.858595008,0.010268167,0.8565,0.0121192,0.219500692,0.013865241,0.123334725,0.008717904,0.24666945,0.017435809,0.141404992,0.010268167,0.715095008,0.022245507,0.935885397,0.012506692,0.911985983,0.059646042,0.882889517,0.002077653
max,lpt,0.00347441,240,10000,1,0,0.6889,0.158670413,0.151435723,0.052722728,0.082625513,0.030903287,0.165251027,0.061806574,0,0,0.6889,0.158670413,0.935885397,0.012506692,0.911985983,0.059646042,0.882889517,0.002077653
max,max_fpb,0.81605819,240,10000,0.373329308,0.060172544,0.9879,0.007223226,0.402193135,0.059364867,0.253118461,0.047215503,0.506236922,0.094431006,0.626670692,0.060172544,0.361229308,0.057090482,0.935885397,0.012506692,0.911985983,0.059646042,0.882889517,0.002077653
max,max_jaccard,0.81605819,240,10000,0.373329308,0.060172544,0.9879,0.007223226,0.402193135,0.059364867,0.253118461,0.047215503,0.506236922,0.094431006,0.626670692,0.060172544,0.361229308,0.057090482,0.935885397,0.012506692,0.911985983,0.059646042,0.882889517,0.002077653
max,max_sens_spec,0.28272208,240,10000,0.954549114,0.047515198,0.8179,0.041066105,0.203250073,0.02308446,0.113267216,0.014230188,0.226534432,0.028460375,0.045450886,0.047515198,0.772449114,0.058499906,0.935885397,0.012506692,0.911985983,0.059646042,0.882889517,0.002077653
max,max_sorensen,0.81605819,240,10000,0.373329308,0.060172544,0.9879,0.007223226,0.402193135,0.059364867,0.253118461,0.047215503,0.506236922,0.094431006,0.626670692,0.060172544,0.361229308,0.057090482,0.935885397,0.012506692,0.911985983,0.059646042,0.882889517,0.002077653
max,sensitivity,0.30751102,240,10000,0.891727053,0.002522536,0.8203,0.041300121,0.194323107,0.028267589,0.107835152,0.017349849,0.215670304,0.034699697,0.108272947,0.002522536,0.712027053,0.040805608,0.935885397,0.012506692,0.911985983,0.059646042,0.882889517,0.002077653
max,equal_sens_spec,0.20708439,245,10000,0.844722513,0.018116816,0.8478,0.018226355,0.211478025,0.028201026,0.118463816,0.017602623,0.236927632,0.035205246,0.155277487,0.018116816,0.692522513,0.036145559,0.944976633,0.007887723,0.927651135,0.035469685,0.918651921,0.003354616
max,lpt,0.05444963,245,10000,1,0,0.7496,0.021984085,0.164062272,0.009960876,0.089387212,0.005908549,0.178774425,0.011817097,0,0,0.7496,0.021984085,0.944976633,0.007887723,0.927651135,0.035469685,0.918651921,0.003354616
max,max_fpb,0.82461052,245,10000,0.481535153,0.036375291,0.9963,0.001987461,0.590166989,0.013152561,0.418705617,0.013116774,0.837411235,0.026233548,0.518464847,0.036375291,0.477835153,0.034626453,0.944976633,0.007887723,0.927651135,0.035469685,0.918651921,0.003354616
max,max_jaccard,0.82461052,245,10000,0.481535153,0.036375291,0.9963,0.001987461,0.590166989,0.013152561,0.418705617,0.013116774,0.837411235,0.026233548,0.518464847,0.036375291,0.477835153,0.034626453,0.944976633,0.007887723,0.927651135,0.035469685,0.918651921,0.003354616
max,max_sens_spec,0.15011452,245,10000,0.988592593,0.016741396,0.7756,0.02523242,0.178801787,0.024134692,0.098334262,0.014730357,0.196668525,0.029460713,0.011407407,0.016741396,0.764192593,0.014108879,0.944976633,0.007887723,0.927651135,0.035469685,0.918651921,0.003354616
max,max_sorensen,0.82461052,245,10000,0.481535153,0.036375291,0.9963,0.001987461,0.590166989,0.013152561,0.418705617,0.013116774,0.837411235,0.026233548,0.518464847,0.036375291,0.477835153,0.034626453,0.944976633,0.007887723,0.927651135,0.035469685,0.918651921,0.003354616
max,sensitivity,0.18012532,245,10000,0.893928718,0.004268266,0.8254,0.015630099,0.199099396,0.021326217,0.110680851,0.013236539,0.221361703,0.026473077,0.106071282,0.004268266,0.719328718,0.014043742,0.944976633,0.007887723,0.927651135,0.035469685,0.918651921,0.003354616
max,equal_sens_spec,0.44335218,245,10000,0.737722547,0.047745565,0.7356,0.049550984,0.121677016,0.031904235,0.065027019,0.018208114,0.130054038,0.036416228,0.262277453,0.047745565,0.473322547,0.097259383,0.835671335,0.027114145,0.836034986,0.18115452,0.725745451,0.008068293
max,lpt,0.08636122,245,10000,1,0,0.4266,0.086964361,0.079979731,0.012671009,0.041692184,0.006916138,0.083384368,0.013832277,0,0,0.4266,0.086964361,0.835671335,0.027114145,0.836034986,0.18115452,0.725745451,0.008068293
max,max_fpb,0.81934174,245,10000,0.323942661,0.073743851,0.9673,0.009903282,0.24342782,0.026459746,0.138788654,0.017219024,0.277577308,0.034438048,0.676057339,0.073743851,0.291242661,0.065321238,0.835671335,0.027114145,0.836034986,0.18115452,0.725745451,0.008068293
max,max_jaccard,0.81934174,245,10000,0.323942661,0.073743851,0.9673,0.009903282,0.24342782,0.026459746,0.138788654,0.017219024,0.277577308,0.034438048,0.676057339,0.073743851,0.291242661,0.065321238,0.835671335,0.027114145,0.836034986,0.18115452,0.725745451,0.008068293
max,max_sens_spec,0.38295147,245,10000,0.877106171,0.030066488,0.6612,0.061260305,0.114146607,0.021923562,0.060642942,0.012377695,0.121285883,0.02475539,0.122893829,0.030066488,0.538306171,0.059863435,0.835671335,0.027114145,0.836034986,0.18115452,0.725745451,0.008068293
max,max_sorensen,0.81934174,245,10000,0.323942661,0.073743851,0.9673,0.009903282,0.24342782,0.026459746,0.138788654,0.017219024,0.277577308,0.034438048,0.676057339,0.073743851,0.291242661,0.065321238,0.835671335,0.027114145,0.836034986,0.18115452,0.725745451,0.008068293
max,sensitivity,0.31062822,245,10000,0.893814891,0.006660363,0.5907,0.06140399,0.09780729,0.01728826,0.051487794,0.00957424,0.102975589,0.01914848,0.106185109,0.006660363,0.484514891,0.06118621,0.835671335,0.027114145,0.836034986,0.18115452,0.725745451,0.008068293
max,equal_sens_spec,0.4575152,247,10000,0.874442855,0.008120051,0.8719,0.003748333,0.247783596,0.012306132,0.141456585,0.008019882,0.282913171,0.016039765,0.125557145,0.008120051,0.746342855,0.011181821,0.932578091,0.006886408,0.939130292,0.036470481,0.878413877,0.005070879
max,lpt,0.02059054,247,10000,1,0,0.7143,0.104227875,0.15730645,0.042165804,0.085821682,0.024805662,0.171643363,0.049611323,0,0,0.7143,0.104227875,0.932578091,0.006886408,0.939130292,0.036470481,0.878413877,0.005070879
max,max_fpb,0.69393776,247,10000,0.477257129,0.148198576,0.9609,0.023852149,0.315358055,0.039928017,0.187736157,0.028495016,0.375472313,0.056990033,0.522742871,0.148198576,0.438157129,0.12666194,0.932578091,0.006886408,0.939130292,0.036470481,0.878413877,0.005070879
max,max_jaccard,0.69393776,247,10000,0.477257129,0.148198576,0.9609,0.023852149,0.315358055,0.039928017,0.187736157,0.028495016,0.375472313,0.056990033,0.522742871,0.148198576,0.438157129,0.12666194,0.932578091,0.006886408,0.939130292,0.036470481,0.878413877,0.005070879
max,max_sens_spec,0.35995629,247,10000,0.955028551,0.018230893,0.8412,0.008948464,0.227981548,0.008533187,0.128677323,0.005426399,0.257354646,0.010852799,0.044971449,0.018230893,0.796228551,0.015420642,0.932578091,0.006886408,0.939130292,0.036470481,0.878413877,0.005070879
max,max_sorensen,0.69393776,247,10000,0.477257129,0.148198576,0.9609,0.023852149,0.315358055,0.039928017,0.187736157,0.028495016,0.375472313,0.056990033,0.522742871,0.148198576,0.438157129,0.12666194,0.932578091,0.006886408,0.939130292,0.036470481,0.878413877,0.005070879
max,sensitivity,0.4227981,247,10000,0.890793883,0.008349457,0.862,0.011445523,0.238874781,0.016178079,0.135714719,0.010495497,0.271429438,0.020990993,0.109206117,0.008349457,0.752793883,0.008920456,0.932578091,0.006886408,0.939130292,0.036470481,0.878413877,0.005070879
max,equal_sens_spec,0.22937783,248,10000,0.858963127,0.015167711,0.8567,0.013236314,0.225750898,0.024315688,0.127406372,0.015409639,0.254812744,0.030819278,0.141036873,0.015167711,0.715663127,0.027817481,0.943355812,0.007652226,0.909846534,0.041493229,0.907591503,0.003342093
max,lpt,0.045828,248,10000,1,0,0.6782,0.04020199,0.134411717,0.013281625,0.072091406,0.007639015,0.144182812,0.01527803,0,0,0.6782,0.04020199,0.943355812,0.007652226,0.909846534,0.041493229,0.907591503,0.003342093
max,max_fpb,0.72569796,248,10000,0.4185201,0.057682532,0.993,0.003758324,0.491611011,0.050953241,0.32712931,0.044836755,0.654258619,0.089673509,0.5814799,0.057682532,0.4115201,0.056029412,0.943355812,0.007652226,0.909846534,0.041493229,0.907591503,0.003342093
max,max_jaccard,0.72569796,248,10000,0.4185201,0.057682532,0.993,0.003758324,0.491611011,0.050953241,0.32712931,0.044836755,0.654258619,0.089673509,0.5814799,0.057682532,0.4115201,0.056029412,0.943355812,0.007652226,0.909846534,0.041493229,0.907591503,0.003342093
max,max_sens_spec,0.16254851,248,10000,0.924823328,0.045149479,0.827,0.031802123,0.210278751,0.024737986,0.117662448,0.015372913,0.235324895,0.030745826,0.075176672,0.045149479,0.751823328,0.025563335,0.943355812,0.007652226,0.909846534,0.041493229,0.907591503,0.003342093
max,max_sorensen,0.72569796,248,10000,0.4185201,0.057682532,0.993,0.003758324,0.491611011,0.050953241,0.32712931,0.044836755,0.654258619,0.089673509,0.5814799,0.057682532,0.4115201,0.056029412,0.943355812,0.007652226,0.909846534,0.041493229,0.907591503,0.003342093
max,sensitivity,0.19224389,248,10000,0.895098309,0.003212703,0.8062,0.017387496,0.185267385,0.023591931,0.102240986,0.014448103,0.204481973,0.028896205,0.104901691,0.003212703,0.701298309,0.017647865,0.943355812,0.007652226,0.909846534,0.041493229,0.907591503,0.003342093
max,equal_sens_spec,0.39198499,251,10000,0.834602455,0.023438119,0.8339,0.025353501,0.197654909,0.024077592,0.10982445,0.014882689,0.219648901,0.029765378,0.165397545,0.023438119,0.668502455,0.048786882,0.914283047,0.015595277,0.902980992,0.07711797,0.85312035,0.006894859
max,lpt,0.02607983,251,10000,1,0,0.6384,0.06001604,0.122577611,0.015876857,0.065351158,0.008984548,0.130702315,0.017969096,0,0,0.6384,0.06001604,0.914283047,0.015595277,0.902980992,0.07711797,0.85312035,0.006894859
max,max_fpb,0.73370032,251,10000,0.374373214,0.056683097,0.9758,0.014127102,0.325653146,0.051722473,0.195438938,0.03817733,0.390877877,0.07635466,0.625626786,0.056683097,0.350173214,0.045098148,0.914283047,0.015595277,0.902980992,0.07711797,0.85312035,0.006894859
max,max_jaccard,0.73370032,251,10000,0.374373214,0.056683097,0.9758,0.014127102,0.325653146,0.051722473,0.195438938,0.03817733,0.390877877,0.07635466,0.625626786,0.056683097,0.350173214,0.045098148,0.914283047,0.015595277,0.902980992,0.07711797,0.85312035,0.006894859
max,max_sens_spec,0.37029279,251,10000,0.934565433,0.059356381,0.7791,0.055005,0.177823994,0.035554641,0.097925531,0.021574496,0.195851061,0.043148991,0.065434567,0.059356381,0.713665433,0.016584493,0.914283047,0.015595277,0.902980992,0.07711797,0.85312035,0.006894859
max,max_sorensen,0.73370032,251,10000,0.374373214,0.056683097,0.9758,0.014127102,0.325653146,0.051722473,0.195438938,0.03817733,0.390877877,0.07635466,0.625626786,0.056683097,0.350173214,0.045098148,0.914283047,0.015595277,0.902980992,0.07711797,0.85312035,0.006894859
max,sensitivity,0.33033953,251,10000,0.880120544,0.007190331,0.7855,0.021880356,0.168014842,0.01379563,0.091761536,0.00823925,0.183523072,0.016478501,0.119879456,0.007190331,0.665620544,0.020639544,0.914283047,0.015595277,0.902980992,0.07711797,0.85312035,0.006894859
max,equal_sens_spec,0.41152959,253,10000,0.773664164,0.042529991,0.7755,0.043497126,0.149777038,0.042443815,0.081408565,0.024946354,0.16281713,0.049892708,0.226335836,0.042529991,0.549164164,0.085941643,0.885725674,0.020843252,0.845851436,0.130380326,0.795601653,0.0119743
max,lpt,0.05005795,253,10000,1,0,0.5615,0.076362622,0.103645393,0.007397795,0.054667935,0.004122526,0.10933587,0.008245053,0,0,0.5615,0.076362622,0.885725674,0.020843252,0.845851436,0.130380326,0.795601653,0.0119743
max,max_fpb,0.78766487,253,10000,0.374086877,0.099644497,0.9707,0.020668817,0.306780538,0.024335105,0.18137798,0.017063213,0.36275596,0.034126426,0.625913123,0.099644497,0.344786877,0.080318989,0.885725674,0.020843252,0.845851436,0.130380326,0.795601653,0.0119743
max,max_jaccard,0.78766487,253,10000,0.374086877,0.099644497,0.9707,0.020668817,0.306780538,0.024335105,0.18137798,0.017063213,0.36275596,0.034126426,0.625913123,0.099644497,0.344786877,0.080318989,0.885725674,0.020843252,0.845851436,0.130380326,0.795601653,0.0119743
max,max_sens_spec,0.33819507,253,10000,0.942570439,0.04573676,0.7038,0.064795447,0.14206182,0.035577885,0.076778393,0.020650914,0.153556786,0.041301828,0.057429561,0.04573676,0.646370439,0.053968972,0.885725674,0.020843252,0.845851436,0.130380326,0.795601653,0.0119743
max,max_sorensen,0.78766487,253,10000,0.374086877,0.099644497,0.9707,0.020668817,0.306780538,0.024335105,0.18137798,0.017063213,0.36275596,0.034126426,0.625913123,0.099644497,0.344786877,0.080318989,0.885725674,0.020843252,0.845851436,0.130380326,0.795601653,0.0119743
max,sensitivity,0.34446035,253,10000,0.88992859,0.006515685,0.7136,0.067393805,0.139442451,0.037004009,0.075288839,0.021513213,0.150577678,0.043026426,0.11007141,0.006515685,0.60352859,0.064581836,0.885725674,0.020843252,0.845851436,0.130380326,0.795601653,0.0119743
max,equal_sens_spec,0.45646258,254,10000,0.854839779,0.024261302,0.8557,0.020692994,0.228878898,0.026402552,0.12942829,0.016773389,0.25885658,0.033546778,0.145160221,0.024261302,0.710539779,0.044724645,0.92961465,0.008417447,0.904780044,0.044302854,0.860641129,0.007968941
max,lpt,0.10524004,254,10000,1,0,0.7189,0.029249786,0.153783618,0.012010152,0.08333339,0.007062018,0.16666678,0.014124035,0,0,0.7189,0.029249786,0.92961465,0.008417447,0.904780044,0.044302854,0.860641129,0.007968941
max,max_fpb,0.73251953,254,10000,0.345419514,0.102238702,0.9785,0.018255136,0.321103018,0.023100859,0.191437767,0.016303451,0.382875534,0.032606903,0.654580486,0.102238702,0.323919514,0.085171709,0.92961465,0.008417447,0.904780044,0.044302854,0.860641129,0.007968941
max,max_jaccard,0.73251953,254,10000,0.345419514,0.102238702,0.9785,0.018255136,0.321103018,0.023100859,0.191437767,0.016303451,0.382875534,0.032606903,0.654580486,0.102238702,0.323919514,0.085171709,0.92961465,0.008417447,0.904780044,0.044302854,0.860641129,0.007968941
max,max_sens_spec,0.2587161,254,10000,0.940739318,0.03177012,0.8198,0.033131556,0.211347374,0.027903858,0.118377026,0.017382717,0.236754053,0.034765433,0.059260682,0.03177012,0.760539318,0.026128124,0.92961465,0.008417447,0.904780044,0.044302854,0.860641129,0.007968941
max,max_sorensen,0.73251953,254,10000,0.345419514,0.102238702,0.9785,0.018255136,0.321103018,0.023100859,0.191437767,0.016303451,0.382875534,0.032606903,0.654580486,0.102238702,0.323919514,0.085171709,0.92961465,0.008417447,0.904780044,0.044302854,0.860641129,0.007968941
max,sensitivity,0.39033465,254,10000,0.889939173,0.005823137,0.8326,0.027788037,0.212517568,0.028157643,0.119113939,0.017602879,0.238227878,0.035205758,0.110060827,0.005823137,0.722539173,0.02666331,0.92961465,0.008417447,0.904780044,0.044302854,0.860641129,0.007968941
max,equal_sens_spec,0.40779384,262,10000,0.816996504,0.015160723,0.8162,0.016664333,0.185519581,0.022972805,0.10238476,0.013905845,0.20476952,0.027811691,0.183003496,0.015160723,0.633196504,0.031403086,0.911578202,0.017776318,0.877450858,0.096059091,0.845860563,0.003613578
max,lpt,0.11948461,262,10000,1,0,0.6731,0.02736421,0.137921572,0.006487562,0.074079051,0.003743718,0.148158101,0.007487437,0,0,0.6731,0.02736421,0.911578202,0.017776318,0.877450858,0.096059091,0.845860563,0.003613578
max,max_fpb,0.71805046,262,10000,0.458585473,0.117313083,0.9603,0.033314036,0.336866634,0.064598096,0.204009008,0.046986389,0.408018017,0.093972779,0.541414527,0.117313083,0.418885473,0.088974762,0.911578202,0.017776318,0.877450858,0.096059091,0.845860563,0.003613578
max,max_jaccard,0.71805046,262,10000,0.458585473,0.117313083,0.9603,0.033314036,0.336866634,0.064598096,0.204009008,0.046986389,0.408018017,0.093972779,0.541414527,0.117313083,0.418885473,0.088974762,0.911578202,0.017776318,0.877450858,0.096059091,0.845860563,0.003613578
max,max_sens_spec,0.30478398,262,10000,0.966040287,0.030454553,0.743,0.058790943,0.167743278,0.029757593,0.091780962,0.017770322,0.183561924,0.035540644,0.033959713,0.030454553,0.709040287,0.031706591,0.911578202,0.017776318,0.877450858,0.096059091,0.845860563,0.003613578
max,max_sorensen,0.71805046,262,10000,0.458585473,0.117313083,0.9603,0.033314036,0.336866634,0.064598096,0.204009008,0.046986389,0.408018017,0.093972779,0.541414527,0.117313083,0.418885473,0.088974762,0.911578202,0.017776318,0.877450858,0.096059091,0.845860563,0.003613578
max,sensitivity,0.32027454,262,10000,0.889458176,0.006039032,0.7786,0.037618812,0.173660662,0.02142424,0.095207614,0.012880333,0.190415227,0.025760665,0.110541824,0.006039032,0.668058176,0.03546997,0.911578202,0.017776318,0.877450858,0.096059091,0.845860563,0.003613578
max,equal_sens_spec,0.29443121,264,10000,0.851396844,0.018700477,0.8496,0.020144478,0.2274188,0.041680805,0.128785313,0.025902644,0.257570626,0.051805287,0.148603156,0.018700477,0.700996844,0.038558092,0.93434413,0.014338603,0.889294189,0.057772669,0.888173955,0.00370646
max,lpt,0.03625524,264,10000,1,0,0.6706,0.08302063,0.145054921,0.048995324,0.078818059,0.029298096,0.157636117,0.058596192,0,0,0.6706,0.08302063,0.93434413,0.014338603,0.889294189,0.057772669,0.888173955,0.00370646
max,max_fpb,0.80854336,264,10000,0.357773232,0.050997899,0.9946,0.002219234,0.458925959,0.063635791,0.299566991,0.053622699,0.599133982,0.107245398,0.642226768,0.050997899,0.352373232,0.052417045,0.93434413,0.014338603,0.889294189,0.057772669,0.888173955,0.00370646
max,max_jaccard,0.80854336,264,10000,0.357773232,0.050997899,0.9946,0.002219234,0.458925959,0.063635791,0.299566991,0.053622699,0.599133982,0.107245398,0.642226768,0.050997899,0.352373232,0.052417045,0.93434413,0.014338603,0.889294189,0.057772669,0.888173955,0.00370646
max,max_sens_spec,0.23445542,264,10000,0.938601695,0.050539853,0.8082,0.032350811,0.205086794,0.030060969,0.114507118,0.018444309,0.229014237,0.036888618,0.061398305,0.050539853,0.746801695,0.045721431,0.93434413,0.014338603,0.889294189,0.057772669,0.888173955,0.00370646
max,max_sorensen,0.80854336,264,10000,0.357773232,0.050997899,0.9946,0.002219234,0.458925959,0.063635791,0.299566991,0.053622699,0.599133982,0.107245398,0.642226768,0.050997899,0.352373232,0.052417045,0.93434413,0.014338603,0.889294189,0.057772669,0.888173955,0.00370646
max,sensitivity,0.24439824,264,10000,0.897799045,0.001641355,0.7987,0.057806358,0.19425019,0.040190831,0.108012596,0.024681732,0.216025192,0.049363464,0.102200955,0.001641355,0.696499045,0.056933552,0.93434413,0.014338603,0.889294189,0.057772669,0.888173955,0.00370646
max,equal_sens_spec,0.36812064,273,10000,0.904073619,0.014177882,0.9056,0.00990833,0.338603362,0.037081588,0.204279408,0.026492357,0.408558816,0.052984714,0.095926381,0.014177882,0.809673619,0.023315398,0.959331859,0.007774417,0.882267553,0.104204889,0.923968802,0.00519503
max,lpt,0.16196297,273,10000,1,0,0.8684,0.011507606,0.29380797,0.020240134,0.172332043,0.013808984,0.344664086,0.027617967,0,0,0.8684,0.011507606,0.959331859,0.007774417,0.882267553,0.104204889,0.923968802,0.00519503
max,max_fpb,0.59003541,273,10000,0.637585303,0.155165074,0.9575,0.026440972,0.410121014,0.05880741,0.2592872,0.044952466,0.518574401,0.089904932,0.362414697,0.155165074,0.595085303,0.131414371,0.959331859,0.007774417,0.882267553,0.104204889,0.923968802,0.00519503
max,max_jaccard,0.59003541,273,10000,0.637585303,0.155165074,0.9575,0.026440972,0.410121014,0.05880741,0.2592872,0.044952466,0.518574401,0.089904932,0.362414697,0.155165074,0.595085303,0.131414371,0.959331859,0.007774417,0.882267553,0.104204889,0.923968802,0.00519503
max,max_sens_spec,0.2016165,273,10000,0.996551724,0.007710579,0.8724,0.015761504,0.300324554,0.030258292,0.176995207,0.02106547,0.353990415,0.042130939,0.003448276,0.007710579,0.868951724,0.011786115,0.959331859,0.007774417,0.882267553,0.104204889,0.923968802,0.00519503
max,max_sorensen,0.59003541,273,10000,0.637585303,0.155165074,0.9575,0.026440972,0.410121014,0.05880741,0.2592872,0.044952466,0.518574401,0.089904932,0.362414697,0.155165074,0.595085303,0.131414371,0.959331859,0.007774417,0.882267553,0.104204889,0.923968802,0.00519503
max,sensitivity,0.38064553,273,10000,0.893688343,0.006412037,0.9068,0.011361118,0.33819389,0.034066064,0.203907451,0.024248815,0.407814902,0.04849763,0.106311657,0.006412037,0.800488343,0.008822604,0.959331859,0.007774417,0.882267553,0.104204889,0.923968802,0.00519503
max,equal_sens_spec,0.46996226,276,10000,0.855200552,0.009946887,0.8533,0.008043631,0.238373071,0.015804629,0.135387922,0.010277099,0.270775844,0.020554199,0.144799448,0.009946887,0.708500552,0.017644322,0.923171923,0.006346107,0.912155519,0.039460285,0.85871412,0.003219296
max,lpt,0.08720708,276,10000,1,0,0.7525,0.052309177,0.185191003,0.020074483,0.102152371,0.01220722,0.204304743,0.02441444,0,0,0.7525,0.052309177,0.923171923,0.006346107,0.912155519,0.039460285,0.85871412,0.003219296
max,max_fpb,0.59528207,276,10000,0.690650288,0.121941242,0.9112,0.033508581,0.287001005,0.039354354,0.16803522,0.026786902,0.336070439,0.053573803,0.309349712,0.121941242,0.601850288,0.091636266,0.923171923,0.006346107,0.912155519,0.039460285,0.85871412,0.003219296
max,max_jaccard,0.59528207,276,10000,0.690650288,0.121941242,0.9112,0.033508581,0.287001005,0.039354354,0.16803522,0.026786902,0.336070439,0.053573803,0.309349712,0.121941242,0.601850288,0.091636266,0.923171923,0.006346107,0.912155519,0.039460285,0.85871412,0.003219296
max,max_sens_spec,0.30819387,276,10000,0.982553299,0.011190467,0.812,0.015748016,0.223874968,0.021816432,0.126184003,0.013957812,0.252368007,0.027915623,0.017446701,0.011190467,0.794553299,0.014314724,0.923171923,0.006346107,0.912155519,0.039460285,0.85871412,0.003219296
max,max_sorensen,0.59528207,276,10000,0.690650288,0.121941242,0.9112,0.033508581,0.287001005,0.039354354,0.16803522,0.026786902,0.336070439,0.053573803,0.309349712,0.121941242,0.601850288,0.091636266,0.923171923,0.006346107,0.912155519,0.039460285,0.85871412,0.003219296
max,sensitivity,0.43843884,276,10000,0.887415383,0.00483069,0.8436,0.013758634,0.235370006,0.021991815,0.133524645,0.01430043,0.267049289,0.028600861,0.112584617,0.00483069,0.731015383,0.010896439,0.923171923,0.006346107,0.912155519,0.039460285,0.85871412,0.003219296
max,equal_sens_spec,0.329707,276,10000,0.865879659,0.0130423,0.8691,0.011360018,0.262394773,0.02957367,0.151272092,0.019292538,0.302544185,0.038585075,0.134120341,0.0130423,0.734979659,0.024232787,0.946454561,0.005268418,0.903016422,0.05607394,0.895647965,0.004075024
max,lpt,0.04683687,276,10000,1,0,0.7721,0.052941477,0.200119517,0.042735626,0.11168097,0.026120689,0.223361941,0.052241377,0,0,0.7721,0.052941477,0.946454561,0.005268418,0.903016422,0.05607394,0.895647965,0.004075024
max,max_fpb,0.69223058,276,10000,0.542094765,0.079735478,0.9728,0.011065713,0.430727759,0.037796012,0.275066421,0.030642755,0.550132842,0.061285509,0.457905235,0.079735478,0.514894765,0.069545665,0.946454561,0.005268418,0.903016422,0.05607394,0.895647965,0.004075024
max,max_jaccard,0.69223058,276,10000,0.542094765,0.079735478,0.9728,0.011065713,0.430727759,0.037796012,0.275066421,0.030642755,0.550132842,0.061285509,0.457905235,0.079735478,0.514894765,0.069545665,0.946454561,0.005268418,0.903016422,0.05607394,0.895647965,0.004075024
max,max_sens_spec,0.21772115,276,10000,0.973655172,0.037433731,0.8284,0.035493661,0.24121039,0.036348688,0.137531865,0.023363054,0.275063729,0.046726108,0.026344828,0.037433731,0.802055172,0.013058808,0.946454561,0.005268418,0.903016422,0.05607394,0.895647965,0.004075024
max,max_sorensen,0.69223058,276,10000,0.542094765,0.079735478,0.9728,0.011065713,0.430727759,0.037796012,0.275066421,0.030642755,0.550132842,0.061285509,0.457905235,0.079735478,0.514894765,0.069545665,0.946454561,0.005268418,0.903016422,0.05607394,0.895647965,0.004075024
max,sensitivity,0.30280175,276,10000,0.895106118,0.003481165,0.8582,0.013845577,0.255196718,0.031456066,0.146555243,0.020401645,0.293110487,0.04080329,0.104893882,0.003481165,0.753306118,0.016416408,0.946454561,0.005268418,0.903016422,0.05607394,0.895647965,0.004075024
max,equal_sens_spec,0.28359853,276,10000,0.877147674,0.015227876,0.8778,0.013250472,0.279239937,0.021741787,0.162426399,0.014771815,0.324852798,0.029543631,0.122852326,0.015227876,0.754947674,0.028033085,0.94768371,0.007069802,0.921350359,0.02882299,0.904883254,0.004573696
max,lpt,0.002558,276,10000,1,0,0.5921,0.144107338,0.130164861,0.047192382,0.07016588,0.027384632,0.140331761,0.054769265,0,0,0.5921,0.144107338,0.94768371,0.007069802,0.921350359,0.02882299,0.904883254,0.004573696
max,max_fpb,0.67841385,276,10000,0.495196774,0.145118395,0.9802,0.011189281,0.443769191,0.041455646,0.285881087,0.034013089,0.571762174,0.068026178,0.504803226,0.145118395,0.475396774,0.134414482,0.94768371,0.007069802,0.921350359,0.02882299,0.904883254,0.004573696
max,max_jaccard,0.67841385,276,10000,0.495196774,0.145118395,0.9802,0.011189281,0.443769191,0.041455646,0.285881087,0.034013089,0.571762174,0.068026178,0.504803226,0.145118395,0.475396774,0.134414482,0.94768371,0.007069802,0.921350359,0.02882299,0.904883254,0.004573696
max,max_sens_spec,0.2040712,276,10000,0.964381016,0.020090791,0.8375,0.030097757,0.248881806,0.03086577,0.142413105,0.020265192,0.28482621,0.040530384,0.035618984,0.020090791,0.801881016,0.025889815,0.94768371,0.007069802,0.921350359,0.02882299,0.904883254,0.004573696
max,max_sorensen,0.67841385,276,10000,0.495196774,0.145118395,0.9802,0.011189281,0.443769191,0.041455646,0.285881087,0.034013089,0.571762174,0.068026178,0.504803226,0.145118395,0.475396774,0.134414482,0.94768371,0.007069802,0.921350359,0.02882299,0.904883254,0.004573696
max,sensitivity,0.27070963,276,10000,0.89083246,0.007972071,0.8637,0.02575267,0.263956323,0.027274582,0.15227459,0.018288146,0.30454918,0.036576291,0.10916754,0.007972071,0.75453246,0.019989923,0.94768371,0.007069802,0.921350359,0.02882299,0.904883254,0.004573696
max,equal_sens_spec,0.30943666,279,10000,0.889527451,0.01558217,0.889,0.015346009,0.304418045,0.028853023,0.179809169,0.020066442,0.359618338,0.040132885,0.110472549,0.01558217,0.778527451,0.030841722,0.956329213,0.009749152,0.905482942,0.04686579,0.910970463,0.003387908
max,lpt,0.0320344,279,10000,1,0,0.7166,0.032471911,0.165226097,0.016167306,0.090119607,0.009510451,0.180239214,0.019020901,0,0,0.7166,0.032471911,0.956329213,0.009749152,0.905482942,0.04686579,0.910970463,0.003387908
max,max_fpb,0.75235464,279,10000,0.495661188,0.051845177,0.9872,0.003114482,0.507153666,0.056144528,0.341227935,0.05004481,0.682455871,0.100089619,0.504338812,0.051845177,0.482861188,0.052765123,0.956329213,0.009749152,0.905482942,0.04686579,0.910970463,0.003387908
max,max_jaccard,0.75235464,279,10000,0.495661188,0.051845177,0.9872,0.003114482,0.507153666,0.056144528,0.341227935,0.05004481,0.682455871,0.100089619,0.504338812,0.051845177,0.482861188,0.052765123,0.956329213,0.009749152,0.905482942,0.04686579,0.910970463,0.003387908
max,max_sens_spec,0.3032576,279,10000,0.91889013,0.041574814,0.8858,0.012281083,0.30579668,0.023148436,0.180672107,0.01612497,0.361344214,0.03224994,0.08110987,0.041574814,0.80469013,0.035821687,0.956329213,0.009749152,0.905482942,0.04686579,0.910970463,0.003387908
max,max_sorensen,0.75235464,279,10000,0.495661188,0.051845177,0.9872,0.003114482,0.507153666,0.056144528,0.341227935,0.05004481,0.682455871,0.100089619,0.504338812,0.051845177,0.482861188,0.052765123,0.956329213,0.009749152,0.905482942,0.04686579,0.910970463,0.003387908
max,sensitivity,0.30630822,279,10000,0.892460958,0.00695145,0.8701,0.048672888,0.283592661,0.054156168,0.166133724,0.036031566,0.332267447,0.072063132,0.107539042,0.00695145,0.762560958,0.046708036,0.956329213,0.009749152,0.905482942,0.04686579,0.910970463,0.003387908
max,equal_sens_spec,0.15044333,288,10000,0.906871997,0.009430823,0.9066,0.004335897,0.351166851,0.025624544,0.213214785,0.01896551,0.42642957,0.037931019,0.093128003,0.009430823,0.813471997,0.013455677,0.974505295,0.004196415,0.947019556,0.017279591,0.949320484,0.002478138
max,lpt,0.01458691,288,10000,1,0,0.8106,0.088027269,0.253052567,0.081034394,0.146846184,0.053718588,0.293692367,0.107437176,0,0,0.8106,0.088027269,0.974505295,0.004196415,0.947019556,0.017279591,0.949320484,0.002478138
max,max_fpb,0.67324834,288,10000,0.596628852,0.03216274,0.9961,9.62E-04,0.687360365,0.0218575,0.523985454,0.025376521,1.047970908,0.050753043,0.403371148,0.03216274,0.592728852,0.031911081,0.974505295,0.004196415,0.947019556,0.017279591,0.949320484,0.002478138
max,max_jaccard,0.67324834,288,10000,0.596628852,0.03216274,0.9961,9.62E-04,0.687360365,0.0218575,0.523985454,0.025376521,1.047970908,0.050753043,0.403371148,0.03216274,0.592728852,0.031911081,0.974505295,0.004196415,0.947019556,0.017279591,0.949320484,0.002478138
max,max_sens_spec,0.0934497,288,10000,0.961156889,0.045358276,0.8903,0.020535335,0.335203413,0.038574436,0.201854826,0.027346031,0.403709653,0.054692062,0.038843111,0.045358276,0.851456889,0.028534253,0.974505295,0.004196415,0.947019556,0.017279591,0.949320484,0.002478138
max,max_sorensen,0.67324834,288,10000,0.596628852,0.03216274,0.9961,9.62E-04,0.687360365,0.0218575,0.523985454,0.025376521,1.047970908,0.050753043,0.403371148,0.03216274,0.592728852,0.031911081,0.974505295,0.004196415,0.947019556,0.017279591,0.949320484,0.002478138
max,sensitivity,0.15746959,288,10000,0.888334144,0.005829768,0.9121,0.005412947,0.35873959,0.023874505,0.218781774,0.017712348,0.437563547,0.035424697,0.111665856,0.005829768,0.800434144,0.004927907,0.974505295,0.004196415,0.947019556,0.017279591,0.949320484,0.002478138
max,equal_sens_spec,0.17413227,290,10000,0.927853005,0.015849997,0.9246,0.01214187,0.412420631,0.04361619,0.26055169,0.035137011,0.52110338,0.070274022,0.072146995,0.015849997,0.852453005,0.027968374,0.979747525,0.003352525,0.938342666,0.02559242,0.950373117,0.003477831
max,lpt,0.04738814,290,10000,1,0,0.8614,0.036073536,0.302944644,0.0548069,0.179506087,0.038480726,0.359012175,0.076961452,0,0,0.8614,0.036073536,0.979747525,0.003352525,0.938342666,0.02559242,0.950373117,0.003477831
max,max_fpb,0.56094134,290,10000,0.782317021,0.072751845,0.9805,0.003201562,0.636145422,0.036510577,0.46726557,0.038929924,0.934531141,0.077859847,0.217682979,0.072751845,0.762817021,0.070530823,0.979747525,0.003352525,0.938342666,0.02559242,0.950373117,0.003477831
max,max_jaccard,0.56094134,290,10000,0.782317021,0.072751845,0.9805,0.003201562,0.636145422,0.036510577,0.46726557,0.038929924,0.934531141,0.077859847,0.217682979,0.072751845,0.762817021,0.070530823,0.979747525,0.003352525,0.938342666,0.02559242,0.950373117,0.003477831
max,max_sens_spec,0.09844441,290,10000,0.972220301,0.024048655,0.9094,0.010673565,0.382792182,0.033727022,0.237134399,0.026073811,0.474268798,0.052147621,0.027779699,0.024048655,0.881620301,0.02431304,0.979747525,0.003352525,0.938342666,0.02559242,0.950373117,0.003477831
max,max_sorensen,0.56094134,290,10000,0.782317021,0.072751845,0.9805,0.003201562,0.636145422,0.036510577,0.46726557,0.038929924,0.934531141,0.077859847,0.217682979,0.072751845,0.762817021,0.070530823,0.979747525,0.003352525,0.938342666,0.02559242,0.950373117,0.003477831
max,sensitivity,0.23076007,290,10000,0.889677612,0.00439762,0.9434,0.018163838,0.473232924,0.091972831,0.313789793,0.07955493,0.627579587,0.15910986,0.110322388,0.00439762,0.833077612,0.020874868,0.979747525,0.003352525,0.938342666,0.02559242,0.950373117,0.003477831
max,equal_sens_spec,0.28226848,294,10000,0.860261673,0.015238739,0.8606,0.013939153,0.261944989,0.028799943,0.150964785,0.019103069,0.301929571,0.038206139,0.139738327,0.015238739,0.720861673,0.028985531,0.93747604,0.006626348,0.845575417,0.088879625,0.890961161,0.004441397
max,lpt,0.00263229,294,10000,1,0,0.6632,0.178079547,0.165802342,0.04851185,0.090989419,0.028095912,0.181978838,0.056191824,0,0,0.6632,0.178079547,0.93747604,0.006626348,0.845575417,0.088879625,0.890961161,0.004441397
max,max_fpb,0.7934694,294,10000,0.441579521,0.062601729,0.982,0.007945124,0.43083399,0.046410728,0.275469395,0.038340559,0.55093879,0.076681117,0.558420479,0.062601729,0.423579521,0.057106256,0.93747604,0.006626348,0.845575417,0.088879625,0.890961161,0.004441397
max,max_jaccard,0.7934694,294,10000,0.441579521,0.062601729,0.982,0.007945124,0.43083399,0.046410728,0.275469395,0.038340559,0.55093879,0.076681117,0.558420479,0.062601729,0.423579521,0.057106256,0.93747604,0.006626348,0.845575417,0.088879625,0.890961161,0.004441397
max,max_sens_spec,0.19330418,294,10000,0.938712106,0.043324386,0.8281,0.035906824,0.245183537,0.035204874,0.140092031,0.023162953,0.280184063,0.046325905,0.061287894,0.043324386,0.766812106,0.025604158,0.93747604,0.006626348,0.845575417,0.088879625,0.890961161,0.004441397
max,max_sorensen,0.7934694,294,10000,0.441579521,0.062601729,0.982,0.007945124,0.43083399,0.046410728,0.275469395,0.038340559,0.55093879,0.076681117,0.558420479,0.062601729,0.423579521,0.057106256,0.93747604,0.006626348,0.845575417,0.088879625,0.890961161,0.004441397
max,sensitivity,0.22305172,294,10000,0.891213121,0.005223131,0.8365,0.016518929,0.240174207,0.022119243,0.13661999,0.014308132,0.27323998,0.028616265,0.108786879,0.005223131,0.727713121,0.015414152,0.93747604,0.006626348,0.845575417,0.088879625,0.890961161,0.004441397
max,equal_sens_spec,0.1086054,297,10000,0.841974043,0.021407989,0.8407,0.020054925,0.235048277,0.031794045,0.13346748,0.020264106,0.26693496,0.040528212,0.158025957,0.021407989,0.682674043,0.041385761,0.946180184,0.01010388,0.964234604,0.012114931,0.934267183,0.004111868
max,lpt,0.03002687,297,10000,1,0,0.6479,0.065391513,0.146418717,0.021231434,0.079105969,0.01240075,0.158211938,0.024801499,0,0,0.6479,0.065391513,0.946180184,0.01010388,0.964234604,0.012114931,0.934267183,0.004111868
max,max_fpb,0.79729369,297,10000,0.599903641,0.038937001,0.9957,0.001350926,0.685940254,0.018494833,0.522240997,0.021332869,1.044481993,0.042665739,0.400096359,0.038937001,0.595603641,0.037778846,0.946180184,0.01010388,0.964234604,0.012114931,0.934267183,0.004111868
max,max_jaccard,0.79729369,297,10000,0.599903641,0.038937001,0.9957,0.001350926,0.685940254,0.018494833,0.522240997,0.021332869,1.044481993,0.042665739,0.400096359,0.038937001,0.595603641,0.037778846,0.946180184,0.01010388,0.964234604,0.012114931,0.934267183,0.004111868
max,max_sens_spec,0.07914517,297,10000,0.858544395,0.084707621,0.8641,0.084432221,0.307075742,0.128193986,0.186894035,0.090951269,0.373788069,0.181902539,0.141455605,0.084707621,0.722644395,0.029308649,0.946180184,0.01010388,0.964234604,0.012114931,0.934267183,0.004111868
max,max_sorensen,0.79729369,297,10000,0.599903641,0.038937001,0.9957,0.001350926,0.685940254,0.018494833,0.522240997,0.021332869,1.044481993,0.042665739,0.400096359,0.038937001,0.595603641,0.037778846,0.946180184,0.01010388,0.964234604,0.012114931,0.934267183,0.004111868
max,sensitivity,0.08984303,297,10000,0.891744528,0.006836943,0.7866,0.021605555,0.196441979,0.013037192,0.10896528,0.007979781,0.21793056,0.015959562,0.108255472,0.006836943,0.678344528,0.018011414,0.946180184,0.01010388,0.964234604,0.012114931,0.934267183,0.004111868
max,equal_sens_spec,0.36315107,307,10000,0.814071084,0.017491956,0.8148,0.01587687,0.208139347,0.028716981,0.116389056,0.018004468,0.232778112,0.036008935,0.185928916,0.017491956,0.628871084,0.032895547,0.902391802,0.009910724,0.883192022,0.074024695,0.832541953,0.0063229
max,lpt,0.02671639,307,10000,1,0,0.503,0.006480741,0.109918526,0.013041474,0.058195914,0.007331902,0.116391829,0.014663805,0,0,0.503,0.006480741,0.902391802,0.009910724,0.883192022,0.074024695,0.832541953,0.0063229
max,max_fpb,0.91884825,307,10000,0.379937894,0.128659979,0.9785,0.026258332,0.382697727,0.040498251,0.237248115,0.03100154,0.47449623,0.06200308,0.620062106,0.128659979,0.358437894,0.105153796,0.902391802,0.009910724,0.883192022,0.074024695,0.832541953,0.0063229
max,max_jaccard,0.91884825,307,10000,0.379937894,0.128659979,0.9785,0.026258332,0.382697727,0.040498251,0.237248115,0.03100154,0.47449623,0.06200308,0.620062106,0.128659979,0.358437894,0.105153796,0.902391802,0.009910724,0.883192022,0.074024695,0.832541953,0.0063229
max,max_sens_spec,0.24964445,307,10000,0.946339331,0.030074743,0.7395,0.025751214,0.18177982,0.019366277,0.100076062,0.011650557,0.200152124,0.023301114,0.053660669,0.030074743,0.685839331,0.019183586,0.902391802,0.009910724,0.883192022,0.074024695,0.832541953,0.0063229
max,max_sorensen,0.91884825,307,10000,0.379937894,0.128659979,0.9785,0.026258332,0.382697727,0.040498251,0.237248115,0.03100154,0.47449623,0.06200308,0.620062106,0.128659979,0.358437894,0.105153796,0.902391802,0.009910724,0.883192022,0.074024695,0.832541953,0.0063229
max,sensitivity,0.29884978,307,10000,0.892556398,0.004395495,0.7619,0.02000125,0.185639387,0.025559221,0.102491782,0.015536756,0.204983564,0.031073513,0.107443602,0.004395495,0.654456398,0.019511322,0.902391802,0.009910724,0.883192022,0.074024695,0.832541953,0.0063229
max,equal_sens_spec,0.30257682,311,10000,0.901296296,0.016215668,0.9025,0.016477257,0.360245708,0.030127714,0.220027013,0.022594966,0.440054027,0.045189932,0.098703704,0.016215668,0.803796296,0.032503778,0.960759447,0.008288873,0.928837549,0.036163131,0.91989937,0.00363171
max,lpt,0.00175519,311,10000,1,0,0.609,0.124398553,0.144402977,0.036381783,0.07814963,0.02100547,0.15629926,0.042010941,0,0,0.609,0.124398553,0.960759447,0.008288873,0.928837549,0.036163131,0.91989937,0.00363171
max,max_fpb,0.71769821,311,10000,0.700391487,0.114333238,0.9718,0.010134101,0.537020346,0.035038489,0.367710206,0.033258876,0.735420413,0.066517753,0.299608513,0.114333238,0.672191487,0.107054147,0.960759447,0.008288873,0.928837549,0.036163131,0.91989937,0.00363171
max,max_jaccard,0.71769821,311,10000,0.700391487,0.114333238,0.9718,0.010134101,0.537020346,0.035038489,0.367710206,0.033258876,0.735420413,0.066517753,0.299608513,0.114333238,0.672191487,0.107054147,0.960759447,0.008288873,0.928837549,0.036163131,0.91989937,0.00363171
max,max_sens_spec,0.19093474,311,10000,0.96519422,0.014909541,0.8752,0.022196847,0.325287636,0.023689069,0.194427896,0.017053847,0.388855793,0.034107693,0.03480578,0.014909541,0.84039422,0.026441731,0.960759447,0.008288873,0.928837549,0.036163131,0.91989937,0.00363171
max,max_sorensen,0.71769821,311,10000,0.700391487,0.114333238,0.9718,0.010134101,0.537020346,0.035038489,0.367710206,0.033258876,0.735420413,0.066517753,0.299608513,0.114333238,0.672191487,0.107054147,0.960759447,0.008288873,0.928837549,0.036163131,0.91989937,0.00363171
max,sensitivity,0.33334345,311,10000,0.896964745,0.003542754,0.8956,0.034433632,0.35333891,0.063934083,0.216094548,0.048814089,0.432189095,0.097628179,0.103035255,0.003542754,0.792564745,0.032402017,0.960759447,0.008288873,0.928837549,0.036163131,0.91989937,0.00363171
max,equal_sens_spec,0.17394492,311,10000,0.87215722,0.036475324,0.8692,0.036724651,0.295808324,0.058660111,0.174674979,0.039897757,0.349349957,0.079795514,0.12784278,0.036475324,0.74135722,0.07312068,0.951528971,0.02149362,0.919593007,0.026166046,0.925860365,0.004102501
max,lpt,0.01688234,311,10000,1,0,0.6956,0.077319467,0.1750678,0.034046178,0.09623338,0.020253394,0.192466759,0.040506788,0,0,0.6956,0.077319467,0.951528971,0.02149362,0.919593007,0.026166046,0.925860365,0.004102501
max,max_fpb,0.75714722,311,10000,0.527909937,0.069200688,0.9962,0.00130384,0.638417358,0.055990662,0.4709178,0.062007878,0.941835599,0.124015756,0.472090063,0.069200688,0.524109937,0.069211203,0.951528971,0.02149362,0.919593007,0.026166046,0.925860365,0.004102501
max,max_jaccard,0.75714722,311,10000,0.527909937,0.069200688,0.9962,0.00130384,0.638417358,0.055990662,0.4709178,0.062007878,0.941835599,0.124015756,0.472090063,0.069200688,0.524109937,0.069211203,0.951528971,0.02149362,0.919593007,0.026166046,0.925860365,0.004102501
max,max_sens_spec,0.15251737,311,10000,0.906617813,0.055027409,0.8562,0.049520955,0.289687457,0.064446035,0.170699802,0.043893485,0.341399604,0.087786971,0.093382187,0.055027409,0.762817813,0.06981804,0.951528971,0.02149362,0.919593007,0.026166046,0.925860365,0.004102501
max,max_sorensen,0.75714722,311,10000,0.527909937,0.069200688,0.9962,0.00130384,0.638417358,0.055990662,0.4709178,0.062007878,0.941835599,0.124015756,0.472090063,0.069200688,0.524109937,0.069211203,0.951528971,0.02149362,0.919593007,0.026166046,0.925860365,0.004102501
max,sensitivity,0.16034078,311,10000,0.893912899,0.005098105,0.8313,0.08156102,0.266620323,0.078252526,0.155676362,0.051577949,0.311352723,0.103155898,0.106087101,0.005098105,0.725212899,0.086557429,0.951528971,0.02149362,0.919593007,0.026166046,0.925860365,0.004102501
max,equal_sens_spec,0.24465964,316,10000,0.845915405,0.020962571,0.8455,0.019602296,0.252492187,0.021566292,0.144626885,0.014167969,0.28925377,0.028335939,0.154084595,0.020962571,0.691415405,0.040472273,0.933856554,0.011975566,0.931700537,0.050065684,0.897698784,0.002595491
max,lpt,0.00462236,316,10000,1,0,0.54,0.09244931,0.124876752,0.031214217,0.06683609,0.017987701,0.133672179,0.035975402,0,0,0.54,0.09244931,0.933856554,0.011975566,0.931700537,0.050065684,0.897698784,0.002595491
max,max_fpb,0.79357833,316,10000,0.514156747,0.056248114,0.9932,0.002280351,0.594465486,0.049898952,0.424420449,0.051924407,0.848840899,0.103848814,0.485843253,0.056248114,0.507356747,0.056201864,0.933856554,0.011975566,0.931700537,0.050065684,0.897698784,0.002595491
max,max_jaccard,0.79357833,316,10000,0.514156747,0.056248114,0.9932,0.002280351,0.594465486,0.049898952,0.424420449,0.051924407,0.848840899,0.103848814,0.485843253,0.056248114,0.507356747,0.056201864,0.933856554,0.011975566,0.931700537,0.050065684,0.897698784,0.002595491
max,max_sens_spec,0.20503917,316,10000,0.933165718,0.035109975,0.7967,0.047759292,0.228217721,0.034224307,0.129146022,0.021951822,0.258292044,0.043903645,0.066834282,0.035109975,0.729865718,0.032584514,0.933856554,0.011975566,0.931700537,0.050065684,0.897698784,0.002595491
max,max_sorensen,0.79357833,316,10000,0.514156747,0.056248114,0.9932,0.002280351,0.594465486,0.049898952,0.424420449,0.051924407,0.848840899,0.103848814,0.485843253,0.056248114,0.507356747,0.056201864,0.933856554,0.011975566,0.931700537,0.050065684,0.897698784,0.002595491
max,sensitivity,0.20578783,316,10000,0.895539769,0.004296473,0.801,0.042684892,0.222647064,0.031989645,0.125558943,0.02014325,0.251117886,0.040286501,0.104460231,0.004296473,0.696539769,0.04030881,0.933856554,0.011975566,0.931700537,0.050065684,0.897698784,0.002595491
max,equal_sens_spec,0.20546174,318,10000,0.877115787,0.009827029,0.8746,0.012218838,0.30218609,0.033716998,0.178353106,0.023147753,0.356706212,0.046295507,0.122884213,0.009827029,0.751715787,0.021912081,0.956600286,0.007536515,0.923464857,0.045965494,0.927105759,0.003937709
max,lpt,0.0075398,318,10000,1,0,0.7015,0.090472371,0.181698555,0.033360667,0.100222912,0.020119736,0.200445824,0.040239471,0,0,0.7015,0.090472371,0.956600286,0.007536515,0.923464857,0.045965494,0.927105759,0.003937709
max,max_fpb,0.74331073,318,10000,0.526076413,0.03506743,0.9945,0.0025,0.618898989,0.061348679,0.450388908,0.063875387,0.900777816,0.127750773,0.473923587,0.03506743,0.520576413,0.037486254,0.956600286,0.007536515,0.923464857,0.045965494,0.927105759,0.003937709
max,max_jaccard,0.74331073,318,10000,0.526076413,0.03506743,0.9945,0.0025,0.618898989,0.061348679,0.450388908,0.063875387,0.900777816,0.127750773,0.473923587,0.03506743,0.520576413,0.037486254,0.956600286,0.007536515,0.923464857,0.045965494,0.927105759,0.003937709
max,max_sens_spec,0.19355748,318,10000,0.91344301,0.041396555,0.8652,0.046219044,0.308666892,0.068218278,0.184034851,0.047614861,0.368069702,0.095229722,0.08655699,0.041396555,0.77864301,0.01260381,0.956600286,0.007536515,0.923464857,0.045965494,0.927105759,0.003937709
max,max_sorensen,0.74331073,318,10000,0.526076413,0.03506743,0.9945,0.0025,0.618898989,0.061348679,0.450388908,0.063875387,0.900777816,0.127750773,0.473923587,0.03506743,0.520576413,0.037486254,0.956600286,0.007536515,0.923464857,0.045965494,0.927105759,0.003937709
max,sensitivity,0.19580423,318,10000,0.893134659,0.006451405,0.8551,0.02177843,0.278873935,0.032722771,0.162361883,0.021827088,0.324723765,0.043654176,0.106865341,0.006451405,0.748234659,0.021184182,0.956600286,0.007536515,0.923464857,0.045965494,0.927105759,0.003937709
max,equal_sens_spec,0.2810448,318,10000,0.841089707,0.020292596,0.8409,0.017987496,0.245948525,0.014096529,0.140275959,0.009109504,0.280551918,0.018219008,0.158910293,0.020292596,0.681989707,0.037990459,0.933271854,0.010264625,0.898913463,0.064210921,0.884927841,0.002355928
max,lpt,0.02571894,318,10000,1,0,0.6618,0.05569403,0.159701696,0.018119669,0.086863957,0.010616936,0.173727914,0.021233871,0,0,0.6618,0.05569403,0.933271854,0.010264625,0.898913463,0.064210921,0.884927841,0.002355928
max,max_fpb,0.9078524,318,10000,0.377267105,0.03114131,0.9954,0.001294218,0.495215405,0.039557378,0.32981346,0.034223263,0.65962692,0.068446526,0.622732895,0.03114131,0.372667105,0.031710613,0.933271854,0.010264625,0.898913463,0.064210921,0.884927841,0.002355928
max,max_jaccard,0.9078524,318,10000,0.377267105,0.03114131,0.9954,0.001294218,0.495215405,0.039557378,0.32981346,0.034223263,0.65962692,0.068446526,0.622732895,0.03114131,0.372667105,0.031710613,0.933271854,0.010264625,0.898913463,0.064210921,0.884927841,0.002355928
max,max_sens_spec,0.19517068,318,10000,0.924087068,0.045763009,0.8041,0.044738686,0.231916247,0.024198347,0.131336682,0.015395114,0.262673364,0.030790229,0.075912932,0.045763009,0.728187068,0.042707353,0.933271854,0.010264625,0.898913463,0.064210921,0.884927841,0.002355928
max,max_sorensen,0.9078524,318,10000,0.377267105,0.03114131,0.9954,0.001294218,0.495215405,0.039557378,0.32981346,0.034223263,0.65962692,0.068446526,0.622732895,0.03114131,0.372667105,0.031710613,0.933271854,0.010264625,0.898913463,0.064210921,0.884927841,0.002355928
max,sensitivity,0.23179653,318,10000,0.892989469,0.005879252,0.8034,0.036534915,0.223623914,0.025148508,0.126066678,0.015803285,0.252133356,0.031606571,0.107010531,0.005879252,0.696389469,0.032314258,0.933271854,0.010264625,0.898913463,0.064210921,0.884927841,0.002355928
max,equal_sens_spec,0.38999032,320,10000,0.843997986,0.020995693,0.8392,0.021710021,0.247559628,0.026804008,0.141477364,0.017303755,0.282954728,0.03460751,0.156002014,0.020995693,0.683197986,0.042559627,0.919252102,0.00354885,0.933936203,0.022853739,0.84805426,0.009192947
max,lpt,0.04963592,320,10000,1,0,0.6374,0.037933165,0.150795871,0.012936064,0.081588491,0.007527876,0.163176983,0.015055751,0,0,0.6374,0.037933165,0.919252102,0.00354885,0.933936203,0.022853739,0.84805426,0.009192947
max,max_fpb,0.77454398,320,10000,0.493228637,0.041368922,0.9582,0.006778643,0.353145172,0.037202957,0.214929114,0.027282537,0.429858228,0.054565074,0.506771363,0.041368922,0.451428637,0.040150202,0.919252102,0.00354885,0.933936203,0.022853739,0.84805426,0.009192947
max,max_jaccard,0.77454398,320,10000,0.493228637,0.041368922,0.9582,0.006778643,0.353145172,0.037202957,0.214929114,0.027282537,0.429858228,0.054565074,0.506771363,0.041368922,0.451428637,0.040150202,0.919252102,0.00354885,0.933936203,0.022853739,0.84805426,0.009192947
max,max_sens_spec,0.21951277,320,10000,0.87969488,0.086718037,0.8407,0.054435283,0.265436535,0.047546928,0.153719871,0.031558929,0.307439742,0.063117859,0.12030512,0.086718037,0.72039488,0.040747521,0.919252102,0.00354885,0.933936203,0.022853739,0.84805426,0.009192947
max,max_sorensen,0.77454398,320,10000,0.493228637,0.041368922,0.9582,0.006778643,0.353145172,0.037202957,0.214929114,0.027282537,0.429858228,0.054565074,0.506771363,0.041368922,0.451428637,0.040150202,0.919252102,0.00354885,0.933936203,0.022853739,0.84805426,0.009192947
max,sensitivity,0.26905463,320,10000,0.893703396,0.004946004,0.7958,0.047392774,0.221039572,0.035827451,0.124617294,0.022671207,0.249234587,0.045342413,0.106296604,0.004946004,0.689503396,0.046553204,0.919252102,0.00354885,0.933936203,0.022853739,0.84805426,0.009192947
max,equal_sens_spec,0.52022723,322,10000,0.792339285,0.010145545,0.7939,0.007963981,0.193048602,0.012076914,0.106875981,0.007359362,0.213751963,0.014718724,0.207660715,0.010145545,0.586239285,0.017829948,0.881478832,0.010175726,0.818442238,0.086194998,0.807186416,0.003901559
max,lpt,0.00857643,322,10000,1,0,0.5143,0.167920219,0.124319846,0.029428034,0.066489485,0.016700527,0.132978971,0.033401053,0,0,0.5143,0.167920219,0.881478832,0.010175726,0.818442238,0.086194998,0.807186416,0.003901559
max,max_fpb,0.8275518,322,10000,0.28255179,0.078153455,0.9786,0.011013628,0.290647026,0.051164743,0.170866808,0.034813313,0.341733615,0.069626627,0.71744821,0.078153455,0.26115179,0.072077989,0.881478832,0.010175726,0.818442238,0.086194998,0.807186416,0.003901559
max,max_jaccard,0.8275518,322,10000,0.28255179,0.078153455,0.9786,0.011013628,0.290647026,0.051164743,0.170866808,0.034813313,0.341733615,0.069626627,0.71744821,0.078153455,0.26115179,0.072077989,0.881478832,0.010175726,0.818442238,0.086194998,0.807186416,0.003901559
max,max_sens_spec,0.23982376,322,10000,0.967004589,0.017047585,0.714,0.009598177,0.177934085,0.012610763,0.097697015,0.007564649,0.19539403,0.015129297,0.032995411,0.017047585,0.681004589,0.021644909,0.881478832,0.010175726,0.818442238,0.086194998,0.807186416,0.003901559
max,max_sorensen,0.8275518,322,10000,0.28255179,0.078153455,0.9786,0.011013628,0.290647026,0.051164743,0.170866808,0.034813313,0.341733615,0.069626627,0.71744821,0.078153455,0.26115179,0.072077989,0.881478832,0.010175726,0.818442238,0.086194998,0.807186416,0.003901559
max,sensitivity,0.36374767,322,10000,0.891192028,0.004499058,0.7332,0.013198485,0.175103802,0.015541253,0.096015852,0.00926272,0.192031705,0.018525441,0.108807972,0.004499058,0.624392028,0.013916986,0.881478832,0.010175726,0.818442238,0.086194998,0.807186416,0.003901559
max,equal_sens_spec,0.34852913,331,10000,0.834120433,0.00801178,0.8334,0.009555103,0.242926993,0.011947587,0.138298845,0.007760479,0.27659769,0.015520958,0.165879567,0.00801178,0.667520433,0.017261333,0.921721096,0.006127192,0.904583232,0.042684938,0.864536746,0.004736283
max,lpt,0.03689032,331,10000,1,0,0.683,0.053781967,0.174674267,0.019673514,0.095795991,0.011730728,0.191591982,0.023461457,0,0,0.683,0.053781967,0.921721096,0.006127192,0.904583232,0.042684938,0.864536746,0.004736283
max,max_fpb,0.71880217,331,10000,0.441811058,0.08068665,0.9715,0.012103718,0.385236192,0.009241616,0.238603585,0.007066155,0.47720717,0.014132311,0.558188942,0.08068665,0.413311058,0.069081925,0.921721096,0.006127192,0.904583232,0.042684938,0.864536746,0.004736283
max,max_jaccard,0.71880217,331,10000,0.441811058,0.08068665,0.9715,0.012103718,0.385236192,0.009241616,0.238603585,0.007066155,0.47720717,0.014132311,0.558188942,0.08068665,0.413311058,0.069081925,0.921721096,0.006127192,0.904583232,0.042684938,0.864536746,0.004736283
max,max_sens_spec,0.20302977,331,10000,0.967058723,0.021467857,0.7572,0.026978232,0.208578215,0.012856436,0.116477499,0.007983911,0.232954999,0.015967822,0.032941277,0.021467857,0.724258723,0.017560264,0.921721096,0.006127192,0.904583232,0.042684938,0.864536746,0.004736283
max,max_sorensen,0.71880217,331,10000,0.441811058,0.08068665,0.9715,0.012103718,0.385236192,0.009241616,0.238603585,0.007066155,0.47720717,0.014132311,0.558188942,0.08068665,0.413311058,0.069081925,0.921721096,0.006127192,0.904583232,0.042684938,0.864536746,0.004736283
max,sensitivity,0.25263518,331,10000,0.891080833,0.004914373,0.7865,0.017051393,0.213894298,0.010985834,0.119788409,0.006879732,0.239576819,0.013759464,0.108919167,0.004914373,0.677580833,0.016422697,0.921721096,0.006127192,0.904583232,0.042684938,0.864536746,0.004736283
max,equal_sens_spec,0.41273048,334,10000,0.809660263,0.014955974,0.8101,0.012641202,0.215184811,0.01617501,0.120638367,0.010230343,0.241276733,0.020460685,0.190339737,0.014955974,0.619760263,0.027355448,0.899697724,0.017825933,0.812490258,0.109274643,0.829190986,0.008112744
max,lpt,0.01486316,334,10000,1,0,0.5476,0.140873791,0.134595322,0.030486448,0.072382966,0.017557722,0.144765931,0.035115445,0,0,0.5476,0.140873791,0.899697724,0.017825933,0.812490258,0.109274643,0.829190986,0.008112744
max,max_fpb,0.83323058,334,10000,0.374380183,0.065029054,0.9836,0.006426508,0.398852922,0.042812906,0.249836354,0.034221013,0.499672707,0.068442025,0.625619817,0.065029054,0.357980183,0.061360753,0.899697724,0.017825933,0.812490258,0.109274643,0.829190986,0.008112744
max,max_jaccard,0.83323058,334,10000,0.374380183,0.065029054,0.9836,0.006426508,0.398852922,0.042812906,0.249836354,0.034221013,0.499672707,0.068442025,0.625619817,0.065029054,0.357980183,0.061360753,0.899697724,0.017825933,0.812490258,0.109274643,0.829190986,0.008112744
max,max_sens_spec,0.1559076,334,10000,0.9378659,0.085454267,0.7365,0.058352378,0.193500284,0.036592682,0.107484914,0.022928913,0.214969829,0.045857825,0.0621341,0.085454267,0.6743659,0.0528421,0.899697724,0.017825933,0.812490258,0.109274643,0.829190986,0.008112744
max,max_sorensen,0.83323058,334,10000,0.374380183,0.065029054,0.9836,0.006426508,0.398852922,0.042812906,0.249836354,0.034221013,0.499672707,0.068442025,0.625619817,0.065029054,0.357980183,0.061360753,0.899697724,0.017825933,0.812490258,0.109274643,0.829190986,0.008112744
max,sensitivity,0.27466076,334,10000,0.895447789,0.003103164,0.7271,0.052650261,0.17952472,0.017955872,0.098699851,0.010854518,0.197399701,0.021709037,0.104552211,0.003103164,0.622547789,0.054836463,0.899697724,0.017825933,0.812490258,0.109274643,0.829190986,0.008112744
max,equal_sens_spec,0.22034951,334,10000,0.870079091,0.029374898,0.8692,0.029209587,0.307477799,0.063209633,0.182990224,0.04426763,0.365980449,0.08853526,0.129920909,0.029374898,0.739279091,0.058556984,0.952651884,0.014395706,0.913548907,0.062052886,0.910955368,0.002593773
max,lpt,0.07396729,334,10000,1,0,0.7369,0.016241921,0.202853775,0.014473382,0.112933289,0.008969819,0.225866577,0.017939638,0,0,0.7369,0.016241921,0.952651884,0.014395706,0.913548907,0.062052886,0.910955368,0.002593773
max,max_fpb,0.76179567,334,10000,0.54791549,0.073736832,0.9873,0.001987461,0.567068766,0.061744921,0.397871204,0.061847158,0.795742408,0.123694316,0.45208451,0.073736832,0.53521549,0.073721306,0.952651884,0.014395706,0.913548907,0.062052886,0.910955368,0.002593773
max,max_jaccard,0.76179567,334,10000,0.54791549,0.073736832,0.9873,0.001987461,0.567068766,0.061744921,0.397871204,0.061847158,0.795742408,0.123694316,0.45208451,0.073736832,0.53521549,0.073721306,0.952651884,0.014395706,0.913548907,0.062052886,0.910955368,0.002593773
max,max_sens_spec,0.25367686,334,10000,0.931886803,0.05665713,0.841,0.086267752,0.313763192,0.121517681,0.191174917,0.088572197,0.382349834,0.177144394,0.068113197,0.05665713,0.772886803,0.038840881,0.952651884,0.014395706,0.913548907,0.062052886,0.910955368,0.002593773
max,max_sorensen,0.76179567,334,10000,0.54791549,0.073736832,0.9873,0.001987461,0.567068766,0.061744921,0.397871204,0.061847158,0.795742408,0.123694316,0.45208451,0.073736832,0.53521549,0.073721306,0.952651884,0.014395706,0.913548907,0.062052886,0.910955368,0.002593773
max,sensitivity,0.18169913,334,10000,0.892178579,0.004115897,0.8459,0.045803111,0.285843938,0.075608067,0.16863476,0.053311944,0.33726952,0.106623888,0.107821421,0.004115897,0.738078579,0.04587529,0.952651884,0.014395706,0.913548907,0.062052886,0.910955368,0.002593773
max,equal_sens_spec,0.38252345,350,10000,0.865284467,0.016553632,0.8608,0.01636154,0.297688436,0.041955886,0.175455601,0.029550869,0.350911202,0.059101738,0.134715533,0.016553632,0.726084467,0.032802463,0.934912862,0.011221402,0.925405037,0.05234919,0.877115904,0.004885372
max,lpt,0.00310844,350,10000,1,0,0.6464,0.175151863,0.186024749,0.066170427,0.103697261,0.039299727,0.207394523,0.078599453,0,0,0.6464,0.175151863,0.934912862,0.011221402,0.925405037,0.05234919,0.877115904,0.004885372
max,max_fpb,0.72985922,350,10000,0.574680766,0.169210504,0.9529,0.030282833,0.403336209,0.037555651,0.253161775,0.029228889,0.50632355,0.058457778,0.425319234,0.169210504,0.527580766,0.141528632,0.934912862,0.011221402,0.925405037,0.05234919,0.877115904,0.004885372
max,max_jaccard,0.72985922,350,10000,0.574680766,0.169210504,0.9529,0.030282833,0.403336209,0.037555651,0.253161775,0.029228889,0.50632355,0.058457778,0.425319234,0.169210504,0.527580766,0.141528632,0.934912862,0.011221402,0.925405037,0.05234919,0.877115904,0.004885372
max,max_sens_spec,0.26377906,350,10000,0.962219499,0.010539671,0.8193,0.024953958,0.271596841,0.033105063,0.157483705,0.022599817,0.31496741,0.045199635,0.037780501,0.010539671,0.781519499,0.020745295,0.934912862,0.011221402,0.925405037,0.05234919,0.877115904,0.004885372
max,max_sorensen,0.72985922,350,10000,0.574680766,0.169210504,0.9529,0.030282833,0.403336209,0.037555651,0.253161775,0.029228889,0.50632355,0.058457778,0.425319234,0.169210504,0.527580766,0.141528632,0.934912862,0.011221402,0.925405037,0.05234919,0.877115904,0.004885372
max,sensitivity,0.32600466,350,10000,0.891556196,0.002398562,0.8447,0.025601758,0.285010006,0.049405887,0.166981492,0.034457615,0.333962985,0.06891523,0.108443804,0.002398562,0.736256196,0.026764556,0.934912862,0.011221402,0.925405037,0.05234919,0.877115904,0.004885372
max,equal_sens_spec,0.26140995,352,10000,0.868949762,0.010440779,0.8689,0.010322306,0.311024258,0.037296776,0.184612411,0.02619923,0.369224821,0.052398459,0.131050238,0.010440779,0.737849762,0.020760861,0.949173983,0.008293797,0.915026217,0.033840239,0.907716674,0.00324016
max,lpt,0.01042318,352,10000,1,0,0.6339,0.07518843,0.16596965,0.040465331,0.090921987,0.024223339,0.181843975,0.048446678,0,0,0.6339,0.07518843,0.949173983,0.008293797,0.915026217,0.033840239,0.907716674,0.00324016
max,max_fpb,0.61005441,352,10000,0.514934661,0.134308863,0.986,0.010368221,0.538129633,0.037547781,0.368815115,0.034301818,0.73763023,0.068603636,0.485065339,0.134308863,0.500934661,0.124220387,0.949173983,0.008293797,0.915026217,0.033840239,0.907716674,0.00324016
max,max_jaccard,0.61005441,352,10000,0.514934661,0.134308863,0.986,0.010368221,0.538129633,0.037547781,0.368815115,0.034301818,0.73763023,0.068603636,0.485065339,0.134308863,0.500934661,0.124220387,0.949173983,0.008293797,0.915026217,0.033840239,0.907716674,0.00324016
max,max_sens_spec,0.2269168,352,10000,0.929314946,0.030171308,0.8424,0.0069857,0.289743142,0.027139022,0.169649252,0.018453972,0.339298505,0.036907944,0.070685054,0.030171308,0.771714946,0.025966572,0.949173983,0.008293797,0.915026217,0.033840239,0.907716674,0.00324016
max,max_sorensen,0.61005441,352,10000,0.514934661,0.134308863,0.986,0.010368221,0.538129633,0.037547781,0.368815115,0.034301818,0.73763023,0.068603636,0.485065339,0.134308863,0.500934661,0.124220387,0.949173983,0.008293797,0.915026217,0.033840239,0.907716674,0.00324016
max,sensitivity,0.24608737,352,10000,0.894912706,0.003403876,0.845,0.028650916,0.287953015,0.051500077,0.169016849,0.03427156,0.338033697,0.06854312,0.105087294,0.003403876,0.739912706,0.026463401,0.949173983,0.008293797,0.915026217,0.033840239,0.907716674,0.00324016
max,equal_sens_spec,0.42385465,364,10000,0.822158265,0.010641401,0.8205,0.008703448,0.243010256,0.014551008,0.138373033,0.009427719,0.276746065,0.018855438,0.177841735,0.010641401,0.642658265,0.01905706,0.911914956,0.010511981,0.941615252,0.031397522,0.841268027,0.004185332
max,lpt,0.01732069,364,10000,1,0,0.6287,0.060149397,0.166210259,0.027237464,0.090829982,0.016193936,0.181659964,0.032387872,0,0,0.6287,0.060149397,0.911914956,0.010511981,0.941615252,0.031397522,0.841268027,0.004185332
max,max_fpb,0.75647432,364,10000,0.39234806,0.076556285,0.9809,0.011260551,0.408485516,0.048767277,0.257623244,0.039109242,0.515246488,0.078218484,0.60765194,0.076556285,0.37324806,0.067898885,0.911914956,0.010511981,0.941615252,0.031397522,0.841268027,0.004185332
max,max_jaccard,0.75647432,364,10000,0.39234806,0.076556285,0.9809,0.011260551,0.408485516,0.048767277,0.257623244,0.039109242,0.515246488,0.078218484,0.60765194,0.076556285,0.37324806,0.067898885,0.911914956,0.010511981,0.941615252,0.031397522,0.841268027,0.004185332
max,max_sens_spec,0.21061378,364,10000,0.951300224,0.041477321,0.7547,0.034153331,0.220218851,0.028838448,0.123971543,0.018352126,0.247943085,0.036704252,0.048699776,0.041477321,0.706000224,0.015519057,0.911914956,0.010511981,0.941615252,0.031397522,0.841268027,0.004185332
max,max_sorensen,0.75647432,364,10000,0.39234806,0.076556285,0.9809,0.011260551,0.408485516,0.048767277,0.257623244,0.039109242,0.515246488,0.078218484,0.60765194,0.076556285,0.37324806,0.067898885,0.911914956,0.010511981,0.941615252,0.031397522,0.841268027,0.004185332
max,sensitivity,0.3347882,364,10000,0.889896083,0.00360522,0.7737,0.014246052,0.219285493,0.014254156,0.123202055,0.008961824,0.24640411,0.017923647,0.110103917,0.00360522,0.663596083,0.014766527,0.911914956,0.010511981,0.941615252,0.031397522,0.841268027,0.004185332
max,equal_sens_spec,0.28648023,366,10000,0.849509343,0.026868951,0.852,0.029238246,0.29071265,0.028185816,0.170333348,0.019336604,0.340666695,0.038673208,0.150490657,0.026868951,0.701509343,0.056023019,0.945808677,0.014315305,0.948706909,0.017794122,0.894130425,0.002416005
max,lpt,0.0248969,366,10000,1,0,0.706,0.086634289,0.206263707,0.041949492,0.115490004,0.026669032,0.230980007,0.053338063,0,0,0.706,0.086634289,0.945808677,0.014315305,0.948706909,0.017794122,0.894130425,0.002416005
max,max_fpb,0.72375961,366,10000,0.470844886,0.054357793,0.9872,0.005495453,0.517620501,0.019819906,0.349377101,0.018224291,0.698754203,0.036448581,0.529155114,0.054357793,0.458044886,0.050341204,0.945808677,0.014315305,0.948706909,0.017794122,0.894130425,0.002416005
max,max_jaccard,0.72375961,366,10000,0.470844886,0.054357793,0.9872,0.005495453,0.517620501,0.019819906,0.349377101,0.018224291,0.698754203,0.036448581,0.529155114,0.054357793,0.458044886,0.050341204,0.945808677,0.014315305,0.948706909,0.017794122,0.894130425,0.002416005
max,max_sens_spec,0.18924095,366,10000,0.940516375,0.038672706,0.8207,0.063368565,0.290829863,0.066608208,0.171644469,0.047674554,0.343288938,0.095349107,0.059483625,0.038672706,0.761216375,0.050409035,0.945808677,0.014315305,0.948706909,0.017794122,0.894130425,0.002416005
max,max_sorensen,0.72375961,366,10000,0.470844886,0.054357793,0.9872,0.005495453,0.517620501,0.019819906,0.349377101,0.018224291,0.698754203,0.036448581,0.529155114,0.054357793,0.458044886,0.050341204,0.945808677,0.014315305,0.948706909,0.017794122,0.894130425,0.002416005
max,sensitivity,0.2372582,366,10000,0.893334137,0.003513393,0.8294,0.047832259,0.279035021,0.036837413,0.162566067,0.0249604,0.325132135,0.049920799,0.106665863,0.003513393,0.722734137,0.046546154,0.945808677,0.014315305,0.948706909,0.017794122,0.894130425,0.002416005
max,equal_sens_spec,0.48596922,380,10000,0.819414339,0.013653113,0.8206,0.011414903,0.250107963,0.006264567,0.142939325,0.004075349,0.285878651,0.008150698,0.180585661,0.013653113,0.640014339,0.024784673,0.902145622,0.01141467,0.914089594,0.055285286,0.831109841,0.00487425
max,lpt,0.0092981,380,10000,1,0,0.5825,0.160549058,0.165848624,0.048357666,0.09103046,0.028831213,0.18206092,0.057662426,0,0,0.5825,0.160549058,0.902145622,0.01141467,0.914089594,0.055285286,0.831109841,0.00487425
max,max_fpb,0.68455924,380,10000,0.398980574,0.141891184,0.9631,0.03023326,0.339184421,0.041281008,0.204826328,0.030111285,0.409652657,0.06022257,0.601019426,0.141891184,0.362080574,0.11538801,0.902145622,0.01141467,0.914089594,0.055285286,0.831109841,0.00487425
max,max_jaccard,0.68455924,380,10000,0.398980574,0.141891184,0.9631,0.03023326,0.339184421,0.041281008,0.204826328,0.030111285,0.409652657,0.06022257,0.601019426,0.141891184,0.362080574,0.11538801,0.902145622,0.01141467,0.914089594,0.055285286,0.831109841,0.00487425
max,max_sens_spec,0.3555679,380,10000,0.947366527,0.030128504,0.7767,0.019453791,0.241975954,0.010769716,0.13767518,0.007001391,0.275350359,0.014002781,0.052633473,0.030128504,0.724066527,0.018136977,0.902145622,0.01141467,0.914089594,0.055285286,0.831109841,0.00487425
max,max_sorensen,0.68455924,380,10000,0.398980574,0.141891184,0.9631,0.03023326,0.339184421,0.041281008,0.204826328,0.030111285,0.409652657,0.06022257,0.601019426,0.141891184,0.362080574,0.11538801,0.902145622,0.01141467,0.914089594,0.055285286,0.831109841,0.00487425
max,sensitivity,0.44198372,380,10000,0.894578858,0.00382659,0.7932,0.012740683,0.243589097,0.01364877,0.138740858,0.008870685,0.277481715,0.017741371,0.105421142,0.00382659,0.687778858,0.011106648,0.902145622,0.01141467,0.914089594,0.055285286,0.831109841,0.00487425
max,equal_sens_spec,0.43509433,381,10000,0.77899194,0.014270708,0.7757,0.010744766,0.203687054,0.018182196,0.113482715,0.011234587,0.226965429,0.022469174,0.22100806,0.014270708,0.55469194,0.024998876,0.881406428,0.005312826,0.875793663,0.109611387,0.8015471,0.006989207
max,lpt,0.0347529,381,10000,1,0,0.5763,0.101459105,0.156964474,0.029124775,0.085383723,0.01720127,0.170767447,0.034402539,0,0,0.5763,0.101459105,0.881406428,0.005312826,0.875793663,0.109611387,0.8015471,0.006989207
max,max_fpb,0.75762165,381,10000,0.379357892,0.072314311,0.9714,0.008073103,0.354388974,0.030251931,0.215678429,0.022059952,0.431356857,0.044119905,0.620642108,0.072314311,0.350757892,0.065792388,0.881406428,0.005312826,0.875793663,0.109611387,0.8015471,0.006989207
max,max_jaccard,0.75762165,381,10000,0.379357892,0.072314311,0.9714,0.008073103,0.354388974,0.030251931,0.215678429,0.022059952,0.431356857,0.044119905,0.620642108,0.072314311,0.350757892,0.065792388,0.881406428,0.005312826,0.875793663,0.109611387,0.8015471,0.006989207
max,max_sens_spec,0.20160286,381,10000,0.974650276,0.036918747,0.6678,0.03897852,0.183456532,0.01937597,0.101092519,0.011768865,0.202185039,0.02353773,0.025349724,0.036918747,0.642450276,0.019172348,0.881406428,0.005312826,0.875793663,0.109611387,0.8015471,0.006989207
max,max_sorensen,0.75762165,381,10000,0.379357892,0.072314311,0.9714,0.008073103,0.354388974,0.030251931,0.215678429,0.022059952,0.431356857,0.044119905,0.620642108,0.072314311,0.350757892,0.065792388,0.881406428,0.005312826,0.875793663,0.109611387,0.8015471,0.006989207
max,sensitivity,0.29173778,381,10000,0.892011793,0.010459164,0.6899,0.024452505,0.178731468,0.019610357,0.098237788,0.011851377,0.196475576,0.023702753,0.107988207,0.010459164,0.581911793,0.032367684,0.881406428,0.005312826,0.875793663,0.109611387,0.8015471,0.006989207
max,equal_sens_spec,0.3758578,391,10000,0.846740092,0.009108042,0.845,0.011319231,0.291555502,0.019388373,0.170777316,0.013414608,0.341554632,0.026829216,0.153259908,0.009108042,0.691740092,0.020232087,0.930793816,0.004656909,0.957511716,0.019373497,0.871294522,0.002554826
max,lpt,0.05721082,391,10000,1,0,0.6999,0.052995755,0.210090705,0.036111773,0.117735281,0.022321351,0.235470562,0.044642702,0,0,0.6999,0.052995755,0.930793816,0.004656909,0.957511716,0.019373497,0.871294522,0.002554826
max,max_fpb,0.67570592,391,10000,0.410616349,0.072712068,0.9784,0.011232765,0.418032238,0.036831407,0.264802046,0.029738635,0.529604093,0.059477269,0.589383651,0.072712068,0.389016349,0.063139194,0.930793816,0.004656909,0.957511716,0.019373497,0.871294522,0.002554826
max,max_jaccard,0.67570592,391,10000,0.410616349,0.072712068,0.9784,0.011232765,0.418032238,0.036831407,0.264802046,0.029738635,0.529604093,0.059477269,0.589383651,0.072712068,0.389016349,0.063139194,0.930793816,0.004656909,0.957511716,0.019373497,0.871294522,0.002554826
max,max_sens_spec,0.20461781,391,10000,0.951914156,0.038588036,0.799,0.023677521,0.268921651,0.011620318,0.155390943,0.007771606,0.310781886,0.015543211,0.048085844,0.038588036,0.750914156,0.02184121,0.930793816,0.004656909,0.957511716,0.019373497,0.871294522,0.002554826
max,max_sorensen,0.67570592,391,10000,0.410616349,0.072712068,0.9784,0.011232765,0.418032238,0.036831407,0.264802046,0.029738635,0.529604093,0.059477269,0.589383651,0.072712068,0.389016349,0.063139194,0.930793816,0.004656909,0.957511716,0.019373497,0.871294522,0.002554826
max,sensitivity,0.30405573,391,10000,0.892430936,0.003149292,0.8204,0.018925512,0.276009435,0.023034924,0.160263705,0.015394758,0.320527411,0.030789516,0.107569064,0.003149292,0.712830936,0.020319209,0.930793816,0.004656909,0.957511716,0.019373497,0.871294522,0.002554826
max,equal_sens_spec,0.39007871,392,10000,0.831352265,0.0165836,0.8322,0.020315019,0.273961429,0.034818107,0.159105362,0.023717311,0.318210723,0.047434622,0.168647735,0.0165836,0.663552265,0.036846812,0.915754602,0.016243123,0.898794088,0.086735745,0.845233193,0.005561367
max,lpt,0.00783439,392,10000,1,0,0.62,0.088682721,0.17495552,0.027066061,0.096054851,0.016111858,0.192109703,0.032223717,0,0,0.62,0.088682721,0.915754602,0.016243123,0.898794088,0.086735745,0.845233193,0.005561367
max,max_fpb,0.72088582,392,10000,0.432856934,0.097728006,0.9715,0.019691369,0.403745704,0.042066248,0.253629988,0.03305718,0.507259976,0.06611436,0.567143066,0.097728006,0.404356934,0.079828832,0.915754602,0.016243123,0.898794088,0.086735745,0.845233193,0.005561367
max,max_jaccard,0.72088582,392,10000,0.432856934,0.097728006,0.9715,0.019691369,0.403745704,0.042066248,0.253629988,0.03305718,0.507259976,0.06611436,0.567143066,0.097728006,0.404356934,0.079828832,0.915754602,0.016243123,0.898794088,0.086735745,0.845233193,0.005561367
max,max_sens_spec,0.26838903,392,10000,0.949359923,0.021882061,0.7627,0.052919278,0.243487016,0.050385263,0.139393451,0.033729597,0.278786902,0.067459193,0.050640077,0.021882061,0.712059923,0.040912679,0.915754602,0.016243123,0.898794088,0.086735745,0.845233193,0.005561367
max,max_sorensen,0.72088582,392,10000,0.432856934,0.097728006,0.9715,0.019691369,0.403745704,0.042066248,0.253629988,0.03305718,0.507259976,0.06611436,0.567143066,0.097728006,0.404356934,0.079828832,0.915754602,0.016243123,0.898794088,0.086735745,0.845233193,0.005561367
max,sensitivity,0.31389597,392,10000,0.890429193,0.006898691,0.7907,0.046563935,0.252267523,0.049383474,0.145084136,0.032932608,0.290168271,0.065865215,0.109570807,0.006898691,0.681129193,0.04359198,0.915754602,0.016243123,0.898794088,0.086735745,0.845233193,0.005561367
max,equal_sens_spec,0.20580027,394,10000,0.845003886,0.009357391,0.845,0.012,0.29245426,0.030650068,0.171575043,0.021125116,0.343150087,0.042250232,0.154996114,0.009357391,0.690003886,0.021150102,0.933877352,0.002578059,0.927095872,0.033955723,0.893802792,0.00303076
max,lpt,0.02515356,394,10000,1,0,0.5469,0.04863435,0.149535713,0.025900593,0.080979251,0.015130516,0.161958502,0.030261033,0,0,0.5469,0.04863435,0.933877352,0.002578059,0.927095872,0.033955723,0.893802792,0.00303076
max,max_fpb,0.82367003,394,10000,0.508149658,0.065467316,0.9895,0.005545268,0.569293699,0.044722823,0.399029672,0.044748766,0.798059344,0.089497532,0.491850342,0.065467316,0.497649658,0.062019293,0.933877352,0.002578059,0.927095872,0.033955723,0.893802792,0.00303076
max,max_jaccard,0.82367003,394,10000,0.508149658,0.065467316,0.9895,0.005545268,0.569293699,0.044722823,0.399029672,0.044748766,0.798059344,0.089497532,0.491850342,0.065467316,0.497649658,0.062019293,0.933877352,0.002578059,0.927095872,0.033955723,0.893802792,0.00303076
max,max_sens_spec,0.23443671,394,10000,0.819907361,0.043780351,0.8993,0.045093791,0.395409672,0.107078703,0.251067927,0.08707339,0.502135854,0.174146781,0.180092639,0.043780351,0.719207361,0.002251805,0.933877352,0.002578059,0.927095872,0.033955723,0.893802792,0.00303076
max,max_sorensen,0.82367003,394,10000,0.508149658,0.065467316,0.9895,0.005545268,0.569293699,0.044722823,0.399029672,0.044748766,0.798059344,0.089497532,0.491850342,0.065467316,0.497649658,0.062019293,0.933877352,0.002578059,0.927095872,0.033955723,0.893802792,0.00303076
max,sensitivity,0.12318115,394,10000,0.893270053,0.002537994,0.7517,0.027887273,0.219287678,0.031935221,0.123431487,0.019897245,0.246862975,0.03979449,0.106729947,0.002537994,0.644970053,0.028019605,0.933877352,0.002578059,0.927095872,0.033955723,0.893802792,0.00303076
max,equal_sens_spec,0.4987359,400,10000,0.810637512,0.012922011,0.8118,0.009444575,0.248614024,0.006419184,0.14196501,0.004187391,0.28393002,0.008374783,0.189362488,0.012922011,0.622437512,0.021876449,0.895324123,0.015683041,0.911377863,0.09478673,0.809410466,0.009266129
max,lpt,0.00259899,400,10000,1,0,0.506,0.124817867,0.143818152,0.026510571,0.077656784,0.015416841,0.155313568,0.030833682,0,0,0.506,0.124817867,0.895324123,0.015683041,0.911377863,0.09478673,0.809410466,0.009266129
max,max_fpb,0.82325076,400,10000,0.368659632,0.056899744,0.974,0.009893179,0.364719184,0.019478387,0.22317042,0.014576449,0.446340841,0.029152898,0.631340368,0.056899744,0.342659632,0.048737713,0.895324123,0.015683041,0.911377863,0.09478673,0.809410466,0.009266129
max,max_jaccard,0.82325076,400,10000,0.368659632,0.056899744,0.974,0.009893179,0.364719184,0.019478387,0.22317042,0.014576449,0.446340841,0.029152898,0.631340368,0.056899744,0.342659632,0.048737713,0.895324123,0.015683041,0.911377863,0.09478673,0.809410466,0.009266129
max,max_sens_spec,0.46044851,400,10000,0.894300434,0.034955166,0.7823,0.022365151,0.244127611,0.014212233,0.139094601,0.009213998,0.278189203,0.018427996,0.105699566,0.034955166,0.676600434,0.038297998,0.895324123,0.015683041,0.911377863,0.09478673,0.809410466,0.009266129
max,max_sorensen,0.82325076,400,10000,0.368659632,0.056899744,0.974,0.009893179,0.364719184,0.019478387,0.22317042,0.014576449,0.446340841,0.029152898,0.631340368,0.056899744,0.342659632,0.048737713,0.895324123,0.015683041,0.911377863,0.09478673,0.809410466,0.009266129
max,sensitivity,0.40450725,400,10000,0.892420882,0.001643777,0.7527,0.059968325,0.225361694,0.027799003,0.127208186,0.017394774,0.254416372,0.034789547,0.107579118,0.001643777,0.645120882,0.05880083,0.895324123,0.015683041,0.911377863,0.09478673,0.809410466,0.009266129
max,equal_sens_spec,0.38577965,401,10000,0.87832077,0.016438036,0.8787,0.014429137,0.359342955,0.028906447,0.219322948,0.021224539,0.438645895,0.042449078,0.12167923,0.016438036,0.75702077,0.030782085,0.949291868,0.005921433,0.960871979,0.01202763,0.885219328,0.003890284
max,lpt,0.10079032,401,10000,1,0,0.7534,0.015286432,0.245619178,0.019584043,0.140117356,0.012767159,0.280234712,0.025534318,0,0,0.7534,0.015286432,0.949291868,0.005921433,0.960871979,0.01202763,0.885219328,0.003890284
max,max_fpb,0.67884116,401,10000,0.551886867,0.038468513,0.9745,0.007115125,0.506642103,0.03032551,0.339715814,0.02783302,0.679431628,0.055666039,0.448113133,0.038468513,0.526386867,0.034646088,0.949291868,0.005921433,0.960871979,0.01202763,0.885219328,0.003890284
max,max_jaccard,0.67884116,401,10000,0.551886867,0.038468513,0.9745,0.007115125,0.506642103,0.03032551,0.339715814,0.02783302,0.679431628,0.055666039,0.448113133,0.038468513,0.526386867,0.034646088,0.949291868,0.005921433,0.960871979,0.01202763,0.885219328,0.003890284
max,max_sens_spec,0.35058442,401,10000,0.949599958,0.031878752,0.838,0.043931765,0.323664069,0.045555012,0.193769408,0.031793319,0.387538816,0.063586638,0.050400042,0.031878752,0.787599958,0.015775849,0.949291868,0.005921433,0.960871979,0.01202763,0.885219328,0.003890284
max,max_sorensen,0.67884116,401,10000,0.551886867,0.038468513,0.9745,0.007115125,0.506642103,0.03032551,0.339715814,0.02783302,0.679431628,0.055666039,0.448113133,0.038468513,0.526386867,0.034646088,0.949291868,0.005921433,0.960871979,0.01202763,0.885219328,0.003890284
max,sensitivity,0.37257896,401,10000,0.892883685,0.003154476,0.8647,0.024368525,0.342090648,0.039505601,0.206874393,0.028111445,0.413748786,0.05622289,0.107116315,0.003154476,0.757583685,0.025778361,0.949291868,0.005921433,0.960871979,0.01202763,0.885219328,0.003890284
max,equal_sens_spec,0.28440755,401,10000,0.855576282,0.015677623,0.8564,0.016241921,0.316059356,0.024666007,0.187891803,0.017194756,0.375783606,0.034389511,0.144423718,0.015677623,0.711976282,0.031893116,0.943167521,0.006191156,0.94490418,0.024706604,0.889169241,0.003514074
max,lpt,0.04807477,401,10000,1,0,0.7,0.028098043,0.211908426,0.018509543,0.118607273,0.011632472,0.237214547,0.023264943,0,0,0.7,0.028098043,0.943167521,0.006191156,0.94490418,0.024706604,0.889169241,0.003514074
max,max_fpb,0.71478216,401,10000,0.526577232,0.019404917,0.981,0.003674235,0.527143974,0.025310474,0.358220306,0.022864757,0.716440613,0.045729515,0.473422768,0.019404917,0.507577232,0.020013579,0.943167521,0.006191156,0.94490418,0.024706604,0.889169241,0.003514074
max,max_jaccard,0.71478216,401,10000,0.526577232,0.019404917,0.981,0.003674235,0.527143974,0.025310474,0.358220306,0.022864757,0.716440613,0.045729515,0.473422768,0.019404917,0.507577232,0.020013579,0.943167521,0.006191156,0.94490418,0.024706604,0.889169241,0.003514074
max,max_sens_spec,0.18409382,401,10000,0.942340165,0.024889752,0.814,0.031238998,0.288871487,0.025785954,0.169032897,0.017720854,0.338065794,0.035441708,0.057659835,0.024889752,0.756340165,0.014253006,0.943167521,0.006191156,0.94490418,0.024706604,0.889169241,0.003514074
max,max_sorensen,0.71478216,401,10000,0.526577232,0.019404917,0.981,0.003674235,0.527143974,0.025310474,0.358220306,0.022864757,0.716440613,0.045729515,0.473422768,0.019404917,0.507577232,0.020013579,0.943167521,0.006191156,0.94490418,0.024706604,0.889169241,0.003514074
max,sensitivity,0.24867816,401,10000,0.892839545,0.003303685,0.8345,0.021988633,0.298431143,0.026831175,0.175619658,0.018533612,0.351239316,0.037067224,0.107160455,0.003303685,0.727339545,0.02211416,0.943167521,0.006191156,0.94490418,0.024706604,0.889169241,0.003514074
max,equal_sens_spec,0.25052251,409,10000,0.880429812,0.009020939,0.8804,0.010334409,0.366827245,0.022566362,0.224797655,0.016959261,0.449595309,0.033918521,0.119570188,0.009020939,0.760829812,0.019108534,0.95962661,0.004804612,0.898671538,0.054324301,0.923077426,0.003336826
max,lpt,0.00697854,409,10000,1,0,0.6874,0.082758232,0.21423915,0.042074094,0.12047265,0.026626674,0.240945301,0.053253348,0,0,0.6874,0.082758232,0.95962661,0.004804612,0.898671538,0.054324301,0.923077426,0.003336826
max,max_fpb,0.72471246,409,10000,0.532161268,0.047088986,0.9904,0.004292435,0.603145669,0.042368141,0.432842929,0.043463717,0.865685857,0.086927435,0.467838732,0.047088986,0.522561268,0.045938079,0.95962661,0.004804612,0.898671538,0.054324301,0.923077426,0.003336826
max,max_jaccard,0.72471246,409,10000,0.532161268,0.047088986,0.9904,0.004292435,0.603145669,0.042368141,0.432842929,0.043463717,0.865685857,0.086927435,0.467838732,0.047088986,0.522561268,0.045938079,0.95962661,0.004804612,0.898671538,0.054324301,0.923077426,0.003336826
max,max_sens_spec,0.10550383,409,10000,0.97273722,0.014757887,0.843,0.018930795,0.335840429,0.022993877,0.2019922,0.016681251,0.4039844,0.033362503,0.02726278,0.014757887,0.81573722,0.021534976,0.95962661,0.004804612,0.898671538,0.054324301,0.923077426,0.003336826
max,max_sorensen,0.72471246,409,10000,0.532161268,0.047088986,0.9904,0.004292435,0.603145669,0.042368141,0.432842929,0.043463717,0.865685857,0.086927435,0.467838732,0.047088986,0.522561268,0.045938079,0.95962661,0.004804612,0.898671538,0.054324301,0.923077426,0.003336826
max,sensitivity,0.2436041,409,10000,0.897208181,0.00260195,0.8711,0.015701911,0.356776203,0.034165627,0.217537036,0.0250953,0.435074071,0.0501906,0.102791819,0.00260195,0.768308181,0.017566723,0.95962661,0.004804612,0.898671538,0.054324301,0.923077426,0.003336826
max,equal_sens_spec,0.38799548,415,10000,0.833985278,0.028705237,0.8342,0.028057085,0.289566948,0.039344696,0.169785485,0.026682023,0.33957097,0.053364046,0.166014722,0.028705237,0.668185278,0.056753443,0.917210641,0.017001635,0.927586053,0.049197678,0.846494372,0.005587898
max,lpt,0.0038173,415,10000,1,0,0.6222,0.170276833,0.195486129,0.05339159,0.109087492,0.031935337,0.218174983,0.063870675,0,0,0.6222,0.170276833,0.917210641,0.017001635,0.927586053,0.049197678,0.846494372,0.005587898
max,max_fpb,0.81523602,415,10000,0.439270978,0.060899164,0.9752,0.009141936,0.43173449,0.027000949,0.275597593,0.022025051,0.551195185,0.044050102,0.560729022,0.060899164,0.414470978,0.053914788,0.917210641,0.017001635,0.927586053,0.049197678,0.846494372,0.005587898
max,max_jaccard,0.81523602,415,10000,0.439270978,0.060899164,0.9752,0.009141936,0.43173449,0.027000949,0.275597593,0.022025051,0.551195185,0.044050102,0.560729022,0.060899164,0.414470978,0.053914788,0.917210641,0.017001635,0.927586053,0.049197678,0.846494372,0.005587898
max,max_sens_spec,0.2652285,415,10000,0.956672278,0.034378114,0.7559,0.064927267,0.251491169,0.045947878,0.144466369,0.030195964,0.288932739,0.060391929,0.043327722,0.034378114,0.712572278,0.050282369,0.917210641,0.017001635,0.927586053,0.049197678,0.846494372,0.005587898
max,max_sorensen,0.81523602,415,10000,0.439270978,0.060899164,0.9752,0.009141936,0.43173449,0.027000949,0.275597593,0.022025051,0.551195185,0.044050102,0.560729022,0.060899164,0.414470978,0.053914788,0.917210641,0.017001635,0.927586053,0.049197678,0.846494372,0.005587898
max,sensitivity,0.32435808,415,10000,0.89392454,0.005052842,0.7826,0.058658333,0.257947675,0.046065743,0.148707027,0.030067078,0.297414053,0.060134156,0.10607546,0.005052842,0.67652454,0.053970668,0.917210641,0.017001635,0.927586053,0.049197678,0.846494372,0.005587898
max,equal_sens_spec,0.3447673,417,10000,0.839615502,0.013115999,0.8401,0.012028092,0.296101196,0.021409805,0.173927558,0.014816443,0.347855117,0.029632886,0.160384498,0.013115999,0.679715502,0.024886194,0.932308236,0.012248159,0.922960434,0.036830029,0.869759538,0.004879398
max,lpt,0.00935707,417,10000,1,0,0.655,0.104182532,0.201912664,0.039652953,0.112719674,0.024186326,0.225439348,0.048372653,0,0,0.655,0.104182532,0.932308236,0.012248159,0.922960434,0.036830029,0.869759538,0.004879398
max,max_fpb,0.70373536,417,10000,0.527610855,0.094718067,0.9726,0.01023108,0.484219376,0.064247522,0.321321998,0.055149439,0.642643996,0.110298879,0.472389145,0.094718067,0.500210855,0.091231621,0.932308236,0.012248159,0.922960434,0.036830029,0.869759538,0.004879398
max,max_jaccard,0.70373536,417,10000,0.527610855,0.094718067,0.9726,0.01023108,0.484219376,0.064247522,0.321321998,0.055149439,0.642643996,0.110298879,0.472389145,0.094718067,0.500210855,0.091231621,0.932308236,0.012248159,0.922960434,0.036830029,0.869759538,0.004879398
max,max_sens_spec,0.24342945,417,10000,0.970770223,0.011890818,0.7736,0.020827866,0.262510562,0.007788899,0.151104646,0.005161899,0.302209292,0.010323798,0.029229777,0.011890818,0.744370223,0.01985779,0.932308236,0.012248159,0.922960434,0.036830029,0.869759538,0.004879398
max,max_sorensen,0.70373536,417,10000,0.527610855,0.094718067,0.9726,0.01023108,0.484219376,0.064247522,0.321321998,0.055149439,0.642643996,0.110298879,0.472389145,0.094718067,0.500210855,0.091231621,0.932308236,0.012248159,0.922960434,0.036830029,0.869759538,0.004879398
max,sensitivity,0.31024979,417,10000,0.89419161,0.004410279,0.8149,0.017931815,0.282722405,0.017304786,0.164728282,0.011686375,0.329456565,0.02337275,0.10580839,0.004410279,0.70909161,0.016215191,0.932308236,0.012248159,0.922960434,0.036830029,0.869759538,0.004879398
max,equal_sens_spec,0.34530218,425,10000,0.863515938,0.007687141,0.8641,0.003781534,0.341157521,0.014847926,0.205737807,0.010868254,0.411475615,0.021736508,0.136484062,0.007687141,0.727615938,0.011432151,0.936991733,0.002864232,0.912592906,0.058384841,0.883251185,0.006628743
max,lpt,0.0141992,425,10000,1,0,0.613,0.100856333,0.189026371,0.054444718,0.105203313,0.034307739,0.210406626,0.068615479,0,0,0.613,0.100856333,0.936991733,0.002864232,0.912592906,0.058384841,0.883251185,0.006628743
max,max_fpb,0.70085115,425,10000,0.415563754,0.036199826,0.9829,0.007003571,0.459553096,0.039981428,0.299022856,0.033635,0.598045712,0.067269999,0.584436246,0.036199826,0.398463754,0.033550772,0.936991733,0.002864232,0.912592906,0.058384841,0.883251185,0.006628743
max,max_jaccard,0.70085115,425,10000,0.415563754,0.036199826,0.9829,0.007003571,0.459553096,0.039981428,0.299022856,0.033635,0.598045712,0.067269999,0.584436246,0.036199826,0.398463754,0.033550772,0.936991733,0.002864232,0.912592906,0.058384841,0.883251185,0.006628743
max,max_sens_spec,0.16616217,425,10000,0.955491351,0.015856024,0.8171,0.012660964,0.305818146,0.023912361,0.180700874,0.016833178,0.361401748,0.033666356,0.044508649,0.015856024,0.772591351,0.011819628,0.936991733,0.002864232,0.912592906,0.058384841,0.883251185,0.006628743
max,max_sorensen,0.70085115,425,10000,0.415563754,0.036199826,0.9829,0.007003571,0.459553096,0.039981428,0.299022856,0.033635,0.598045712,0.067269999,0.584436246,0.036199826,0.398463754,0.033550772,0.936991733,0.002864232,0.912592906,0.058384841,0.883251185,0.006628743
max,sensitivity,0.31055211,425,10000,0.89419772,0.003918817,0.8456,0.010358571,0.323978188,0.022408388,0.19347153,0.015860772,0.38694306,0.031721545,0.10580228,0.003918817,0.73979772,0.008443678,0.936991733,0.002864232,0.912592906,0.058384841,0.883251185,0.006628743
max,equal_sens_spec,0.36095845,430,10000,0.846326127,0.008671988,0.8465,0.009823441,0.312693699,0.03039433,0.185629916,0.021421744,0.371259832,0.042843487,0.153673873,0.008671988,0.692826127,0.018389371,0.925007143,0.010331944,0.883691008,0.078622832,0.859920057,0.002123589
max,lpt,0.06142706,430,10000,1,0,0.6459,0.057091374,0.198298713,0.033352842,0.110367547,0.020638224,0.220735095,0.041276448,0,0,0.6459,0.057091374,0.925007143,0.010331944,0.883691008,0.078622832,0.859920057,0.002123589
max,max_fpb,0.76889544,430,10000,0.39602791,0.053216174,0.9861,0.006484597,0.461754076,0.043724422,0.301018763,0.036798451,0.602037526,0.073596902,0.60397209,0.053216174,0.38212791,0.049420541,0.925007143,0.010331944,0.883691008,0.078622832,0.859920057,0.002123589
max,max_jaccard,0.76889544,430,10000,0.39602791,0.053216174,0.9861,0.006484597,0.461754076,0.043724422,0.301018763,0.036798451,0.602037526,0.073596902,0.60397209,0.053216174,0.38212791,0.049420541,0.925007143,0.010331944,0.883691008,0.078622832,0.859920057,0.002123589
max,max_sens_spec,0.21613414,430,10000,0.958377519,0.036908657,0.7749,0.037590557,0.268296483,0.027108593,0.155160619,0.018247496,0.310321237,0.036494993,0.041622481,0.036908657,0.733277519,0.028793517,0.925007143,0.010331944,0.883691008,0.078622832,0.859920057,0.002123589
max,max_sorensen,0.76889544,430,10000,0.39602791,0.053216174,0.9861,0.006484597,0.461754076,0.043724422,0.301018763,0.036798451,0.602037526,0.073596902,0.60397209,0.053216174,0.38212791,0.049420541,0.925007143,0.010331944,0.883691008,0.078622832,0.859920057,0.002123589
max,sensitivity,0.31502534,430,10000,0.892957865,0.00265682,0.8038,0.032932886,0.279268681,0.03933333,0.162787757,0.026866553,0.325575515,0.053733107,0.107042135,0.00265682,0.696757865,0.03356628,0.925007143,0.010331944,0.883691008,0.078622832,0.859920057,0.002123589
max,equal_sens_spec,0.20465114,430,10000,0.849969447,0.017810444,0.85,0.017720045,0.31884212,0.02206023,0.189819089,0.015511276,0.379638177,0.031022551,0.150030553,0.017810444,0.699969447,0.035528718,0.939905714,0.009322945,0.908071533,0.040569889,0.900095986,0.002959352
max,lpt,0.00869403,430,10000,1,0,0.6076,0.106691963,0.185916684,0.03695892,0.102851105,0.022453741,0.20570221,0.044907482,0,0,0.6076,0.106691963,0.939905714,0.009322945,0.908071533,0.040569889,0.900095986,0.002959352
max,max_fpb,0.78769026,430,10000,0.519229086,0.026348474,0.9901,0.005017469,0.595799472,0.040506249,0.425257583,0.041597866,0.850515167,0.083195732,0.480770914,0.026348474,0.509329086,0.025129826,0.939905714,0.009322945,0.908071533,0.040569889,0.900095986,0.002959352
max,max_jaccard,0.78769026,430,10000,0.519229086,0.026348474,0.9901,0.005017469,0.595799472,0.040506249,0.425257583,0.041597866,0.850515167,0.083195732,0.480770914,0.026348474,0.509329086,0.025129826,0.939905714,0.009322945,0.908071533,0.040569889,0.900095986,0.002959352
max,max_sens_spec,0.15476092,430,10000,0.880211471,0.06060576,0.8457,0.041815966,0.326120628,0.039773036,0.195368864,0.028391786,0.390737729,0.056783571,0.119788529,0.06060576,0.725911471,0.033808984,0.939905714,0.009322945,0.908071533,0.040569889,0.900095986,0.002959352
max,max_sorensen,0.78769026,430,10000,0.519229086,0.026348474,0.9901,0.005017469,0.595799472,0.040506249,0.425257583,0.041597866,0.850515167,0.083195732,0.480770914,0.026348474,0.509329086,0.025129826,0.939905714,0.009322945,0.908071533,0.040569889,0.900095986,0.002959352
max,sensitivity,0.15636619,430,10000,0.895487381,0.004688988,0.7998,0.041019203,0.276824016,0.034794382,0.161024269,0.023323661,0.322048538,0.046647322,0.104512619,0.004688988,0.695287381,0.043443534,0.939905714,0.009322945,0.908071533,0.040569889,0.900095986,0.002959352
max,equal_sens_spec,0.32265069,431,10000,0.856371755,0.026353337,0.8592,0.02213199,0.336113025,0.044147927,0.202665749,0.031145308,0.405331499,0.062290615,0.143628245,0.026353337,0.715571755,0.048352581,0.942266925,0.009369459,0.944339021,0.030492011,0.875491525,0.002473159
max,lpt,0.10197006,431,10000,1,0,0.7483,0.035188066,0.255550109,0.018697883,0.146597658,0.012178266,0.293195316,0.024356532,0,0,0.7483,0.035188066,0.942266925,0.009369459,0.944339021,0.030492011,0.875491525,0.002473159
max,max_fpb,0.69030475,431,10000,0.508756037,0.061431919,0.9771,0.006841053,0.496568451,0.025571789,0.330598046,0.022640128,0.661196092,0.045280256,0.491243963,0.061431919,0.485856037,0.055977548,0.942266925,0.009369459,0.944339021,0.030492011,0.875491525,0.002473159
max,max_jaccard,0.69030475,431,10000,0.508756037,0.061431919,0.9771,0.006841053,0.496568451,0.025571789,0.330598046,0.022640128,0.661196092,0.045280256,0.491243963,0.061431919,0.485856037,0.055977548,0.942266925,0.009369459,0.944339021,0.030492011,0.875491525,0.002473159
max,max_sens_spec,0.25875071,431,10000,0.984489229,0.011566132,0.7889,0.009825986,0.284935285,0.017993115,0.166240583,0.01237121,0.332481166,0.02474242,0.015510771,0.011566132,0.773389229,0.017711245,0.942266925,0.009369459,0.944339021,0.030492011,0.875491525,0.002473159
max,max_sorensen,0.69030475,431,10000,0.508756037,0.061431919,0.9771,0.006841053,0.496568451,0.025571789,0.330598046,0.022640128,0.661196092,0.045280256,0.491243963,0.061431919,0.485856037,0.055977548,0.942266925,0.009369459,0.944339021,0.030492011,0.875491525,0.002473159
max,sensitivity,0.29791621,431,10000,0.895504409,0.002246496,0.8399,0.027480448,0.320615186,0.027627979,0.191167823,0.01941887,0.382335647,0.03883774,0.104495591,0.002246496,0.735404409,0.025984385,0.942266925,0.009369459,0.944339021,0.030492011,0.875491525,0.002473159
max,equal_sens_spec,0.28451081,439,10000,0.827873481,0.017037828,0.8283,0.018693582,0.289084788,0.014630029,0.169033278,0.009981075,0.338066556,0.019962151,0.172126519,0.017037828,0.656173481,0.035601335,0.926798239,0.011587335,0.915601231,0.033693147,0.870786281,0.006301174
max,lpt,0.01499092,439,10000,1,0,0.5777,0.060305058,0.173398299,0.016279129,0.094999129,0.009772764,0.189998258,0.019545529,0,0,0.5777,0.060305058,0.926798239,0.011587335,0.915601231,0.033693147,0.870786281,0.006301174
max,max_fpb,0.66443605,439,10000,0.483966226,0.065874433,0.9788,0.00871493,0.491529435,0.004857634,0.325857193,0.004258562,0.651714387,0.008517124,0.516033774,0.065874433,0.462766226,0.057353861,0.926798239,0.011587335,0.915601231,0.033693147,0.870786281,0.006301174
max,max_jaccard,0.66443605,439,10000,0.483966226,0.065874433,0.9788,0.00871493,0.491529435,0.004857634,0.325857193,0.004258562,0.651714387,0.008517124,0.516033774,0.065874433,0.462766226,0.057353861,0.926798239,0.011587335,0.915601231,0.033693147,0.870786281,0.006301174
max,max_sens_spec,0.17567049,439,10000,0.949206748,0.020035488,0.7656,0.039815826,0.262722966,0.021446607,0.151369453,0.01443766,0.302738907,0.028875319,0.050793252,0.020035488,0.714806748,0.02366703,0.926798239,0.011587335,0.915601231,0.033693147,0.870786281,0.006301174
max,max_sorensen,0.66443605,439,10000,0.483966226,0.065874433,0.9788,0.00871493,0.491529435,0.004857634,0.325857193,0.004258562,0.651714387,0.008517124,0.516033774,0.065874433,0.462766226,0.057353861,0.926798239,0.011587335,0.915601231,0.033693147,0.870786281,0.006301174
max,sensitivity,0.24006876,439,10000,0.895006184,0.003591142,0.7862,0.031481344,0.266288618,0.021035914,0.153732019,0.014162757,0.307464037,0.028325514,0.104993816,0.003591142,0.681206184,0.028221356,0.926798239,0.011587335,0.915601231,0.033693147,0.870786281,0.006301174
max,equal_sens_spec,0.3694183,439,10000,0.890017775,0.014539877,0.8907,0.013093892,0.407420076,0.048313793,0.256733835,0.037507204,0.51346767,0.075014409,0.109982225,0.014539877,0.780717775,0.027589254,0.961284505,0.004225978,0.939939575,0.045561783,0.905554892,0.005673439
max,lpt,0.02269285,439,10000,1,0,0.792,0.049974994,0.302652097,0.047137256,0.179042386,0.033021973,0.358084771,0.066043947,0,0,0.792,0.049974994,0.961284505,0.004225978,0.939939575,0.045561783,0.905554892,0.005673439
max,max_fpb,0.69615404,439,10000,0.657636513,0.07720455,0.9696,0.008211273,0.558592872,0.015271259,0.387658023,0.014747614,0.775316046,0.029495228,0.342363487,0.07720455,0.627236513,0.069152835,0.961284505,0.004225978,0.939939575,0.045561783,0.905554892,0.005673439
max,max_jaccard,0.69615404,439,10000,0.657636513,0.07720455,0.9696,0.008211273,0.558592872,0.015271259,0.387658023,0.014747614,0.775316046,0.029495228,0.342363487,0.07720455,0.627236513,0.069152835,0.961284505,0.004225978,0.939939575,0.045561783,0.905554892,0.005673439
max,max_sens_spec,0.25261669,439,10000,0.964006084,0.028636547,0.8549,0.008473488,0.365462656,0.03101448,0.223933799,0.022793369,0.447867597,0.045586738,0.035993916,0.028636547,0.818906084,0.030098599,0.961284505,0.004225978,0.939939575,0.045561783,0.905554892,0.005673439
max,max_sorensen,0.69615404,439,10000,0.657636513,0.07720455,0.9696,0.008211273,0.558592872,0.015271259,0.387658023,0.014747614,0.775316046,0.029495228,0.342363487,0.07720455,0.627236513,0.069152835,0.961284505,0.004225978,0.939939575,0.045561783,0.905554892,0.005673439
max,sensitivity,0.35062175,439,10000,0.895302863,0.002275057,0.8856,0.01992925,0.400309135,0.054220905,0.251366919,0.041523636,0.502733838,0.083047273,0.104697137,0.002275057,0.780902863,0.021095293,0.961284505,0.004225978,0.939939575,0.045561783,0.905554892,0.005673439
max,equal_sens_spec,0.50388439,441,10000,0.811934295,0.00791973,0.8096,0.007162402,0.264823679,0.011239661,0.152659021,0.007411325,0.305318043,0.014822651,0.188065705,0.00791973,0.621534295,0.014891634,0.892107775,0.008979399,0.941338822,0.068965898,0.805547051,0.005945488
max,lpt,0.06797546,441,10000,1,0,0.6203,0.046002174,0.190022373,0.022454163,0.105121906,0.013690806,0.210243812,0.027381611,0,0,0.6203,0.046002174,0.892107775,0.008979399,0.941338822,0.068965898,0.805547051,0.005945488
max,max_fpb,0.64510009,441,10000,0.509711825,0.052730664,0.9205,0.007314369,0.307206545,0.023790352,0.181663312,0.016389851,0.363326624,0.032779702,0.490288175,0.052730664,0.430211825,0.047290809,0.892107775,0.008979399,0.941338822,0.068965898,0.805547051,0.005945488
max,max_jaccard,0.64510009,441,10000,0.509711825,0.052730664,0.9205,0.007314369,0.307206545,0.023790352,0.181663312,0.016389851,0.363326624,0.032779702,0.490288175,0.052730664,0.430211825,0.047290809,0.892107775,0.008979399,0.941338822,0.068965898,0.805547051,0.005945488
max,max_sens_spec,0.37903259,441,10000,0.914621769,0.039460462,0.7687,0.026803918,0.256203597,0.016515229,0.147004915,0.010826982,0.294009829,0.021653964,0.085378231,0.039460462,0.683321769,0.023972726,0.892107775,0.008979399,0.941338822,0.068965898,0.805547051,0.005945488
max,max_sorensen,0.64510009,441,10000,0.509711825,0.052730664,0.9205,0.007314369,0.307206545,0.023790352,0.181663312,0.016389851,0.363326624,0.032779702,0.490288175,0.052730664,0.430211825,0.047290809,0.892107775,0.008979399,0.941338822,0.068965898,0.805547051,0.005945488
max,sensitivity,0.40731867,441,10000,0.893345499,0.003057142,0.7654,0.016768274,0.24792302,0.012084421,0.14154571,0.007857362,0.28309142,0.015714723,0.106654501,0.003057142,0.658745499,0.017743767,0.892107775,0.008979399,0.941338822,0.068965898,0.805547051,0.005945488
max,equal_sens_spec,0.25432148,448,10000,0.828631106,0.011163898,0.8297,0.010121759,0.293897331,0.019125619,0.172380293,0.013146933,0.344760587,0.026293865,0.171368894,0.011163898,0.658331106,0.021179311,0.928521093,0.013752083,0.931723487,0.046217431,0.875178981,0.003646689
max,lpt,0.00961174,448,10000,1,0,0.5888,0.094322982,0.18223699,0.022585869,0.100387809,0.013518557,0.200775618,0.027037115,0,0,0.5888,0.094322982,0.928521093,0.013752083,0.931723487,0.046217431,0.875178981,0.003646689
max,max_fpb,0.79877791,448,10000,0.488008798,0.068780035,0.9891,0.00878493,0.564867455,0.045665727,0.394729388,0.044393102,0.789458775,0.088786204,0.511991202,0.068780035,0.477108798,0.062589631,0.928521093,0.013752083,0.931723487,0.046217431,0.875178981,0.003646689
max,max_jaccard,0.79877791,448,10000,0.488008798,0.068780035,0.9891,0.00878493,0.564867455,0.045665727,0.394729388,0.044393102,0.789458775,0.088786204,0.511991202,0.068780035,0.477108798,0.062589631,0.928521093,0.013752083,0.931723487,0.046217431,0.875178981,0.003646689
max,max_sens_spec,0.1882542,448,10000,0.879887004,0.057970124,0.8134,0.038617354,0.294567685,0.042106577,0.173305475,0.029487859,0.346610949,0.058975718,0.120112996,0.057970124,0.693287004,0.0403106,0.928521093,0.013752083,0.931723487,0.046217431,0.875178981,0.003646689
max,max_sorensen,0.79877791,448,10000,0.488008798,0.068780035,0.9891,0.00878493,0.564867455,0.045665727,0.394729388,0.044393102,0.789458775,0.088786204,0.511991202,0.068780035,0.477108798,0.062589631,0.928521093,0.013752083,0.931723487,0.046217431,0.875178981,0.003646689
max,sensitivity,0.19856155,448,10000,0.89491308,0.003702392,0.7658,0.038848423,0.252815714,0.021434937,0.144835982,0.013964107,0.289671965,0.027928214,0.10508692,0.003702392,0.66071308,0.038245563,0.928521093,0.013752083,0.931723487,0.046217431,0.875178981,0.003646689
max,equal_sens_spec,0.35414829,449,10000,0.821732419,0.006949399,0.821,0.008895223,0.283029135,0.021011512,0.164981627,0.014249475,0.329963254,0.028498949,0.178267581,0.006949399,0.642732419,0.015750249,0.912494941,0.009418345,0.954320581,0.031439251,0.841982317,0.00464356
max,lpt,0.01001183,449,10000,1,0,0.5087,0.047423096,0.155118479,0.014346771,0.084133322,0.008497903,0.168266645,0.016995806,0,0,0.5087,0.047423096,0.912494941,0.009418345,0.954320581,0.031439251,0.841982317,0.00464356
max,max_fpb,0.74624993,449,10000,0.440858684,0.069329192,0.9807,0.01165976,0.473333524,0.03310155,0.310533099,0.028208397,0.621066197,0.056416794,0.559141316,0.069329192,0.421558684,0.060080189,0.912494941,0.009418345,0.954320581,0.031439251,0.841982317,0.00464356
max,max_jaccard,0.74624993,449,10000,0.440858684,0.069329192,0.9807,0.01165976,0.473333524,0.03310155,0.310533099,0.028208397,0.621066197,0.056416794,0.559141316,0.069329192,0.421558684,0.060080189,0.912494941,0.009418345,0.954320581,0.031439251,0.841982317,0.00464356
max,max_sens_spec,0.32857032,449,10000,0.899192192,0.055870086,0.7703,0.069422259,0.26494056,0.053532462,0.153606587,0.036804857,0.307213173,0.073609714,0.100807808,0.055870086,0.669492192,0.023034882,0.912494941,0.009418345,0.954320581,0.031439251,0.841982317,0.00464356
max,max_sorensen,0.74624993,449,10000,0.440858684,0.069329192,0.9807,0.01165976,0.473333524,0.03310155,0.310533099,0.028208397,0.621066197,0.056416794,0.559141316,0.069329192,0.421558684,0.060080189,0.912494941,0.009418345,0.954320581,0.031439251,0.841982317,0.00464356
max,sensitivity,0.24315396,449,10000,0.895176268,0.003167526,0.7404,0.035632499,0.234615921,0.018849512,0.133001399,0.012111456,0.266002797,0.024222912,0.104823732,0.003167526,0.635576268,0.033766466,0.912494941,0.009418345,0.954320581,0.031439251,0.841982317,0.00464356
max,equal_sens_spec,0.26230164,452,10000,0.853791439,0.019855301,0.8549,0.018736328,0.339454288,0.037494611,0.204916368,0.027297048,0.409832735,0.054594096,0.146208561,0.019855301,0.708691439,0.038528722,0.939934048,0.006081139,0.934767122,0.018121982,0.88873983,0.004772585
max,lpt,0.03290479,452,10000,1,0,0.6568,0.045181025,0.21041482,0.023851458,0.117736166,0.014888338,0.235472331,0.029776676,0,0,0.6568,0.045181025,0.939934048,0.006081139,0.934767122,0.018121982,0.88873983,0.004772585
max,max_fpb,0.71848792,452,10000,0.581240084,0.068724279,0.9753,0.013791302,0.551263462,0.048125789,0.381720625,0.045445003,0.763441249,0.090890007,0.418759916,0.068724279,0.556540084,0.058007928,0.939934048,0.006081139,0.934767122,0.018121982,0.88873983,0.004772585
max,max_jaccard,0.71848792,452,10000,0.581240084,0.068724279,0.9753,0.013791302,0.551263462,0.048125789,0.381720625,0.045445003,0.763441249,0.090890007,0.418759916,0.068724279,0.556540084,0.058007928,0.939934048,0.006081139,0.934767122,0.018121982,0.88873983,0.004772585
max,max_sens_spec,0.22548071,452,10000,0.916338841,0.038703364,0.8132,0.062869508,0.314959603,0.065519771,0.188356731,0.046353779,0.376713462,0.092707559,0.083661159,0.038703364,0.729538841,0.029435712,0.939934048,0.006081139,0.934767122,0.018121982,0.88873983,0.004772585
max,max_sorensen,0.71848792,452,10000,0.581240084,0.068724279,0.9753,0.013791302,0.551263462,0.048125789,0.381720625,0.045445003,0.763441249,0.090890007,0.418759916,0.068724279,0.556540084,0.058007928,0.939934048,0.006081139,0.934767122,0.018121982,0.88873983,0.004772585
max,sensitivity,0.22135398,452,10000,0.893859315,0.004188383,0.8081,0.029896488,0.293788958,0.031823662,0.172510839,0.021643123,0.345021678,0.043286246,0.106140685,0.004188383,0.701959315,0.02680161,0.939934048,0.006081139,0.934767122,0.018121982,0.88873983,0.004772585
max,equal_sens_spec,0.39443617,462,10000,0.832730991,0.011561784,0.8311,0.008799148,0.303806936,0.028142913,0.179370366,0.019537707,0.358740732,0.039075415,0.167269009,0.011561784,0.663830991,0.020086463,0.922780126,0.008782449,0.899249967,0.061711917,0.852378136,0.004241814
max,lpt,0.002911,462,10000,1,0,0.682,0.100483208,0.233976726,0.048114666,0.13315306,0.030519029,0.26630612,0.061038059,0,0,0.682,0.100483208,0.922780126,0.008782449,0.899249967,0.061711917,0.852378136,0.004241814
max,max_fpb,0.76571643,462,10000,0.473044787,0.078960068,0.9641,0.010761041,0.419531181,0.0250111,0.265702222,0.020137225,0.531404443,0.040274451,0.526955213,0.078960068,0.437144787,0.069116993,0.922780126,0.008782449,0.899249967,0.061711917,0.852378136,0.004241814
max,max_jaccard,0.76571643,462,10000,0.473044787,0.078960068,0.9641,0.010761041,0.419531181,0.0250111,0.265702222,0.020137225,0.531404443,0.040274451,0.526955213,0.078960068,0.437144787,0.069116993,0.922780126,0.008782449,0.899249967,0.061711917,0.852378136,0.004241814
max,max_sens_spec,0.23772578,462,10000,0.989120117,0.011168354,0.7653,0.020480479,0.280743934,0.029405153,0.163569457,0.020144641,0.327138913,0.040289282,0.010879883,0.011168354,0.754420117,0.021308922,0.922780126,0.008782449,0.899249967,0.061711917,0.852378136,0.004241814
max,max_sorensen,0.76571643,462,10000,0.473044787,0.078960068,0.9641,0.010761041,0.419531181,0.0250111,0.265702222,0.020137225,0.531404443,0.040274451,0.526955213,0.078960068,0.437144787,0.069116993,0.922780126,0.008782449,0.899249967,0.061711917,0.852378136,0.004241814
max,sensitivity,0.33995498,462,10000,0.893521552,0.008796488,0.8114,0.01262141,0.299649063,0.029814684,0.176517372,0.02064645,0.353034743,0.041292901,0.106478448,0.008796488,0.704921552,0.020067314,0.922780126,0.008782449,0.899249967,0.061711917,0.852378136,0.004241814
max,equal_sens_spec,0.32432736,462,10000,0.861740617,0.019996391,0.8616,0.021915748,0.357606163,0.040101217,0.218320496,0.029993599,0.436640992,0.059987199,0.138259383,0.019996391,0.723340617,0.041837165,0.940007874,0.013157406,0.939521625,0.046631311,0.880604927,0.003439322
max,lpt,0.00603053,462,10000,1,0,0.6583,0.127064747,0.226679357,0.060285653,0.128872456,0.038425896,0.257744912,0.076851792,0,0,0.6583,0.127064747,0.940007874,0.013157406,0.939521625,0.046631311,0.880604927,0.003439322
max,max_fpb,0.67814666,462,10000,0.524663356,0.074015045,0.9745,0.005196152,0.504546853,0.056721112,0.338983082,0.052614052,0.677966164,0.105228103,0.475336644,0.074015045,0.499163356,0.072920302,0.940007874,0.013157406,0.939521625,0.046631311,0.880604927,0.003439322
max,max_jaccard,0.67814666,462,10000,0.524663356,0.074015045,0.9745,0.005196152,0.504546853,0.056721112,0.338983082,0.052614052,0.677966164,0.105228103,0.475336644,0.074015045,0.499163356,0.072920302,0.940007874,0.013157406,0.939521625,0.046631311,0.880604927,0.003439322
max,max_sens_spec,0.12721185,462,10000,0.945634917,0.044599202,0.8074,0.049926696,0.315818469,0.04668066,0.188262697,0.033481466,0.376525394,0.066962932,0.054365083,0.044599202,0.753034917,0.022492937,0.940007874,0.013157406,0.939521625,0.046631311,0.880604927,0.003439322
max,max_sorensen,0.67814666,462,10000,0.524663356,0.074015045,0.9745,0.005196152,0.504546853,0.056721112,0.338983082,0.052614052,0.677966164,0.105228103,0.475336644,0.074015045,0.499163356,0.072920302,0.940007874,0.013157406,0.939521625,0.046631311,0.880604927,0.003439322
max,sensitivity,0.24220215,462,10000,0.893931628,0.001222323,0.8243,0.03921033,0.319490665,0.050057149,0.19098551,0.036524177,0.381971021,0.073048355,0.106068372,0.001222323,0.718231628,0.038580419,0.940007874,0.013157406,0.939521625,0.046631311,0.880604927,0.003439322
max,equal_sens_spec,0.34282732,471,10000,0.821400201,0.015871706,0.8202,0.012867595,0.292015503,0.025282853,0.171176039,0.017332081,0.342352078,0.034664161,0.178599799,0.015871706,0.641600201,0.028498384,0.916430032,0.007969422,0.928932188,0.056016443,0.846704018,0.005136966
max,lpt,0.03772997,471,10000,1,0,0.6118,0.087919423,0.199540308,0.031383813,0.111098925,0.01947264,0.222197851,0.038945279,0,0,0.6118,0.087919423,0.916430032,0.007969422,0.928932188,0.056016443,0.846704018,0.005136966
max,max_fpb,0.78142205,471,10000,0.503276044,0.089193183,0.9614,0.029498729,0.445070874,0.049991382,0.28727592,0.040589656,0.574551839,0.081179312,0.496723956,0.089193183,0.464676044,0.063135131,0.916430032,0.007969422,0.928932188,0.056016443,0.846704018,0.005136966
max,max_jaccard,0.78142205,471,10000,0.503276044,0.089193183,0.9614,0.029498729,0.445070874,0.049991382,0.28727592,0.040589656,0.574551839,0.081179312,0.496723956,0.089193183,0.464676044,0.063135131,0.916430032,0.007969422,0.928932188,0.056016443,0.846704018,0.005136966
max,max_sens_spec,0.18575975,471,10000,0.936131872,0.068485589,0.7516,0.0388304,0.261273004,0.026320668,0.150477508,0.017397623,0.300955016,0.034795245,0.063868128,0.068485589,0.687731872,0.036433988,0.916430032,0.007969422,0.928932188,0.056016443,0.846704018,0.005136966
max,max_sorensen,0.78142205,471,10000,0.503276044,0.089193183,0.9614,0.029498729,0.445070874,0.049991382,0.28727592,0.040589656,0.574551839,0.081179312,0.496723956,0.089193183,0.464676044,0.063135131,0.916430032,0.007969422,0.928932188,0.056016443,0.846704018,0.005136966
max,sensitivity,0.26207594,471,10000,0.893898857,0.002648022,0.762,0.028907179,0.258729188,0.023484987,0.14875344,0.015480585,0.29750688,0.030961169,0.106101143,0.002648022,0.655898857,0.029905515,0.916430032,0.007969422,0.928932188,0.056016443,0.846704018,0.005136966
max,equal_sens_spec,0.33414598,475,10000,0.848679864,0.015948154,0.8496,0.014964124,0.339306981,0.024771195,0.20453138,0.018007986,0.40906276,0.036015972,0.151320136,0.015948154,0.698279864,0.030549904,0.935224112,0.009009209,0.945414784,0.026740035,0.867904043,0.002484514
max,lpt,0.03508492,475,10000,1,0,0.6338,0.060383773,0.208132301,0.020200518,0.116268378,0.012701092,0.232536755,0.025402183,0,0,0.6338,0.060383773,0.935224112,0.009009209,0.945414784,0.026740035,0.867904043,0.002484514
max,max_fpb,0.72097857,475,10000,0.471898407,0.033013445,0.9831,0.006841053,0.518628058,0.048262027,0.351259907,0.04452773,0.702519814,0.089055461,0.528101593,0.033013445,0.454998407,0.033072296,0.935224112,0.009009209,0.945414784,0.026740035,0.867904043,0.002484514
max,max_jaccard,0.72097857,475,10000,0.471898407,0.033013445,0.9831,0.006841053,0.518628058,0.048262027,0.351259907,0.04452773,0.702519814,0.089055461,0.528101593,0.033013445,0.454998407,0.033072296,0.935224112,0.009009209,0.945414784,0.026740035,0.867904043,0.002484514
max,max_sens_spec,0.25868406,475,10000,0.953151244,0.018072361,0.7955,0.031774597,0.306449784,0.017882981,0.181057252,0.012565838,0.362114504,0.025131675,0.046848756,0.018072361,0.748651244,0.027507845,0.935224112,0.009009209,0.945414784,0.026740035,0.867904043,0.002484514
max,max_sorensen,0.72097857,475,10000,0.471898407,0.033013445,0.9831,0.006841053,0.518628058,0.048262027,0.351259907,0.04452773,0.702519814,0.089055461,0.528101593,0.033013445,0.454998407,0.033072296,0.935224112,0.009009209,0.945414784,0.026740035,0.867904043,0.002484514
max,sensitivity,0.30457588,475,10000,0.896915768,0.002687787,0.822,0.018261982,0.318508065,0.014293717,0.189489073,0.010169402,0.378978146,0.020338804,0.103084232,0.002687787,0.718915768,0.018741486,0.935224112,0.009009209,0.945414784,0.026740035,0.867904043,0.002484514
max,equal_sens_spec,0.4632809,477,10000,0.817750005,0.011288919,0.8188,0.010473777,0.291391669,0.01511857,0.170616855,0.010394021,0.34123371,0.020788041,0.182249995,0.011288919,0.636550005,0.021669627,0.897612036,0.010482695,0.939134702,0.031488541,0.812999925,0.004219511
max,lpt,0.01341962,477,10000,1,0,0.4978,0.079181437,0.161544256,0.019049531,0.087962089,0.011165273,0.175924177,0.022330547,0,0,0.4978,0.079181437,0.897612036,0.010482695,0.939134702,0.031488541,0.812999925,0.004219511
max,max_fpb,0.74394031,477,10000,0.491048402,0.105994074,0.945,0.020380751,0.372519933,0.046271571,0.22969143,0.035078104,0.45938286,0.070156208,0.508951598,0.105994074,0.436048402,0.090597746,0.897612036,0.010482695,0.939134702,0.031488541,0.812999925,0.004219511
max,max_jaccard,0.74394031,477,10000,0.491048402,0.105994074,0.945,0.020380751,0.372519933,0.046271571,0.22969143,0.035078104,0.45938286,0.070156208,0.508951598,0.105994074,0.436048402,0.090597746,0.897612036,0.010482695,0.939134702,0.031488541,0.812999925,0.004219511
max,max_sens_spec,0.43509407,477,10000,0.87957881,0.049717549,0.7865,0.028874729,0.277579344,0.010752173,0.161192571,0.007216025,0.322385141,0.014432049,0.12042119,0.049717549,0.66607881,0.02158521,0.897612036,0.010482695,0.939134702,0.031488541,0.812999925,0.004219511
max,max_sorensen,0.74394031,477,10000,0.491048402,0.105994074,0.945,0.020380751,0.372519933,0.046271571,0.22969143,0.035078104,0.45938286,0.070156208,0.508951598,0.105994074,0.436048402,0.090597746,0.897612036,0.010482695,0.939134702,0.031488541,0.812999925,0.004219511
max,sensitivity,0.29397223,477,10000,0.895221058,0.00315313,0.7287,0.036618984,0.238224523,0.029733963,0.135476898,0.019143945,0.270953796,0.03828789,0.104778942,0.00315313,0.623921058,0.036313635,0.897612036,0.010482695,0.939134702,0.031488541,0.812999925,0.004219511
max,equal_sens_spec,0.36098671,477,10000,0.853195923,0.00908269,0.8524,0.008203658,0.345013736,0.021781947,0.208638425,0.016068737,0.417276849,0.032137474,0.146804077,0.00908269,0.705595923,0.017275401,0.931506313,0.007360245,0.961686806,0.009021547,0.869437374,0.004116643
max,lpt,0.02745614,477,10000,1,0,0.5966,0.164967573,0.208684164,0.073446322,0.118040532,0.047066649,0.236081063,0.094133297,0,0,0.5966,0.164967573,0.931506313,0.007360245,0.961686806,0.009021547,0.869437374,0.004116643
max,max_fpb,0.7577119,477,10000,0.528866139,0.110254959,0.963,0.030536863,0.467714601,0.061422545,0.306867446,0.050777334,0.613734892,0.101554668,0.471133861,0.110254959,0.491866139,0.083418706,0.931506313,0.007360245,0.961686806,0.009021547,0.869437374,0.004116643
max,max_jaccard,0.7577119,477,10000,0.528866139,0.110254959,0.963,0.030536863,0.467714601,0.061422545,0.306867446,0.050777334,0.613734892,0.101554668,0.471133861,0.110254959,0.491866139,0.083418706,0.931506313,0.007360245,0.961686806,0.009021547,0.869437374,0.004116643
max,max_sens_spec,0.20238689,477,10000,0.942865462,0.050365493,0.7995,0.0288704,0.308397082,0.026946888,0.182551161,0.018880529,0.365102321,0.037761058,0.057134538,0.050365493,0.742365462,0.028623963,0.931506313,0.007360245,0.961686806,0.009021547,0.869437374,0.004116643
max,max_sorensen,0.7577119,477,10000,0.528866139,0.110254959,0.963,0.030536863,0.467714601,0.061422545,0.306867446,0.050777334,0.613734892,0.101554668,0.471133861,0.110254959,0.491866139,0.083418706,0.931506313,0.007360245,0.961686806,0.009021547,0.869437374,0.004116643
max,sensitivity,0.25047937,477,10000,0.89515936,0.003325432,0.8114,0.028699739,0.308518626,0.036600762,0.182844613,0.025947251,0.365689226,0.051894502,0.10484064,0.003325432,0.70655936,0.028720337,0.931506313,0.007360245,0.961686806,0.009021547,0.869437374,0.004116643
max,equal_sens_spec,0.46252875,490,10000,0.820492165,0.011134473,0.8191,0.010807405,0.297814503,0.02098733,0.175104334,0.014626043,0.350208668,0.029252086,0.179507835,0.011134473,0.639592165,0.021799045,0.907438575,0.007418177,0.937654199,0.023834112,0.82649258,0.00731401
max,lpt,0.02546816,490,10000,1,0,0.587,0.07065851,0.194598587,0.029429957,0.108021896,0.018022027,0.216043792,0.036044055,0,0,0.587,0.07065851,0.907438575,0.007418177,0.937654199,0.023834112,0.82649258,0.00731401
max,max_fpb,0.76516242,490,10000,0.39978216,0.047910668,0.979,0.003316625,0.436084413,0.044657932,0.279674488,0.036479158,0.559348976,0.072958316,0.60021784,0.047910668,0.37878216,0.047457936,0.907438575,0.007418177,0.937654199,0.023834112,0.82649258,0.00731401
max,max_jaccard,0.76516242,490,10000,0.39978216,0.047910668,0.979,0.003316625,0.436084413,0.044657932,0.279674488,0.036479158,0.559348976,0.072958316,0.60021784,0.047910668,0.37878216,0.047457936,0.907438575,0.007418177,0.937654199,0.023834112,0.82649258,0.00731401
max,max_sens_spec,0.32697171,490,10000,0.928611925,0.06318621,0.7397,0.071306206,0.262089461,0.037024977,0.151222855,0.024387676,0.30244571,0.048775353,0.071388075,0.06318621,0.668311925,0.016494031,0.907438575,0.007418177,0.937654199,0.023834112,0.82649258,0.00731401
max,max_sorensen,0.76516242,490,10000,0.39978216,0.047910668,0.979,0.003316625,0.436084413,0.044657932,0.279674488,0.036479158,0.559348976,0.072958316,0.60021784,0.047910668,0.37878216,0.047457936,0.907438575,0.007418177,0.937654199,0.023834112,0.82649258,0.00731401
max,sensitivity,0.29713292,490,10000,0.894045,0.004857607,0.7427,0.023692298,0.251139754,0.026658086,0.14381687,0.017625133,0.28763374,0.035250266,0.105955,0.004857607,0.636745,0.023265396,0.907438575,0.007418177,0.937654199,0.023834112,0.82649258,0.00731401
max,equal_sens_spec,0.33312691,491,10000,0.847790753,0.016479267,0.8468,0.015188812,0.342180872,0.018354147,0.20652259,0.013364354,0.413045181,0.026728707,0.152209247,0.016479267,0.694590753,0.031657795,0.926220636,0.007640436,0.952659789,0.044199733,0.859491685,0.002281384
max,lpt,0.00688402,491,10000,1,0,0.576,0.076353618,0.190934112,0.024686235,0.105706807,0.015012935,0.211413614,0.030025869,0,0,0.576,0.076353618,0.926220636,0.007640436,0.952659789,0.044199733,0.859491685,0.002281384
max,max_fpb,0.72505187,491,10000,0.447877347,0.026804115,0.984,0.005645795,0.506009315,0.016586306,0.338828554,0.014876538,0.677657107,0.029753075,0.552122653,0.026804115,0.431877347,0.022258989,0.926220636,0.007640436,0.952659789,0.044199733,0.859491685,0.002281384
max,max_jaccard,0.72505187,491,10000,0.447877347,0.026804115,0.984,0.005645795,0.506009315,0.016586306,0.338828554,0.014876538,0.677657107,0.029753075,0.552122653,0.026804115,0.431877347,0.022258989,0.926220636,0.007640436,0.952659789,0.044199733,0.859491685,0.002281384
max,max_sens_spec,0.34694393,491,10000,0.886181917,0.02553908,0.8207,0.025950915,0.321866842,0.022219885,0.191969031,0.015907076,0.383938062,0.031814151,0.113818083,0.02553908,0.706881917,0.028882551,0.926220636,0.007640436,0.952659789,0.044199733,0.859491685,0.002281384
max,max_sorensen,0.72505187,491,10000,0.447877347,0.026804115,0.984,0.005645795,0.506009315,0.016586306,0.338828554,0.014876538,0.677657107,0.029753075,0.552122653,0.026804115,0.431877347,0.022258989,0.926220636,0.007640436,0.952659789,0.044199733,0.859491685,0.002281384
max,sensitivity,0.25459483,491,10000,0.896088677,0.003230956,0.7796,0.028029895,0.28218828,0.020567496,0.164405337,0.013926135,0.328810675,0.027852269,0.103911323,0.003230956,0.675688677,0.026166162,0.926220636,0.007640436,0.952659789,0.044199733,0.859491685,0.002281384
max,equal_sens_spec,0.28172763,496,10000,0.84053757,0.016346532,0.8388,0.014868591,0.331184711,0.030150406,0.198766513,0.021556185,0.397533027,0.04311237,0.15946243,0.016346532,0.67933757,0.031072762,0.922963781,0.012585008,0.938491207,0.009925354,0.86663889,0.001650091
max,lpt,0.00170415,496,10000,1,0,0.4225,0.188702809,0.157249465,0.051497974,0.086024093,0.030872211,0.172048185,0.061744422,0,0,0.4225,0.188702809,0.922963781,0.012585008,0.938491207,0.009925354,0.86663889,0.001650091
max,max_fpb,0.76916361,496,10000,0.464259954,0.080488852,0.9834,0.00798749,0.514999037,0.035625343,0.347424338,0.03251696,0.694848676,0.06503392,0.535740046,0.080488852,0.447659954,0.073775001,0.922963781,0.012585008,0.938491207,0.009925354,0.86663889,0.001650091
max,max_jaccard,0.76916361,496,10000,0.464259954,0.080488852,0.9834,0.00798749,0.514999037,0.035625343,0.347424338,0.03251696,0.694848676,0.06503392,0.535740046,0.080488852,0.447659954,0.073775001,0.922963781,0.012585008,0.938491207,0.009925354,0.86663889,0.001650091
max,max_sens_spec,0.18263935,496,10000,0.885820668,0.039661776,0.8115,0.035192329,0.314500847,0.03293269,0.186950187,0.022911558,0.373900374,0.045823115,0.114179332,0.039661776,0.697320668,0.032720331,0.922963781,0.012585008,0.938491207,0.009925354,0.86663889,0.001650091
max,max_sorensen,0.76916361,496,10000,0.464259954,0.080488852,0.9834,0.00798749,0.514999037,0.035625343,0.347424338,0.03251696,0.694848676,0.06503392,0.535740046,0.080488852,0.447659954,0.073775001,0.922963781,0.012585008,0.938491207,0.009925354,0.86663889,0.001650091
max,sensitivity,0.2051097,496,10000,0.895121154,0.001495838,0.7704,0.037686868,0.277621286,0.040143244,0.161695021,0.027368399,0.323390041,0.054736798,0.104878846,0.001495838,0.665521154,0.037291652,0.922963781,0.012585008,0.938491207,0.009925354,0.86663889,0.001650091
max,equal_sens_spec,0.28461172,500,10000,0.853340011,0.02368531,0.8543,0.02327445,0.360741207,0.07878601,0.222449338,0.062066669,0.444898676,0.124133339,0.146659989,0.02368531,0.707640011,0.046939875,0.939740089,0.011695863,0.959930694,0.008897138,0.881128254,0.003619686
max,lpt,0.01493697,500,10000,1,0,0.6546,0.053395225,0.226423694,0.040830362,0.128149951,0.026333492,0.256299902,0.052666983,0,0,0.6546,0.053395225,0.939740089,0.011695863,0.959930694,0.008897138,0.881128254,0.003619686
max,max_fpb,0.59305075,500,10000,0.518656909,0.08276109,0.9762,0.013863621,0.52015853,0.058887814,0.353243941,0.054914051,0.706487881,0.109828102,0.481343091,0.08276109,0.494856909,0.072338977,0.939740089,0.011695863,0.959930694,0.008897138,0.881128254,0.003619686
max,max_jaccard,0.59305075,500,10000,0.518656909,0.08276109,0.9762,0.013863621,0.52015853,0.058887814,0.353243941,0.054914051,0.706487881,0.109828102,0.481343091,0.08276109,0.494856909,0.072338977,0.939740089,0.011695863,0.959930694,0.008897138,0.881128254,0.003619686
max,max_sens_spec,0.24167217,500,10000,0.900860369,0.032537858,0.838,0.032064388,0.35460149,0.083726656,0.218193671,0.065919898,0.436387343,0.131839795,0.099139631,0.032537858,0.738860369,0.041323364,0.939740089,0.011695863,0.959930694,0.008897138,0.881128254,0.003619686
max,max_sorensen,0.59305075,500,10000,0.518656909,0.08276109,0.9762,0.013863621,0.52015853,0.058887814,0.353243941,0.054914051,0.706487881,0.109828102,0.481343091,0.08276109,0.494856909,0.072338977,0.939740089,0.011695863,0.959930694,0.008897138,0.881128254,0.003619686
max,sensitivity,0.24333886,500,10000,0.895822636,0.002882505,0.8099,0.038949326,0.318232409,0.063731378,0.19061568,0.045900164,0.381231359,0.091800328,0.104177364,0.002882505,0.705722636,0.041176978,0.939740089,0.011695863,0.959930694,0.008897138,0.881128254,0.003619686
max,equal_sens_spec,0.43185589,512,10000,0.832005291,0.009225931,0.8316,0.008926085,0.325025574,0.021319762,0.194202784,0.015193869,0.388405568,0.030387738,0.167994709,0.009225931,0.663605291,0.017994225,0.916902581,0.007505342,0.960440656,0.021360815,0.839811875,0.009378296
max,lpt,0.0060428,512,10000,1,0,0.6723,0.076234507,0.242774363,0.034283701,0.138503718,0.022166387,0.277007437,0.044332773,0,0,0.6723,0.076234507,0.916902581,0.007505342,0.960440656,0.021360815,0.839811875,0.009378296
max,max_fpb,0.70350401,512,10000,0.509880952,0.126619749,0.9493,0.025974988,0.409932961,0.029469447,0.258154009,0.023299989,0.516308017,0.046599978,0.490119048,0.126619749,0.459180952,0.103666413,0.916902581,0.007505342,0.960440656,0.021360815,0.839811875,0.009378296
max,max_jaccard,0.70350401,512,10000,0.509880952,0.126619749,0.9493,0.025974988,0.409932961,0.029469447,0.258154009,0.023299989,0.516308017,0.046599978,0.490119048,0.126619749,0.459180952,0.103666413,0.916902581,0.007505342,0.960440656,0.021360815,0.839811875,0.009378296
max,max_sens_spec,0.24541291,512,10000,0.967759259,0.019784683,0.7549,0.021634463,0.287093284,0.023779177,0.16778588,0.016205821,0.33557176,0.032411642,0.032240741,0.019784683,0.722659259,0.010916874,0.916902581,0.007505342,0.960440656,0.021360815,0.839811875,0.009378296
max,max_sorensen,0.70350401,512,10000,0.509880952,0.126619749,0.9493,0.025974988,0.409932961,0.029469447,0.258154009,0.023299989,0.516308017,0.046599978,0.490119048,0.126619749,0.459180952,0.103666413,0.916902581,0.007505342,0.960440656,0.021360815,0.839811875,0.009378296
max,sensitivity,0.37304696,512,10000,0.89468254,0.004117721,0.7982,0.005552027,0.306339057,0.011994895,0.180921388,0.008381847,0.361842776,0.016763694,0.10531746,0.004117721,0.69288254,0.006082507,0.916902581,0.007505342,0.960440656,0.021360815,0.839811875,0.009378296
max,equal_sens_spec,0.20601125,517,10000,0.856166762,0.013652164,0.859,0.01454304,0.373979948,0.048707077,0.230873301,0.036564483,0.461746602,0.073128967,0.143833238,0.013652164,0.715166762,0.028075395,0.951490433,0.004366818,0.946429589,0.018332753,0.908224999,0.003053845
max,lpt,0.03759737,517,10000,1,0,0.6956,0.043202141,0.254691611,0.029071763,0.146184708,0.019170256,0.292369417,0.038340511,0,0,0.6956,0.043202141,0.951490433,0.004366818,0.946429589,0.018332753,0.908224999,0.003053845
max,max_fpb,0.72677327,517,10000,0.566965766,0.047625168,0.9899,0.002655184,0.641319535,0.01956514,0.472256931,0.020875319,0.944513863,0.041750639,0.433034234,0.047625168,0.556865766,0.045228473,0.951490433,0.004366818,0.946429589,0.018332753,0.908224999,0.003053845
max,max_jaccard,0.72677327,517,10000,0.566965766,0.047625168,0.9899,0.002655184,0.641319535,0.01956514,0.472256931,0.020875319,0.944513863,0.041750639,0.433034234,0.047625168,0.556865766,0.045228473,0.951490433,0.004366818,0.946429589,0.018332753,0.908224999,0.003053845
max,max_sens_spec,0.16842731,517,10000,0.940085323,0.045795781,0.8073,0.051363411,0.338588313,0.070448061,0.205512161,0.050615696,0.411024322,0.101231392,0.059914677,0.045795781,0.747385323,0.011126267,0.951490433,0.004366818,0.946429589,0.018332753,0.908224999,0.003053845
max,max_sorensen,0.72677327,517,10000,0.566965766,0.047625168,0.9899,0.002655184,0.641319535,0.01956514,0.472256931,0.020875319,0.944513863,0.041750639,0.433034234,0.047625168,0.556865766,0.045228473,0.951490433,0.004366818,0.946429589,0.018332753,0.908224999,0.003053845
max,sensitivity,0.17077512,517,10000,0.893611243,0.002419789,0.8259,0.024905823,0.34105171,0.047454781,0.206364427,0.034145916,0.412728853,0.068291832,0.106388757,0.002419789,0.719511243,0.023874413,0.951490433,0.004366818,0.946429589,0.018332753,0.908224999,0.003053845
max,equal_sens_spec,0.29587234,522,10000,0.861969965,0.013333926,0.861,0.012180928,0.381439208,0.03459354,0.236115657,0.02632017,0.472231313,0.052640339,0.138030035,0.013333926,0.722969965,0.02550776,0.939497803,0.007349757,0.955630628,0.03582461,0.880160746,0.005078764
max,lpt,0.04384761,522,10000,1,0,0.6256,0.020097885,0.218101154,0.017420146,0.122482942,0.010839424,0.244965883,0.021678849,0,0,0.6256,0.020097885,0.939497803,0.007349757,0.955630628,0.03582461,0.880160746,0.005078764
max,max_fpb,0.67039713,522,10000,0.521184834,0.074386876,0.983,0.008162414,0.562732944,0.043017105,0.392529834,0.041785181,0.785059668,0.083570362,0.478815166,0.074386876,0.504184834,0.068520714,0.939497803,0.007349757,0.955630628,0.03582461,0.880160746,0.005078764
max,max_jaccard,0.67039713,522,10000,0.521184834,0.074386876,0.983,0.008162414,0.562732944,0.043017105,0.392529834,0.041785181,0.785059668,0.083570362,0.478815166,0.074386876,0.504184834,0.068520714,0.939497803,0.007349757,0.955630628,0.03582461,0.880160746,0.005078764
max,max_sens_spec,0.32709587,522,10000,0.899694833,0.044198757,0.8356,0.057222592,0.366871962,0.072704121,0.226573955,0.054208323,0.45314791,0.108416647,0.100305167,0.044198757,0.735294833,0.019422634,0.939497803,0.007349757,0.955630628,0.03582461,0.880160746,0.005078764
max,max_sorensen,0.67039713,522,10000,0.521184834,0.074386876,0.983,0.008162414,0.562732944,0.043017105,0.392529834,0.041785181,0.785059668,0.083570362,0.478815166,0.074386876,0.504184834,0.068520714,0.939497803,0.007349757,0.955630628,0.03582461,0.880160746,0.005078764
max,sensitivity,0.21328197,522,10000,0.89662837,0.002614549,0.8035,0.019811613,0.317378673,0.026566583,0.18885939,0.018828875,0.377718779,0.037657751,0.10337163,0.002614549,0.70012837,0.018876875,0.939497803,0.007349757,0.955630628,0.03582461,0.880160746,0.005078764
max,equal_sens_spec,0.32638122,523,10000,0.910145086,0.014986439,0.9108,0.01512283,0.505841717,0.045612158,0.339544198,0.040879532,0.679088395,0.081759065,0.089854914,0.014986439,0.820945086,0.029828475,0.967968898,0.007703505,0.91656223,0.075316768,0.916478643,0.001271266
max,lpt,0.00927086,523,10000,1,0,0.7443,0.041829415,0.293450016,0.039846727,0.172467371,0.02742521,0.344934743,0.054850419,0,0,0.7443,0.041829415,0.967968898,0.007703505,0.91656223,0.075316768,0.916478643,0.001271266
max,max_fpb,0.61519736,523,10000,0.717481004,0.047805508,0.9719,0.009256079,0.637727755,0.046746838,0.469558612,0.051868248,0.939117223,0.103736495,0.282518996,0.047805508,0.689381004,0.042596309,0.967968898,0.007703505,0.91656223,0.075316768,0.916478643,0.001271266
max,max_jaccard,0.61519736,523,10000,0.717481004,0.047805508,0.9719,0.009256079,0.637727755,0.046746838,0.469558612,0.051868248,0.939117223,0.103736495,0.282518996,0.047805508,0.689381004,0.042596309,0.967968898,0.007703505,0.91656223,0.075316768,0.916478643,0.001271266
max,max_sens_spec,0.18378887,523,10000,0.969121569,0.013220979,0.8755,0.017449928,0.447455076,0.024640855,0.288467817,0.020504556,0.576935634,0.041009113,0.030878431,0.013220979,0.844621569,0.019583836,0.967968898,0.007703505,0.91656223,0.075316768,0.916478643,0.001271266
max,max_sorensen,0.61519736,523,10000,0.717481004,0.047805508,0.9719,0.009256079,0.637727755,0.046746838,0.469558612,0.051868248,0.939117223,0.103736495,0.282518996,0.047805508,0.689381004,0.042596309,0.967968898,0.007703505,0.91656223,0.075316768,0.916478643,0.001271266
max,sensitivity,0.37032313,523,10000,0.896645936,0.002491923,0.9156,0.021173096,0.515942081,0.061612975,0.349542137,0.056811867,0.699084275,0.113623735,0.103354064,0.002491923,0.812245936,0.021624176,0.967968898,0.007703505,0.91656223,0.075316768,0.916478643,0.001271266
max,equal_sens_spec,0.31437509,534,10000,0.846474029,0.00384208,0.8463,0.002334524,0.357942619,0.018352962,0.218104954,0.013501667,0.436209908,0.027003334,0.153525971,0.00384208,0.692774029,0.005048701,0.934506361,0.004385394,0.957654029,0.022347066,0.872467169,0.003677558
max,lpt,0.00329157,534,10000,1,0,0.591,0.093216817,0.212211504,0.040260626,0.119157478,0.025363403,0.238314956,0.050726807,0,0,0.591,0.093216817,0.934506361,0.004385394,0.957654029,0.022347066,0.872467169,0.003677558
max,max_fpb,0.71757287,534,10000,0.46936296,0.047763852,0.9826,0.002701851,0.521980971,0.050537372,0.354462637,0.047544197,0.708925274,0.095088393,0.53063704,0.047763852,0.45196296,0.048953174,0.934506361,0.004385394,0.957654029,0.022347066,0.872467169,0.003677558
max,max_jaccard,0.71757287,534,10000,0.46936296,0.047763852,0.9826,0.002701851,0.521980971,0.050537372,0.354462637,0.047544197,0.708925274,0.095088393,0.53063704,0.047763852,0.45196296,0.048953174,0.934506361,0.004385394,0.957654029,0.022347066,0.872467169,0.003677558
max,max_sens_spec,0.22941188,534,10000,0.936212763,0.021070273,0.7991,0.018625923,0.329279865,0.030270895,0.197400745,0.021538136,0.39480149,0.043076273,0.063787237,0.021070273,0.735312763,0.014593279,0.934506361,0.004385394,0.957654029,0.022347066,0.872467169,0.003677558
max,max_sorensen,0.71757287,534,10000,0.46936296,0.047763852,0.9826,0.002701851,0.521980971,0.050537372,0.354462637,0.047544197,0.708925274,0.095088393,0.53063704,0.047763852,0.45196296,0.048953174,0.934506361,0.004385394,0.957654029,0.022347066,0.872467169,0.003677558
max,sensitivity,0.26812789,534,10000,0.896881244,0.003300854,0.817,0.013504629,0.337386197,0.029559367,0.203224567,0.02105079,0.406449133,0.042101579,0.103118756,0.003300854,0.713881244,0.014924996,0.934506361,0.004385394,0.957654029,0.022347066,0.872467169,0.003677558
max,equal_sens_spec,0.38570335,534,10000,0.812344362,0.018080963,0.8112,0.017711578,0.304758517,0.034781898,0.180168812,0.024120631,0.360337624,0.048241261,0.187655638,0.018080963,0.623544362,0.035705882,0.90658572,0.009154763,0.955293996,0.018762003,0.824202673,0.004629913
max,lpt,0.08163451,534,10000,1,0,0.5976,0.03129976,0.209887985,0.013640044,0.117300325,0.008498671,0.234600649,0.016997342,0,0,0.5976,0.03129976,0.90658572,0.009154763,0.955293996,0.018762003,0.824202673,0.004629913
max,max_fpb,0.67501056,534,10000,0.494805561,0.091159109,0.9536,0.021173096,0.421040639,0.044357294,0.267449236,0.035251348,0.534898472,0.070502695,0.505194439,0.091159109,0.448405561,0.073155556,0.90658572,0.009154763,0.955293996,0.018762003,0.824202673,0.004629913
max,max_jaccard,0.67501056,534,10000,0.494805561,0.091159109,0.9536,0.021173096,0.421040639,0.044357294,0.267449236,0.035251348,0.534898472,0.070502695,0.505194439,0.091159109,0.448405561,0.073155556,0.90658572,0.009154763,0.955293996,0.018762003,0.824202673,0.004629913
max,max_sens_spec,0.26360853,534,10000,0.913373753,0.027002259,0.7525,0.03174114,0.280596875,0.037604817,0.163646755,0.025859,0.327293511,0.051718001,0.086626247,0.027002259,0.665873753,0.017540987,0.90658572,0.009154763,0.955293996,0.018762003,0.824202673,0.004629913
max,max_sorensen,0.67501056,534,10000,0.494805561,0.091159109,0.9536,0.021173096,0.421040639,0.044357294,0.267449236,0.035251348,0.534898472,0.070502695,0.505194439,0.091159109,0.448405561,0.073155556,0.90658572,0.009154763,0.955293996,0.018762003,0.824202673,0.004629913
max,sensitivity,0.30873136,534,10000,0.897139123,0.003090561,0.7541,0.015785278,0.276243557,0.02593249,0.160467374,0.017503721,0.320934748,0.035007443,0.102860877,0.003090561,0.651239123,0.01653324,0.90658572,0.009154763,0.955293996,0.018762003,0.824202673,0.004629913
max,equal_sens_spec,0.46088438,534,10000,0.739554401,0.012386097,0.7392,0.011777096,0.223529929,0.016200578,0.125902454,0.010186013,0.251804908,0.020372025,0.260445599,0.012386097,0.478754401,0.024137744,0.821577686,0.005415037,0.948780073,0.017926,0.70550172,0.007595452
max,lpt,0.04974082,534,10000,1,0,0.3002,0.061966321,0.133310505,0.017070288,0.07148768,0.009870934,0.14297536,0.019741867,0,0,0.3002,0.061966321,0.821577686,0.005415037,0.948780073,0.017926,0.70550172,0.007595452
max,max_fpb,0.81717523,534,10000,0.375843063,0.036446826,0.933,0.006294839,0.285398361,0.021214134,0.166593932,0.014369453,0.333187864,0.028738905,0.624156937,0.036446826,0.308843063,0.032075304,0.821577686,0.005415037,0.948780073,0.017926,0.70550172,0.007595452
max,max_jaccard,0.81717523,534,10000,0.375843063,0.036446826,0.933,0.006294839,0.285398361,0.021214134,0.166593932,0.014369453,0.333187864,0.028738905,0.624156937,0.036446826,0.308843063,0.032075304,0.821577686,0.005415037,0.948780073,0.017926,0.70550172,0.007595452
max,max_sens_spec,0.44172212,534,10000,0.869216038,0.073849992,0.6413,0.072150537,0.204735418,0.018043948,0.114132576,0.011275103,0.228265152,0.022550207,0.130783962,0.073849992,0.510516038,0.006879164,0.821577686,0.005415037,0.948780073,0.017926,0.70550172,0.007595452
max,max_sorensen,0.81717523,534,10000,0.375843063,0.036446826,0.933,0.006294839,0.285398361,0.021214134,0.166593932,0.014369453,0.333187864,0.028738905,0.624156937,0.036446826,0.308843063,0.032075304,0.821577686,0.005415037,0.948780073,0.017926,0.70550172,0.007595452
max,sensitivity,0.35816381,534,10000,0.897011597,0.001513287,0.5902,0.013773162,0.187559818,0.012982778,0.103529851,0.00788029,0.207059703,0.015760579,0.102988403,0.001513287,0.487211597,0.013736861,0.821577686,0.005415037,0.948780073,0.017926,0.70550172,0.007595452
max,equal_sens_spec,0.32481634,546,10000,0.830530749,0.010548063,0.8305,0.008902247,0.33571489,0.01395253,0.201784856,0.010091841,0.403569712,0.020183683,0.169469251,0.010548063,0.661030749,0.019227387,0.920326115,0.004123032,0.902724625,0.057118306,0.854273296,0.007510399
max,lpt,0.01283239,546,10000,1,0,0.6262,0.061397883,0.227346945,0.018720806,0.128353045,0.011917325,0.256706091,0.02383465,0,0,0.6262,0.061397883,0.920326115,0.004123032,0.902724625,0.057118306,0.854273296,0.007510399
max,max_fpb,0.75506645,546,10000,0.436605515,0.044150766,0.9834,0.007171123,0.501508099,0.032351561,0.335186658,0.029613059,0.670373317,0.059226117,0.563394485,0.044150766,0.420005515,0.039240179,0.920326115,0.004123032,0.902724625,0.057118306,0.854273296,0.007510399
max,max_jaccard,0.75506645,546,10000,0.436605515,0.044150766,0.9834,0.007171123,0.501508099,0.032351561,0.335186658,0.029613059,0.670373317,0.059226117,0.563394485,0.044150766,0.420005515,0.039240179,0.920326115,0.004123032,0.902724625,0.057118306,0.854273296,0.007510399
max,max_sens_spec,0.22888904,546,10000,0.955800142,0.02855312,0.7449,0.019778145,0.288237672,0.026652284,0.168608995,0.017862533,0.33721799,0.035725066,0.044199858,0.02855312,0.700700142,0.017877237,0.920326115,0.004123032,0.902724625,0.057118306,0.854273296,0.007510399
max,max_sorensen,0.75506645,546,10000,0.436605515,0.044150766,0.9834,0.007171123,0.501508099,0.032351561,0.335186658,0.029613059,0.670373317,0.059226117,0.563394485,0.044150766,0.420005515,0.039240179,0.920326115,0.004123032,0.902724625,0.057118306,0.854273296,0.007510399
max,sensitivity,0.25855125,546,10000,0.895395038,0.00377114,0.7796,0.017615334,0.301397006,0.01235302,0.177487611,0.008498064,0.354975222,0.016996129,0.104604962,0.00377114,0.674995038,0.015819845,0.920326115,0.004123032,0.902724625,0.057118306,0.854273296,0.007510399
max,equal_sens_spec,0.42708114,557,10000,0.822227548,0.007246094,0.8229,0.007283543,0.328614942,0.019983663,0.196750149,0.014407399,0.393500299,0.028814798,0.177772452,0.007246094,0.645127548,0.014350894,0.910772301,0.004663243,0.950675405,0.024903183,0.822829398,0.009397379
max,lpt,0.06395107,557,10000,1,0,0.6103,0.034215494,0.223028119,0.021899667,0.125647902,0.013965681,0.251295805,0.027931362,0,0,0.6103,0.034215494,0.910772301,0.004663243,0.950675405,0.024903183,0.822829398,0.009397379
max,max_fpb,0.76675643,557,10000,0.50151623,0.023193013,0.9628,0.010353743,0.464684462,0.024227159,0.302922902,0.020523987,0.605845803,0.041047975,0.49848377,0.023193013,0.46431623,0.014858388,0.910772301,0.004663243,0.950675405,0.024903183,0.822829398,0.009397379
max,max_jaccard,0.76675643,557,10000,0.50151623,0.023193013,0.9628,0.010353743,0.464684462,0.024227159,0.302922902,0.020523987,0.605845803,0.041047975,0.49848377,0.023193013,0.46431623,0.014858388,0.910772301,0.004663243,0.950675405,0.024903183,0.822829398,0.009397379
max,max_sens_spec,0.33224868,557,10000,0.896718882,0.029814197,0.7821,0.024996,0.309375489,0.016035278,0.183080154,0.011249513,0.366160308,0.022499026,0.103281118,0.029814197,0.678818882,0.01298587,0.910772301,0.004663243,0.950675405,0.024903183,0.822829398,0.009397379
max,max_sorensen,0.76675643,557,10000,0.50151623,0.023193013,0.9628,0.010353743,0.464684462,0.024227159,0.302922902,0.020523987,0.605845803,0.041047975,0.49848377,0.023193013,0.46431623,0.014858388,0.910772301,0.004663243,0.950675405,0.024903183,0.822829398,0.009397379
max,sensitivity,0.34190954,557,10000,0.895989764,0.003060684,0.755,0.02394786,0.285719714,0.031109564,0.166977751,0.021174132,0.333955502,0.042348264,0.104010236,0.003060684,0.650989764,0.022991143,0.910772301,0.004663243,0.950675405,0.024903183,0.822829398,0.009397379
max,equal_sens_spec,0.39747349,560,10000,0.828317252,0.019450112,0.8291,0.018915602,0.341174038,0.037059715,0.206163417,0.027499267,0.412326835,0.054998533,0.171682748,0.019450112,0.657417252,0.038317071,0.908165834,0.009738304,0.974894052,0.010789698,0.825247092,0.001935022
max,lpt,0.02187411,560,10000,1,0,0.548,0.052116456,0.199797994,0.017904236,0.111075131,0.011148358,0.222150262,0.022296717,0,0,0.548,0.052116456,0.908165834,0.009738304,0.974894052,0.010789698,0.825247092,0.001935022
max,max_fpb,0.65275027,560,10000,0.573927398,0.114611337,0.939,0.019403608,0.431254475,0.045032785,0.275776877,0.038009178,0.551553754,0.076018357,0.426072602,0.114611337,0.512927398,0.100984111,0.908165834,0.009738304,0.974894052,0.010789698,0.825247092,0.001935022
max,max_jaccard,0.65275027,560,10000,0.573927398,0.114611337,0.939,0.019403608,0.431254475,0.045032785,0.275776877,0.038009178,0.551553754,0.076018357,0.426072602,0.114611337,0.512927398,0.100984111,0.908165834,0.009738304,0.974894052,0.010789698,0.825247092,0.001935022
max,max_sens_spec,0.44316948,560,10000,0.911814455,0.040433494,0.7645,0.072119692,0.309083531,0.068869823,0.184416113,0.049919779,0.368832227,0.099839559,0.088185545,0.040433494,0.676314455,0.034394309,0.908165834,0.009738304,0.974894052,0.010789698,0.825247092,0.001935022
max,max_sorensen,0.65275027,560,10000,0.573927398,0.114611337,0.939,0.019403608,0.431254475,0.045032785,0.275776877,0.038009178,0.551553754,0.076018357,0.426072602,0.114611337,0.512927398,0.100984111,0.908165834,0.009738304,0.974894052,0.010789698,0.825247092,0.001935022
max,sensitivity,0.29730996,560,10000,0.894629147,9.50E-04,0.7542,0.023668545,0.285866713,0.025459746,0.166974021,0.01713674,0.333948042,0.034273481,0.105370853,9.50E-04,0.648829147,0.023828702,0.908165834,0.009738304,0.974894052,0.010789698,0.825247092,0.001935022
max,equal_sens_spec,0.36515203,561,10000,0.913232432,0.01190159,0.9125,0.011800424,0.527145703,0.027392885,0.358286243,0.025452071,0.716572485,0.050904143,0.086767568,0.01190159,0.825732432,0.023465761,0.96376355,0.00894478,0.979500689,0.009463001,0.912556788,0.002043913
max,lpt,9.97E-04,561,10000,1,0,0.5043,0.15445938,0.194225459,0.046410224,0.108151675,0.028884114,0.21630335,0.057768229,0,0,0.5043,0.15445938,0.96376355,0.00894478,0.979500689,0.009463001,0.912556788,0.002043913
max,max_fpb,0.61875253,561,10000,0.689969057,0.059491334,0.978,0.004911721,0.661933196,0.039501024,0.495729279,0.04386991,0.991458559,0.08773982,0.310030943,0.059491334,0.667969057,0.058546715,0.96376355,0.00894478,0.979500689,0.009463001,0.912556788,0.002043913
max,max_jaccard,0.61875253,561,10000,0.689969057,0.059491334,0.978,0.004911721,0.661933196,0.039501024,0.495729279,0.04386991,0.991458559,0.08773982,0.310030943,0.059491334,0.667969057,0.058546715,0.96376355,0.00894478,0.979500689,0.009463001,0.912556788,0.002043913
max,max_sens_spec,0.35039807,561,10000,0.92091615,0.022583995,0.9144,0.010089599,0.534760871,0.033718292,0.365545272,0.031526464,0.731090544,0.063052928,0.07908385,0.022583995,0.83531615,0.026801076,0.96376355,0.00894478,0.979500689,0.009463001,0.912556788,0.002043913
max,max_sorensen,0.61875253,561,10000,0.689969057,0.059491334,0.978,0.004911721,0.661933196,0.039501024,0.495729279,0.04386991,0.991458559,0.08773982,0.310030943,0.059491334,0.667969057,0.058546715,0.96376355,0.00894478,0.979500689,0.009463001,0.912556788,0.002043913
max,sensitivity,0.39480771,561,10000,0.89318543,0.005383314,0.9186,0.013925696,0.536283646,0.027897788,0.366784234,0.026186984,0.733568468,0.052373968,0.10681457,0.005383314,0.81178543,0.014975335,0.96376355,0.00894478,0.979500689,0.009463001,0.912556788,0.002043913
max,equal_sens_spec,0.30085662,577,10000,0.850810823,0.020466459,0.8498,0.019578687,0.383560579,0.041890285,0.237950508,0.031993599,0.475901017,0.063987198,0.149189177,0.020466459,0.700610823,0.040031778,0.92862413,0.009876535,0.936141356,0.02071676,0.863743486,0.007500479
max,lpt,0.01811253,577,10000,1,0,0.5715,0.096424841,0.216087865,0.027714059,0.121347267,0.017365525,0.242694533,0.03473105,0,0,0.5715,0.096424841,0.92862413,0.009876535,0.936141356,0.02071676,0.863743486,0.007500479
max,max_fpb,0.64153668,577,10000,0.494665632,0.1160999,0.9735,0.019934267,0.507197386,0.00472163,0.339772594,0.004243577,0.679545187,0.008487154,0.505334368,0.1160999,0.468165632,0.096215048,0.92862413,0.009876535,0.936141356,0.02071676,0.863743486,0.007500479
max,max_jaccard,0.64153668,577,10000,0.494665632,0.1160999,0.9735,0.019934267,0.507197386,0.00472163,0.339772594,0.004243577,0.679545187,0.008487154,0.505334368,0.1160999,0.468165632,0.096215048,0.92862413,0.009876535,0.936141356,0.02071676,0.863743486,0.007500479
max,max_sens_spec,0.41510245,577,10000,0.860426531,0.028299253,0.8526,0.020357431,0.39129239,0.04498391,0.244021349,0.035197943,0.488042698,0.070395885,0.139573469,0.028299253,0.713026531,0.03471626,0.92862413,0.009876535,0.936141356,0.02071676,0.863743486,0.007500479
max,max_sorensen,0.64153668,577,10000,0.494665632,0.1160999,0.9735,0.019934267,0.507197386,0.00472163,0.339772594,0.004243577,0.679545187,0.008487154,0.505334368,0.1160999,0.468165632,0.096215048,0.92862413,0.009876535,0.936141356,0.02071676,0.863743486,0.007500479
max,sensitivity,0.16954473,577,10000,0.894103869,0.004041512,0.7858,0.044593441,0.323095264,0.039885958,0.193208467,0.028110685,0.386416935,0.05622137,0.105896131,0.004041512,0.679903869,0.042505932,0.92862413,0.009876535,0.936141356,0.02071676,0.863743486,0.007500479
max,equal_sens_spec,0.3302156,595,10000,0.818129723,0.010423825,0.8173,0.010744766,0.335182107,0.025860108,0.201568761,0.019005415,0.403137522,0.038010831,0.181870277,0.010423825,0.635429723,0.021106794,0.915745662,0.008892285,0.934336897,0.054981944,0.843679611,0.005165803
max,lpt,0.01445832,595,10000,1,0,0.5589,0.085722226,0.217394183,0.043752507,0.122504615,0.028096611,0.24500923,0.056193222,0,0,0.5589,0.085722226,0.915745662,0.008892285,0.934336897,0.054981944,0.843679611,0.005165803
max,max_fpb,0.72001953,595,10000,0.496656764,0.030852423,0.9753,0.006648308,0.520224739,0.019089186,0.351735909,0.017376964,0.703471818,0.034753927,0.503343236,0.030852423,0.471956764,0.025357648,0.915745662,0.008892285,0.934336897,0.054981944,0.843679611,0.005165803
max,max_jaccard,0.72001953,595,10000,0.496656764,0.030852423,0.9753,0.006648308,0.520224739,0.019089186,0.351735909,0.017376964,0.703471818,0.034753927,0.503343236,0.030852423,0.471956764,0.025357648,0.915745662,0.008892285,0.934336897,0.054981944,0.843679611,0.005165803
max,max_sens_spec,0.26437375,595,10000,0.894696429,0.085218311,0.7782,0.084724259,0.334512524,0.080160315,0.203165458,0.060174209,0.406330916,0.120348418,0.105303571,0.085218311,0.672896429,0.0235627,0.915745662,0.008892285,0.934336897,0.054981944,0.843679611,0.005165803
max,max_sorensen,0.72001953,595,10000,0.496656764,0.030852423,0.9753,0.006648308,0.520224739,0.019089186,0.351735909,0.017376964,0.703471818,0.034753927,0.503343236,0.030852423,0.471956764,0.025357648,0.915745662,0.008892285,0.934336897,0.054981944,0.843679611,0.005165803
max,sensitivity,0.25417415,595,10000,0.89742632,0.002167915,0.7453,0.033278371,0.292834517,0.038050052,0.172010112,0.026782806,0.344020224,0.053565612,0.10257368,0.002167915,0.64272632,0.033932398,0.915745662,0.008892285,0.934336897,0.054981944,0.843679611,0.005165803
max,equal_sens_spec,0.27417328,599,10000,0.866824044,0.014518751,0.8669,0.014275854,0.424894861,0.026906511,0.270055272,0.021864083,0.540110545,0.043728167,0.133175956,0.014518751,0.733724044,0.028767449,0.949320457,0.005490016,0.935147602,0.027901164,0.891283857,0.002880016
max,lpt,0.0052732,599,10000,1,0,0.6506,0.101751167,0.265114635,0.058119772,0.153865958,0.039277293,0.307731915,0.078554586,0,0,0.6506,0.101751167,0.949320457,0.005490016,0.935147602,0.027901164,0.891283857,0.002880016
max,max_fpb,0.67481988,599,10000,0.571115249,0.009960201,0.9798,0.003251923,0.598303232,0.015241572,0.42697858,0.015686319,0.853957159,0.031372639,0.428884751,0.009960201,0.550915249,0.007520763,0.949320457,0.005490016,0.935147602,0.027901164,0.891283857,0.002880016
max,max_jaccard,0.67481988,599,10000,0.571115249,0.009960201,0.9798,0.003251923,0.598303232,0.015241572,0.42697858,0.015686319,0.853957159,0.031372639,0.428884751,0.009960201,0.550915249,0.007520763,0.949320457,0.005490016,0.935147602,0.027901164,0.891283857,0.002880016
max,max_sens_spec,0.16733145,599,10000,0.970187151,0.005592594,0.8027,0.021111608,0.369733384,0.033150697,0.227203114,0.025201047,0.454406229,0.050402095,0.029812849,0.005592594,0.772887151,0.018431044,0.949320457,0.005490016,0.935147602,0.027901164,0.891283857,0.002880016
max,max_sorensen,0.67481988,599,10000,0.571115249,0.009960201,0.9798,0.003251923,0.598303232,0.015241572,0.42697858,0.015686319,0.853957159,0.031372639,0.428884751,0.009960201,0.550915249,0.007520763,0.949320457,0.005490016,0.935147602,0.027901164,0.891283857,0.002880016
max,sensitivity,0.24236965,599,10000,0.898181402,0.001492137,0.8399,0.024401332,0.395437387,0.040816151,0.247093645,0.031852889,0.49418729,0.063705778,0.101818598,0.001492137,0.738081402,0.023544427,0.949320457,0.005490016,0.935147602,0.027901164,0.891283857,0.002880016
max,equal_sens_spec,0.43442638,602,10000,0.823853755,0.006707991,0.8247,0.006591661,0.348050894,0.013760888,0.210758867,0.010176338,0.421517733,0.020352675,0.176146245,0.006707991,0.648553755,0.012996282,0.911238236,0.002720828,0.974540978,0.004868735,0.827477839,0.005646424
max,lpt,0.01534999,602,10000,1,0,0.5592,0.085420723,0.217889129,0.027170786,0.122470339,0.016866092,0.244940678,0.033732185,0,0,0.5592,0.085420723,0.911238236,0.002720828,0.974540978,0.004868735,0.827477839,0.005646424
max,max_fpb,0.70852449,602,10000,0.487365667,0.110255811,0.9498,0.023744999,0.41956858,0.022975334,0.265691843,0.018452995,0.531383687,0.036905989,0.512634333,0.110255811,0.437165667,0.087474286,0.911238236,0.002720828,0.974540978,0.004868735,0.827477839,0.005646424
max,max_jaccard,0.70852449,602,10000,0.487365667,0.110255811,0.9498,0.023744999,0.41956858,0.022975334,0.265691843,0.018452995,0.531383687,0.036905989,0.512634333,0.110255811,0.437165667,0.087474286,0.911238236,0.002720828,0.974540978,0.004868735,0.827477839,0.005646424
max,max_sens_spec,0.37238017,602,10000,0.929913563,0.031198491,0.7652,0.023826456,0.319670797,0.012029332,0.19029153,0.008481245,0.380583059,0.01696249,0.070086437,0.031198491,0.695113563,0.015048833,0.911238236,0.002720828,0.974540978,0.004868735,0.827477839,0.005646424
max,max_sorensen,0.70852449,602,10000,0.487365667,0.110255811,0.9498,0.023744999,0.41956858,0.022975334,0.265691843,0.018452995,0.531383687,0.036905989,0.512634333,0.110255811,0.437165667,0.087474286,0.911238236,0.002720828,0.974540978,0.004868735,0.827477839,0.005646424
max,sensitivity,0.35266675,602,10000,0.897007911,0.003144153,0.7666,0.021416699,0.311499822,0.016871661,0.184577943,0.011859701,0.369155887,0.023719402,0.102992089,0.003144153,0.663607911,0.018624413,0.911238236,0.002720828,0.974540978,0.004868735,0.827477839,0.005646424
max,equal_sens_spec,0.46989473,621,10000,0.818359059,0.010846727,0.8188,0.010515465,0.345662231,0.01366789,0.209009607,0.010083621,0.418019215,0.020167242,0.181640941,0.010846727,0.637159059,0.021258619,0.900982879,0.005989977,0.967988339,0.010127526,0.80642357,0.002565976
max,lpt,0.0079083,621,10000,1,0,0.4766,0.088320015,0.194720523,0.030360649,0.108113314,0.018701609,0.216226627,0.037403217,0,0,0.4766,0.088320015,0.900982879,0.005989977,0.967988339,0.010127526,0.80642357,0.002565976
max,max_fpb,0.74087057,621,10000,0.531505245,0.036130459,0.9434,0.012110945,0.435801674,0.016232799,0.278720883,0.01332751,0.557441767,0.026655019,0.468494755,0.036130459,0.474905245,0.02541403,0.900982879,0.005989977,0.967988339,0.010127526,0.80642357,0.002565976
max,max_jaccard,0.74087057,621,10000,0.531505245,0.036130459,0.9434,0.012110945,0.435801674,0.016232799,0.278720883,0.01332751,0.557441767,0.026655019,0.468494755,0.036130459,0.474905245,0.02541403,0.900982879,0.005989977,0.967988339,0.010127526,0.80642357,0.002565976
max,max_sens_spec,0.37435315,621,10000,0.900529688,0.039221852,0.7649,0.043284524,0.319386005,0.029405295,0.190337266,0.021148898,0.380674531,0.042297795,0.099470312,0.039221852,0.665429688,0.016522531,0.900982879,0.005989977,0.967988339,0.010127526,0.80642357,0.002565976
max,max_sorensen,0.74087057,621,10000,0.531505245,0.036130459,0.9434,0.012110945,0.435801674,0.016232799,0.278720883,0.01332751,0.557441767,0.026655019,0.468494755,0.036130459,0.474905245,0.02541403,0.900982879,0.005989977,0.967988339,0.010127526,0.80642357,0.002565976
max,sensitivity,0.33335679,621,10000,0.895226175,0.005040928,0.7499,0.018756332,0.302533257,0.005766827,0.178237232,0.004013498,0.356474464,0.008026995,0.104773825,0.005040928,0.645126175,0.018208736,0.900982879,0.005989977,0.967988339,0.010127526,0.80642357,0.002565976
max,equal_sens_spec,0.50592434,628,10000,0.769253805,0.013622103,0.7696,0.013464769,0.283074624,0.017421261,0.164968582,0.011776195,0.329937164,0.023552389,0.230746195,0.013622103,0.538853805,0.027025802,0.863858935,0.008242841,0.942141778,0.036752223,0.758872876,0.004906481
max,lpt,0.01894432,628,10000,1,0,0.4832,0.072205955,0.197074662,0.019951664,0.109417952,0.012388913,0.218835903,0.024777826,0,0,0.4832,0.072205955,0.863858935,0.008242841,0.942141778,0.036752223,0.758872876,0.004906481
max,max_fpb,0.68389476,628,10000,0.484983612,0.087591875,0.9202,0.041070975,0.358024002,0.024450903,0.218259889,0.018072739,0.436519778,0.036145478,0.515016388,0.087591875,0.405183612,0.049346381,0.863858935,0.008242841,0.942141778,0.036752223,0.758872876,0.004906481
max,max_jaccard,0.68389476,628,10000,0.484983612,0.087591875,0.9202,0.041070975,0.358024002,0.024450903,0.218259889,0.018072739,0.436519778,0.036145478,0.515016388,0.087591875,0.405183612,0.049346381,0.863858935,0.008242841,0.942141778,0.036752223,0.758872876,0.004906481
max,max_sens_spec,0.38616764,628,10000,0.941012471,0.048138021,0.6541,0.060541721,0.255019334,0.029615019,0.146407318,0.019357553,0.292814637,0.038715106,0.058987529,0.048138021,0.595112471,0.013774718,0.863858935,0.008242841,0.942141778,0.036752223,0.758872876,0.004906481
max,max_sorensen,0.68389476,628,10000,0.484983612,0.087591875,0.9202,0.041070975,0.358024002,0.024450903,0.218259889,0.018072739,0.436519778,0.036145478,0.515016388,0.087591875,0.405183612,0.049346381,0.863858935,0.008242841,0.942141778,0.036752223,0.758872876,0.004906481
max,sensitivity,0.38721299,628,10000,0.894888831,0.001457243,0.6672,0.025955732,0.249334998,0.020256933,0.14254523,0.013202407,0.285090461,0.026404814,0.105111169,0.001457243,0.562088831,0.02564007,0.863858935,0.008242841,0.942141778,0.036752223,0.758872876,0.004906481
max,equal_sens_spec,0.42371844,628,10000,0.814295688,0.01768634,0.8151,0.01567801,0.342729994,0.016826936,0.20690274,0.012161876,0.413805481,0.024323752,0.185704312,0.01768634,0.629395688,0.033301125,0.895564894,0.008695513,0.946153964,0.025387285,0.800883663,0.006648922
max,lpt,0.01024973,628,10000,1,0,0.4552,0.09710085,0.190048002,0.024555058,0.105165107,0.015058387,0.210330213,0.030116774,0,0,0.4552,0.09710085,0.895564894,0.008695513,0.946153964,0.025387285,0.800883663,0.006648922
max,max_fpb,0.73396177,628,10000,0.536398432,0.03983108,0.9442,0.015566792,0.444422551,0.026052986,0.285986437,0.021663751,0.571972874,0.043327501,0.463601568,0.03983108,0.480598432,0.027117058,0.895564894,0.008695513,0.946153964,0.025387285,0.800883663,0.006648922
max,max_jaccard,0.73396177,628,10000,0.536398432,0.03983108,0.9442,0.015566792,0.444422551,0.026052986,0.285986437,0.021663751,0.571972874,0.043327501,0.463601568,0.03983108,0.480598432,0.027117058,0.895564894,0.008695513,0.946153964,0.025387285,0.800883663,0.006648922
max,max_sens_spec,0.38528206,628,10000,0.864018097,0.029627742,0.7862,0.026546186,0.328993056,0.012846823,0.196939874,0.009228322,0.393879749,0.018456644,0.135981903,0.029627742,0.650218097,0.026337337,0.895564894,0.008695513,0.946153964,0.025387285,0.800883663,0.006648922
max,max_sorensen,0.73396177,628,10000,0.536398432,0.03983108,0.9442,0.015566792,0.444422551,0.026052986,0.285986437,0.021663751,0.571972874,0.043327501,0.463601568,0.03983108,0.480598432,0.027117058,0.895564894,0.008695513,0.946153964,0.025387285,0.800883663,0.006648922
max,sensitivity,0.25921518,628,10000,0.896459816,0.002168828,0.703,0.035206533,0.272251672,0.031003717,0.157874215,0.020774312,0.31574843,0.041548625,0.103540184,0.002168828,0.599459816,0.035494737,0.895564894,0.008695513,0.946153964,0.025387285,0.800883663,0.006648922
max,equal_sens_spec,0.32586083,638,10000,0.836690143,0.014657848,0.8355,0.013,0.379691175,0.030044562,0.234666218,0.022492412,0.469332436,0.044984823,0.163309857,0.014657848,0.672190143,0.027612255,0.927207377,0.006880133,0.963274956,0.021488732,0.853807319,0.006805075
max,lpt,0.00444793,638,10000,1,0,0.5985,0.088372083,0.246633835,0.043764857,0.141227738,0.028287084,0.282455475,0.056574168,0,0,0.5985,0.088372083,0.927207377,0.006880133,0.963274956,0.021488732,0.853807319,0.006805075
max,max_fpb,0.65229924,638,10000,0.569546861,0.054653431,0.9641,0.00609713,0.533899485,0.023436718,0.364443932,0.021973735,0.728887864,0.04394747,0.430453139,0.054653431,0.533646861,0.051318299,0.927207377,0.006880133,0.963274956,0.021488732,0.853807319,0.006805075
max,max_jaccard,0.65229924,638,10000,0.569546861,0.054653431,0.9641,0.00609713,0.533899485,0.023436718,0.364443932,0.021973735,0.728887864,0.04394747,0.430453139,0.054653431,0.533646861,0.051318299,0.927207377,0.006880133,0.963274956,0.021488732,0.853807319,0.006805075
max,max_sens_spec,0.21342887,638,10000,0.934707894,0.067346147,0.7648,0.060230391,0.33884311,0.046924319,0.204760732,0.034550688,0.409521464,0.069101377,0.065292106,0.067346147,0.699507894,0.018954312,0.927207377,0.006880133,0.963274956,0.021488732,0.853807319,0.006805075
max,max_sorensen,0.65229924,638,10000,0.569546861,0.054653431,0.9641,0.00609713,0.533899485,0.023436718,0.364443932,0.021973735,0.728887864,0.04394747,0.430453139,0.054653431,0.533646861,0.051318299,0.927207377,0.006880133,0.963274956,0.021488732,0.853807319,0.006805075
max,sensitivity,0.26254409,638,10000,0.896580419,0.001977437,0.7692,0.027489998,0.326720378,0.030784591,0.195580775,0.021968531,0.391161549,0.043937062,0.103419581,0.001977437,0.665780419,0.025681799,0.927207377,0.006880133,0.963274956,0.021488732,0.853807319,0.006805075
max,equal_sens_spec,0.30471026,645,10000,0.857185293,0.013813785,0.8583,0.015279071,0.424175107,0.033343891,0.269625348,0.026515034,0.539250696,0.053030067,0.142814707,0.013813785,0.715485293,0.029078164,0.931625677,0.008623067,0.944503758,0.042946373,0.862705171,0.005789961
max,lpt,0.01736166,645,10000,1,0,0.5212,0.04744286,0.213064836,0.013251794,0.119283745,0.008252002,0.23856749,0.016504004,0,0,0.5212,0.04744286,0.931625677,0.008623067,0.944503758,0.042946373,0.862705171,0.005789961
max,max_fpb,0.69622287,645,10000,0.612722143,0.155128625,0.9533,0.034647511,0.528928163,0.030717688,0.36002612,0.028330375,0.72005224,0.05666075,0.387277857,0.155128625,0.566022143,0.121674053,0.931625677,0.008623067,0.944503758,0.042946373,0.862705171,0.005789961
max,max_jaccard,0.69622287,645,10000,0.612722143,0.155128625,0.9533,0.034647511,0.528928163,0.030717688,0.36002612,0.028330375,0.72005224,0.05666075,0.387277857,0.155128625,0.566022143,0.121674053,0.931625677,0.008623067,0.944503758,0.042946373,0.862705171,0.005789961
max,max_sens_spec,0.24244191,645,10000,0.895752037,0.023025425,0.835,0.026146223,0.404752087,0.036530332,0.254252606,0.028876183,0.508505212,0.057752366,0.104247963,0.023025425,0.730752037,0.026669704,0.931625677,0.008623067,0.944503758,0.042946373,0.862705171,0.005789961
max,max_sorensen,0.69622287,645,10000,0.612722143,0.155128625,0.9533,0.034647511,0.528928163,0.030717688,0.36002612,0.028330375,0.72005224,0.05666075,0.387277857,0.155128625,0.566022143,0.121674053,0.931625677,0.008623067,0.944503758,0.042946373,0.862705171,0.005789961
max,sensitivity,0.23561948,645,10000,0.896120583,0.003227641,0.8147,0.035601264,0.379645564,0.044973793,0.235039879,0.033423274,0.470079759,0.066846548,0.103879417,0.003227641,0.710820583,0.036800862,0.931625677,0.008623067,0.944503758,0.042946373,0.862705171,0.005789961
max,equal_sens_spec,0.47103739,655,10000,0.811809843,0.011118821,0.8109,0.011491301,0.345844573,0.030549309,0.209408871,0.022517998,0.418817742,0.045035995,0.188190157,0.011118821,0.622709843,0.02246882,0.892378366,0.009180524,0.961919559,0.01258487,0.798341962,0.00576549
max,lpt,0.04673642,655,10000,1,0,0.5036,0.016410363,0.208640807,0.009918588,0.116498156,0.006204898,0.232996311,0.012409797,0,0,0.5036,0.016410363,0.892378366,0.009180524,0.961919559,0.01258487,0.798341962,0.00576549
max,max_fpb,0.70515906,655,10000,0.454166365,0.163362525,0.9509,0.048595782,0.417633823,0.023184832,0.264147487,0.018559268,0.528294974,0.037118535,0.545833635,0.163362525,0.405066365,0.115415753,0.892378366,0.009180524,0.961919559,0.01258487,0.798341962,0.00576549
max,max_jaccard,0.70515906,655,10000,0.454166365,0.163362525,0.9509,0.048595782,0.417633823,0.023184832,0.264147487,0.018559268,0.528294974,0.037118535,0.545833635,0.163362525,0.405066365,0.115415753,0.892378366,0.009180524,0.961919559,0.01258487,0.798341962,0.00576549
max,max_sens_spec,0.37418146,655,10000,0.889505254,0.042300169,0.7579,0.041629917,0.321170619,0.042597852,0.191936639,0.031057297,0.383873277,0.062114595,0.110494746,0.042300169,0.647405254,0.019356931,0.892378366,0.009180524,0.961919559,0.01258487,0.798341962,0.00576549
max,max_sorensen,0.70515906,655,10000,0.454166365,0.163362525,0.9509,0.048595782,0.417633823,0.023184832,0.264147487,0.018559268,0.528294974,0.037118535,0.545833635,0.163362525,0.405066365,0.115415753,0.892378366,0.009180524,0.961919559,0.01258487,0.798341962,0.00576549
max,sensitivity,0.35164378,655,10000,0.897764312,0.001796622,0.7257,0.032453043,0.296531021,0.033205008,0.174426266,0.022540231,0.348852531,0.045080461,0.102235688,0.001796622,0.623464312,0.031494575,0.892378366,0.009180524,0.961919559,0.01258487,0.798341962,0.00576549
max,equal_sens_spec,0.3917487,677,10000,0.85675539,0.009151296,0.8556,0.009208692,0.42983212,0.01978718,0.273910875,0.016042296,0.547821749,0.032084592,0.14324461,0.009151296,0.71235539,0.018291572,0.938515706,0.007768287,0.981172156,0.007448338,0.86514082,0.006783485
max,lpt,0.00215592,677,10000,1,0,0.5613,0.096333795,0.241053827,0.038903666,0.137492422,0.025322974,0.274984844,0.050645947,0,0,0.5613,0.096333795,0.938515706,0.007768287,0.981172156,0.007448338,0.86514082,0.006783485
max,max_fpb,0.65390803,677,10000,0.581483878,0.048702778,0.9704,0.004967394,0.575885004,0.030632881,0.404909417,0.030713351,0.809818834,0.061426703,0.418516122,0.048702778,0.551883878,0.046503858,0.938515706,0.007768287,0.981172156,0.007448338,0.86514082,0.006783485
max,max_jaccard,0.65390803,677,10000,0.581483878,0.048702778,0.9704,0.004967394,0.575885004,0.030632881,0.404909417,0.030713351,0.809818834,0.061426703,0.418516122,0.048702778,0.551883878,0.046503858,0.938515706,0.007768287,0.981172156,0.007448338,0.86514082,0.006783485
max,max_sens_spec,0.36426298,677,10000,0.932997999,0.033781308,0.8066,0.023519673,0.390750726,0.019937362,0.242969471,0.015531915,0.485938941,0.03106383,0.067002001,0.033781308,0.739597999,0.024413362,0.938515706,0.007768287,0.981172156,0.007448338,0.86514082,0.006783485
max,max_sorensen,0.65390803,677,10000,0.581483878,0.048702778,0.9704,0.004967394,0.575885004,0.030632881,0.404909417,0.030713351,0.809818834,0.061426703,0.418516122,0.048702778,0.551883878,0.046503858,0.938515706,0.007768287,0.981172156,0.007448338,0.86514082,0.006783485
max,sensitivity,0.34608022,677,10000,0.898051589,0.002399878,0.8187,0.021666795,0.393974172,0.030737008,0.245675177,0.023853563,0.491350353,0.047707125,0.101948411,0.002399878,0.716751589,0.020953499,0.938515706,0.007768287,0.981172156,0.007448338,0.86514082,0.006783485
max,equal_sens_spec,0.46711539,694,10000,0.778004587,0.015638937,0.7784,0.014955768,0.313297468,0.025774369,0.185968975,0.0182786,0.37193795,0.0365572,0.221995413,0.015638937,0.556404587,0.030537888,0.864336132,0.006740541,0.962655021,0.018220105,0.757157759,0.005395092
max,lpt,0.04149968,694,10000,1,0,0.4611,0.023532956,0.20468396,0.010481715,0.114040261,0.006481629,0.228080523,0.012963257,0,0,0.4611,0.023532956,0.864336132,0.006740541,0.962655021,0.018220105,0.757157759,0.005395092
max,max_fpb,0.67694272,694,10000,0.430459735,0.106751189,0.9456,0.027945035,0.386094565,0.029331526,0.239554677,0.022334543,0.479109353,0.044669086,0.569540265,0.106751189,0.376059735,0.080357949,0.864336132,0.006740541,0.962655021,0.018220105,0.757157759,0.005395092
max,max_jaccard,0.67694272,694,10000,0.430459735,0.106751189,0.9456,0.027945035,0.386094565,0.029331526,0.239554677,0.022334543,0.479109353,0.044669086,0.569540265,0.106751189,0.376059735,0.080357949,0.864336132,0.006740541,0.962655021,0.018220105,0.757157759,0.005395092
max,max_sens_spec,0.4420523,694,10000,0.810154645,0.061099316,0.7673,0.060829269,0.318179712,0.037970178,0.189670289,0.026720157,0.379340578,0.053440314,0.189845355,0.061099316,0.577454645,0.022058815,0.864336132,0.006740541,0.962655021,0.018220105,0.757157759,0.005395092
max,max_sorensen,0.67694272,694,10000,0.430459735,0.106751189,0.9456,0.027945035,0.386094565,0.029331526,0.239554677,0.022334543,0.479109353,0.044669086,0.569540265,0.106751189,0.376059735,0.080357949,0.864336132,0.006740541,0.962655021,0.018220105,0.757157759,0.005395092
max,sensitivity,0.32173264,694,10000,0.896135494,0.002404475,0.6376,0.024047869,0.251875897,0.014851573,0.144149792,0.009749126,0.288299585,0.019498252,0.103864506,0.002404475,0.533735494,0.023086072,0.864336132,0.006740541,0.962655021,0.018220105,0.757157759,0.005395092
max,equal_sens_spec,0.42756118,755,10000,0.849959337,0.015223919,0.85,0.014573092,0.444074407,0.035449726,0.285943854,0.029373371,0.571887708,0.058746742,0.150040663,0.015223919,0.699959337,0.029731503,0.928498115,0.010686825,0.967700125,0.018417462,0.847203085,0.0013332
max,lpt,0.01633835,755,10000,1,0,0.5986,0.075963314,0.277304776,0.036036603,0.161377931,0.024290137,0.322755861,0.048580274,0,0,0.5986,0.075963314,0.928498115,0.010686825,0.967700125,0.018417462,0.847203085,0.0013332
max,max_fpb,0.70774047,755,10000,0.536533103,0.085033456,0.9607,0.018116291,0.522624191,0.061332165,0.355617102,0.056188765,0.711234203,0.11237753,0.463466897,0.085033456,0.497233103,0.077923044,0.928498115,0.010686825,0.967700125,0.018417462,0.847203085,0.0013332
max,max_jaccard,0.70774047,755,10000,0.536533103,0.085033456,0.9607,0.018116291,0.522624191,0.061332165,0.355617102,0.056188765,0.711234203,0.11237753,0.463466897,0.085033456,0.497233103,0.077923044,0.928498115,0.010686825,0.967700125,0.018417462,0.847203085,0.0013332
max,max_sens_spec,0.35021237,755,10000,0.94116714,0.038554504,0.7978,0.041570121,0.411412419,0.047515654,0.259899862,0.038449266,0.519799723,0.076898532,0.05883286,0.038554504,0.73896714,0.016686308,0.928498115,0.010686825,0.967700125,0.018417462,0.847203085,0.0013332
max,max_sorensen,0.70774047,755,10000,0.536533103,0.085033456,0.9607,0.018116291,0.522624191,0.061332165,0.355617102,0.056188765,0.711234203,0.11237753,0.463466897,0.085033456,0.497233103,0.077923044,0.928498115,0.010686825,0.967700125,0.018417462,0.847203085,0.0013332
max,sensitivity,0.37862852,755,10000,0.897999256,0.001938398,0.8108,0.017523556,0.408674621,0.026462044,0.257094052,0.021053503,0.514188105,0.042107005,0.102000744,0.001938398,0.708799256,0.016272386,0.928498115,0.010686825,0.967700125,0.018417462,0.847203085,0.0013332
max,equal_sens_spec,0.38792385,839,10000,0.822065411,0.014615187,0.823,0.014469796,0.418158729,0.009830479,0.264388454,0.007863246,0.528776908,0.015726492,0.177934589,0.014615187,0.645065411,0.029029462,0.917275067,0.012356981,0.962155394,0.034788562,0.832689466,0.00284246
max,lpt,0.03896337,839,10000,1,0,0.6119,0.032631273,0.302331653,0.023764913,0.178270904,0.016475315,0.356541809,0.032950629,0,0,0.6119,0.032631273,0.917275067,0.012356981,0.962155394,0.034788562,0.832689466,0.00284246
max,max_fpb,0.57926455,839,10000,0.543062237,0.096397802,0.9438,0.030662681,0.495461184,0.034160922,0.329859583,0.030204503,0.659719167,0.060409006,0.456937763,0.096397802,0.486862237,0.071134627,0.917275067,0.012356981,0.962155394,0.034788562,0.832689466,0.00284246
max,max_jaccard,0.57926455,839,10000,0.543062237,0.096397802,0.9438,0.030662681,0.495461184,0.034160922,0.329859583,0.030204503,0.659719167,0.060409006,0.456937763,0.096397802,0.486862237,0.071134627,0.917275067,0.012356981,0.962155394,0.034788562,0.832689466,0.00284246
max,max_sens_spec,0.29468352,839,10000,0.947671927,0.011179234,0.7586,0.013030733,0.392513667,0.01286829,0.244241987,0.009907248,0.488483974,0.019814495,0.052328073,0.011179234,0.706271927,0.012866856,0.917275067,0.012356981,0.962155394,0.034788562,0.832689466,0.00284246
max,max_sorensen,0.57926455,839,10000,0.543062237,0.096397802,0.9438,0.030662681,0.495461184,0.034160922,0.329859583,0.030204503,0.659719167,0.060409006,0.456937763,0.096397802,0.486862237,0.071134627,0.917275067,0.012356981,0.962155394,0.034788562,0.832689466,0.00284246
max,sensitivity,0.33031272,839,10000,0.896167347,0.003376744,0.7835,0.016733201,0.400354567,0.009869868,0.250315027,0.007690397,0.500630053,0.015380794,0.103832653,0.003376744,0.679667347,0.013904794,0.917275067,0.012356981,0.962155394,0.034788562,0.832689466,0.00284246
max,equal_sens_spec,0.47042443,842,10000,0.760296902,0.006002344,0.7601,0.007257754,0.329646179,0.011076333,0.197393079,0.007911681,0.394786159,0.015823362,0.239703098,0.006002344,0.520396902,0.013221055,0.851475693,0.011505776,0.97089989,0.014202557,0.738900744,0.003538158
max,lpt,0.00826825,842,10000,1,0,0.4062,0.081677414,0.222739126,0.026346082,0.125524592,0.016646265,0.251049185,0.03329253,0,0,0.4062,0.081677414,0.851475693,0.011505776,0.97089989,0.014202557,0.738900744,0.003538158
max,max_fpb,0.71671164,842,10000,0.456320146,0.11948049,0.9296,0.042898718,0.399038505,0.038226325,0.249816412,0.02969239,0.499632824,0.059384781,0.543679854,0.11948049,0.385920146,0.081276922,0.851475693,0.011505776,0.97089989,0.014202557,0.738900744,0.003538158
max,max_jaccard,0.71671164,842,10000,0.456320146,0.11948049,0.9296,0.042898718,0.399038505,0.038226325,0.249816412,0.02969239,0.499632824,0.059384781,0.543679854,0.11948049,0.385920146,0.081276922,0.851475693,0.011505776,0.97089989,0.014202557,0.738900744,0.003538158
max,max_sens_spec,0.43134814,842,10000,0.847806845,0.042047772,0.6943,0.047293763,0.310717715,0.016560365,0.184026448,0.011692583,0.368052896,0.023385167,0.152193155,0.042047772,0.542106845,0.020837962,0.851475693,0.011505776,0.97089989,0.014202557,0.738900744,0.003538158
max,max_sorensen,0.71671164,842,10000,0.456320146,0.11948049,0.9296,0.042898718,0.399038505,0.038226325,0.249816412,0.02969239,0.499632824,0.059384781,0.543679854,0.11948049,0.385920146,0.081276922,0.851475693,0.011505776,0.97089989,0.014202557,0.738900744,0.003538158
max,sensitivity,0.30824864,842,10000,0.896656902,0.001558381,0.6131,0.020716539,0.276207227,0.010007868,0.160263688,0.0067646,0.320527375,0.013529201,0.103343098,0.001558381,0.509756902,0.019730884,0.851475693,0.011505776,0.97089989,0.014202557,0.738900744,0.003538158
max,equal_sens_spec,0.46064504,845,10000,0.830941095,0.01482722,0.8305,0.014413535,0.433691926,0.022593966,0.277098273,0.018221137,0.554196547,0.036442274,0.169058905,0.01482722,0.661441095,0.029199671,0.915918774,0.008990547,0.97271435,0.015549404,0.831754322,0.007154885
max,lpt,0.02630475,845,10000,1,0,0.6417,0.06653345,0.324297875,0.038342393,0.194033714,0.027546694,0.388067428,0.055093388,0,0,0.6417,0.06653345,0.915918774,0.008990547,0.97271435,0.015549404,0.831754322,0.007154885
max,max_fpb,0.66280108,845,10000,0.520515807,0.059169499,0.9416,0.025311559,0.473398751,0.030449625,0.31051846,0.026238246,0.621036919,0.052476492,0.479484193,0.059169499,0.462115807,0.036431818,0.915918774,0.008990547,0.97271435,0.015549404,0.831754322,0.007154885
max,max_jaccard,0.66280108,845,10000,0.520515807,0.059169499,0.9416,0.025311559,0.473398751,0.030449625,0.31051846,0.026238246,0.621036919,0.052476492,0.479484193,0.059169499,0.462115807,0.036431818,0.915918774,0.008990547,0.97271435,0.015549404,0.831754322,0.007154885
max,max_sens_spec,0.2351893,845,10000,0.952523887,0.031584622,0.7687,0.042425818,0.408860376,0.030115746,0.257319668,0.023709862,0.514639336,0.047419724,0.047476113,0.031584622,0.721223887,0.019536682,0.915918774,0.008990547,0.97271435,0.015549404,0.831754322,0.007154885
max,max_sorensen,0.66280108,845,10000,0.520515807,0.059169499,0.9416,0.025311559,0.473398751,0.030449625,0.31051846,0.026238246,0.621036919,0.052476492,0.479484193,0.059169499,0.462115807,0.036431818,0.915918774,0.008990547,0.97271435,0.015549404,0.831754322,0.007154885
max,sensitivity,0.40014097,845,10000,0.89823219,0.001149577,0.8007,0.026178713,0.423466773,0.026496537,0.268889849,0.021089812,0.537779698,0.042179623,0.10176781,0.001149577,0.69893219,0.026900881,0.915918774,0.008990547,0.97271435,0.015549404,0.831754322,0.007154885
max,equal_sens_spec,0.4400639,874,10000,0.806689184,0.014144575,0.8055,0.013086252,0.400569637,0.02086487,0.250614574,0.016230973,0.501229148,0.032461947,0.193310816,0.014144575,0.612189184,0.027212335,0.896936853,0.005860346,0.968164989,0.017522439,0.796296211,0.003500271
max,lpt,0.01398802,874,10000,1,0,0.5054,0.057638312,0.262610633,0.022570024,0.151308648,0.015031269,0.302617295,0.030062538,0,0,0.5054,0.057638312,0.896936853,0.005860346,0.968164989,0.017522439,0.796296211,0.003500271
max,max_fpb,0.68866655,874,10000,0.536300977,0.095889799,0.9389,0.02833152,0.480792115,0.007269586,0.316499648,0.006301303,0.632999296,0.012602606,0.463699023,0.095889799,0.475200977,0.067851263,0.896936853,0.005860346,0.968164989,0.017522439,0.796296211,0.003500271
max,max_jaccard,0.68866655,874,10000,0.536300977,0.095889799,0.9389,0.02833152,0.480792115,0.007269586,0.316499648,0.006301303,0.632999296,0.012602606,0.463699023,0.095889799,0.475200977,0.067851263,0.896936853,0.005860346,0.968164989,0.017522439,0.796296211,0.003500271
max,max_sens_spec,0.39085157,874,10000,0.902179595,0.038414673,0.7502,0.041294067,0.381130122,0.030352258,0.235776514,0.023120247,0.471553028,0.046240495,0.097820405,0.038414673,0.652379595,0.024333945,0.896936853,0.005860346,0.968164989,0.017522439,0.796296211,0.003500271
max,max_sorensen,0.68866655,874,10000,0.536300977,0.095889799,0.9389,0.02833152,0.480792115,0.007269586,0.316499648,0.006301303,0.632999296,0.012602606,0.463699023,0.095889799,0.475200977,0.067851263,0.896936853,0.005860346,0.968164989,0.017522439,0.796296211,0.003500271
max,sensitivity,0.37124159,874,10000,0.898195529,0.001927164,0.7409,0.02286482,0.370189754,0.019495867,0.22727771,0.014733615,0.45455542,0.029467231,0.101804471,0.001927164,0.639095529,0.023537896,0.896936853,0.005860346,0.968164989,0.017522439,0.796296211,0.003500271
max,equal_sens_spec,0.46333027,878,10000,0.815839081,0.021340196,0.8146,0.021801376,0.416998478,0.046922296,0.264331895,0.038354938,0.528663791,0.076709876,0.184160919,0.021340196,0.630439081,0.043128504,0.899090811,0.007351838,0.968603064,0.012768433,0.801869181,0.005042356
max,lpt,0.0041167,878,10000,1,0,0.4596,0.067555903,0.246936536,0.026292586,0.14106249,0.016876577,0.282124981,0.033753153,0,0,0.4596,0.067555903,0.899090811,0.007351838,0.968603064,0.012768433,0.801869181,0.005042356
max,max_fpb,0.67097872,878,10000,0.630567774,0.134108863,0.9134,0.036990539,0.483020794,0.030485494,0.31883745,0.026613302,0.6376749,0.053226603,0.369432226,0.134108863,0.543967774,0.100504058,0.899090811,0.007351838,0.968603064,0.012768433,0.801869181,0.005042356
max,max_jaccard,0.67097872,878,10000,0.630567774,0.134108863,0.9134,0.036990539,0.483020794,0.030485494,0.31883745,0.026613302,0.6376749,0.053226603,0.369432226,0.134108863,0.543967774,0.100504058,0.899090811,0.007351838,0.968603064,0.012768433,0.801869181,0.005042356
max,max_sens_spec,0.35152555,878,10000,0.889450812,0.038786361,0.7727,0.052689657,0.401653641,0.053982537,0.252462997,0.043314195,0.504925993,0.086628391,0.110549188,0.038786361,0.662150812,0.031198447,0.899090811,0.007351838,0.968603064,0.012768433,0.801869181,0.005042356
max,max_sorensen,0.67097872,878,10000,0.630567774,0.134108863,0.9134,0.036990539,0.483020794,0.030485494,0.31883745,0.026613302,0.6376749,0.053226603,0.369432226,0.134108863,0.543967774,0.100504058,0.899090811,0.007351838,0.968603064,0.012768433,0.801869181,0.005042356
max,sensitivity,0.34987087,878,10000,0.896318429,0.00366614,0.7423,0.031324112,0.37239133,0.031111925,0.229159824,0.02375501,0.458319648,0.047510021,0.103681571,0.00366614,0.638618429,0.02825202,0.899090811,0.007351838,0.968603064,0.012768433,0.801869181,0.005042356
max,equal_sens_spec,0.43080559,896,10000,0.809231787,0.012147606,0.8092,0.012214745,0.411206802,0.019596977,0.25896981,0.015479104,0.51793962,0.030958207,0.190768213,0.012147606,0.618431787,0.024276446,0.902098377,0.010746175,0.979274734,0.019598544,0.808266162,0.00949918
max,lpt,0.00931064,896,10000,1,0,0.5902,0.071942338,0.307931887,0.039002907,0.182490472,0.02738819,0.364980943,0.05477638,0,0,0.5902,0.071942338,0.902098377,0.010746175,0.979274734,0.019598544,0.808266162,0.00949918
max,max_fpb,0.66691179,896,10000,0.54178665,0.074438525,0.9314,0.019282116,0.469415498,0.027568799,0.307028802,0.023489089,0.614057605,0.046978178,0.45821335,0.074438525,0.47318665,0.059407416,0.902098377,0.010746175,0.979274734,0.019598544,0.808266162,0.00949918
max,max_jaccard,0.66691179,896,10000,0.54178665,0.074438525,0.9314,0.019282116,0.469415498,0.027568799,0.307028802,0.023489089,0.614057605,0.046978178,0.45821335,0.074438525,0.47318665,0.059407416,0.902098377,0.010746175,0.979274734,0.019598544,0.808266162,0.00949918
max,max_sens_spec,0.31807728,896,10000,0.957074159,0.030396007,0.722,0.045583714,0.380421097,0.028893318,0.235200919,0.021863531,0.470401838,0.043727063,0.042925841,0.030396007,0.679074159,0.026550259,0.902098377,0.010746175,0.979274734,0.019598544,0.808266162,0.00949918
max,max_sorensen,0.66691179,896,10000,0.54178665,0.074438525,0.9314,0.019282116,0.469415498,0.027568799,0.307028802,0.023489089,0.614057605,0.046978178,0.45821335,0.074438525,0.47318665,0.059407416,0.902098377,0.010746175,0.979274734,0.019598544,0.808266162,0.00949918
max,sensitivity,0.3750907,896,10000,0.896217213,6.25E-04,0.7511,0.030392022,0.384893076,0.027323619,0.238589939,0.020824019,0.477179877,0.041648039,0.103782787,6.25E-04,0.647317213,0.030885512,0.902098377,0.010746175,0.979274734,0.019598544,0.808266162,0.00949918
max,equal_sens_spec,0.39410607,898,10000,0.821931917,0.006128925,0.822,0.006442049,0.431808668,0.016359793,0.275466146,0.01336817,0.550932291,0.02673634,0.178068083,0.006128925,0.643931917,0.012546361,0.903509648,0.007860574,0.967593183,0.018534985,0.807047148,0.001977311
max,lpt,0.00887882,898,10000,1,0,0.3871,0.058747766,0.227288651,0.017603869,0.128304207,0.011196421,0.256608415,0.022392843,0,0,0.3871,0.058747766,0.903509648,0.007860574,0.967593183,0.018534985,0.807047148,0.001977311
max,max_fpb,0.65127901,898,10000,0.543468408,0.053444924,0.9469,0.014579095,0.509795554,0.022516783,0.342338113,0.019886538,0.684676226,0.039773077,0.456531592,0.053444924,0.490368408,0.042085584,0.903509648,0.007860574,0.967593183,0.018534985,0.807047148,0.001977311
max,max_jaccard,0.65127901,898,10000,0.543468408,0.053444924,0.9469,0.014579095,0.509795554,0.022516783,0.342338113,0.019886538,0.684676226,0.039773077,0.456531592,0.053444924,0.490368408,0.042085584,0.903509648,0.007860574,0.967593183,0.018534985,0.807047148,0.001977311
max,max_sens_spec,0.38211807,898,10000,0.84782077,0.030342686,0.8125,0.02727178,0.431705992,0.035356847,0.275788978,0.028717217,0.551577955,0.057434433,0.15217923,0.030342686,0.66032077,0.016827414,0.903509648,0.007860574,0.967593183,0.018534985,0.807047148,0.001977311
max,max_sorensen,0.65127901,898,10000,0.543468408,0.053444924,0.9469,0.014579095,0.509795554,0.022516783,0.342338113,0.019886538,0.684676226,0.039773077,0.456531592,0.053444924,0.490368408,0.042085584,0.903509648,0.007860574,0.967593183,0.018534985,0.807047148,0.001977311
max,sensitivity,0.2477663,898,10000,0.897493308,9.92E-04,0.7132,0.028641316,0.353110193,0.012793623,0.214468766,0.009402477,0.428937531,0.018804953,0.102506692,9.92E-04,0.610693308,0.027842187,0.903509648,0.007860574,0.967593183,0.018534985,0.807047148,0.001977311
max,equal_sens_spec,0.37956876,914,10000,0.833011572,0.01566297,0.833,0.015260242,0.455833936,0.024153522,0.295455636,0.020630654,0.590911273,0.041261309,0.166988428,0.01566297,0.666011572,0.030883561,0.921733956,0.006539593,0.979370056,0.017482092,0.835714772,0.003469827
max,lpt,0.01053899,914,10000,1,0,0.5387,0.028028111,0.284056818,0.013625188,0.165598338,0.009222171,0.331196677,0.018444343,0,0,0.5387,0.028028111,0.921733956,0.006539593,0.979370056,0.017482092,0.835714772,0.003469827
max,max_fpb,0.60053934,914,10000,0.551132406,0.108873749,0.9536,0.023922792,0.533674127,0.011641597,0.364021905,0.010803031,0.72804381,0.021606063,0.448867594,0.108873749,0.504732406,0.08497985,0.921733956,0.006539593,0.979370056,0.017482092,0.835714772,0.003469827
max,max_jaccard,0.60053934,914,10000,0.551132406,0.108873749,0.9536,0.023922792,0.533674127,0.011641597,0.364021905,0.010803031,0.72804381,0.021606063,0.448867594,0.108873749,0.504732406,0.08497985,0.921733956,0.006539593,0.979370056,0.017482092,0.835714772,0.003469827
max,max_sens_spec,0.2437679,914,10000,0.946643791,0.027414888,0.7539,0.045172447,0.41131267,0.034526218,0.259386684,0.027940796,0.518773368,0.055881592,0.053356209,0.027414888,0.700543791,0.022213921,0.921733956,0.006539593,0.979370056,0.017482092,0.835714772,0.003469827
max,max_sorensen,0.60053934,914,10000,0.551132406,0.108873749,0.9536,0.023922792,0.533674127,0.011641597,0.364021905,0.010803031,0.72804381,0.021606063,0.448867594,0.108873749,0.504732406,0.08497985,0.921733956,0.006539593,0.979370056,0.017482092,0.835714772,0.003469827
max,sensitivity,0.30918513,914,10000,0.897116987,0.001517601,0.7888,0.026015861,0.427885061,0.029940556,0.272547554,0.024676446,0.545095108,0.049352892,0.102883013,0.001517601,0.685916987,0.02667877,0.921733956,0.006539593,0.979370056,0.017482092,0.835714772,0.003469827
max,equal_sens_spec,0.47807753,926,10000,0.824115111,0.008117759,0.8248,0.008074652,0.443498361,0.01483654,0.28502611,0.01223745,0.57005222,0.0244749,0.175884889,0.008117759,0.648915111,0.016117752,0.907828027,0.009953737,0.98017182,0.008826267,0.814587201,0.004343439
max,lpt,0.08275592,926,10000,1,0,0.6311,0.025725474,0.334598216,0.016615128,0.201007327,0.012018171,0.402014654,0.024036343,0,0,0.6311,0.025725474,0.907828027,0.009953737,0.98017182,0.008826267,0.814587201,0.004343439
max,max_fpb,0.58695022,926,10000,0.616382462,0.05500891,0.9081,0.027960687,0.474545597,0.032180188,0.311549628,0.027547101,0.623099255,0.055094203,0.383617538,0.05500891,0.524482462,0.033459831,0.907828027,0.009953737,0.98017182,0.008826267,0.814587201,0.004343439
max,max_jaccard,0.58695022,926,10000,0.616382462,0.05500891,0.9081,0.027960687,0.474545597,0.032180188,0.311549628,0.027547101,0.623099255,0.055094203,0.383617538,0.05500891,0.524482462,0.033459831,0.907828027,0.009953737,0.98017182,0.008826267,0.814587201,0.004343439
max,max_sens_spec,0.38208214,926,10000,0.933377977,0.021209713,0.7665,0.031076518,0.420201563,0.013273154,0.266055982,0.010666806,0.532111964,0.021333611,0.066622023,0.021209713,0.699877977,0.012851487,0.907828027,0.009953737,0.98017182,0.008826267,0.814587201,0.004343439
max,max_sorensen,0.58695022,926,10000,0.616382462,0.05500891,0.9081,0.027960687,0.474545597,0.032180188,0.311549628,0.027547101,0.623099255,0.055094203,0.383617538,0.05500891,0.524482462,0.033459831,0.907828027,0.009953737,0.98017182,0.008826267,0.814587201,0.004343439
max,sensitivity,0.4194768,926,10000,0.896339239,0.001139586,0.7834,0.017012495,0.423563153,0.008358463,0.268712543,0.006759729,0.537425086,0.013519458,0.103660761,0.001139586,0.679739239,0.017110327,0.907828027,0.009953737,0.98017182,0.008826267,0.814587201,0.004343439
max,equal_sens_spec,0.41980051,970,10000,0.794120866,0.008374875,0.7942,0.007049823,0.405451835,0.006725404,0.254291638,0.005284039,0.508583276,0.010568078,0.205879134,0.008374875,0.588320866,0.015340845,0.896727641,0.006545083,0.96910343,0.016424437,0.804335544,0.00734536
max,lpt,0.00472624,970,10000,1,0,0.5209,0.107458364,0.293441117,0.043274337,0.172535272,0.028901894,0.345070544,0.057803788,0,0,0.5209,0.107458364,0.896727641,0.006545083,0.96910343,0.016424437,0.804335544,0.00734536
max,max_fpb,0.69155974,970,10000,0.492525931,0.047231023,0.951,0.018079685,0.494626659,0.024927748,0.328866473,0.022072805,0.657732946,0.04414561,0.507474069,0.047231023,0.443525931,0.033977522,0.896727641,0.006545083,0.96910343,0.016424437,0.804335544,0.00734536
max,max_jaccard,0.69155974,970,10000,0.492525931,0.047231023,0.951,0.018079685,0.494626659,0.024927748,0.328866473,0.022072805,0.657732946,0.04414561,0.507474069,0.047231023,0.443525931,0.033977522,0.896727641,0.006545083,0.96910343,0.016424437,0.804335544,0.00734536
max,max_sens_spec,0.3213391,970,10000,0.92043651,0.048113254,0.7208,0.040591871,0.384882033,0.017386372,0.238413444,0.013214969,0.476826888,0.026429938,0.07956349,0.048113254,0.64123651,0.012020178,0.896727641,0.006545083,0.96910343,0.016424437,0.804335544,0.00734536
max,max_sorensen,0.69155974,970,10000,0.492525931,0.047231023,0.951,0.018079685,0.494626659,0.024927748,0.328866473,0.022072805,0.657732946,0.04414561,0.507474069,0.047231023,0.443525931,0.033977522,0.896727641,0.006545083,0.96910343,0.016424437,0.804335544,0.00734536
max,sensitivity,0.31584995,970,10000,0.89798545,0.001620406,0.7259,0.012095454,0.380254743,0.019997251,0.234913135,0.015296055,0.469826271,0.030592109,0.10201455,0.001620406,0.62388545,0.011556228,0.896727641,0.006545083,0.96910343,0.016424437,0.804335544,0.00734536
max,equal_sens_spec,0.49512278,974,10000,0.771681088,0.014415748,0.7718,0.014166863,0.375553328,0.026911905,0.231459656,0.02046292,0.462919313,0.040925839,0.228318912,0.014415748,0.543481088,0.028572805,0.869840821,0.0146566,0.976709401,0.017414829,0.755369607,0.006112066
max,lpt,0.0113883,974,10000,1,0,0.4045,0.07665181,0.248584663,0.030764961,0.142216234,0.020114528,0.284432468,0.040229055,0,0,0.4045,0.07665181,0.869840821,0.0146566,0.976709401,0.017414829,0.755369607,0.006112066
max,max_fpb,0.66105418,974,10000,0.533622871,0.06576876,0.9203,0.021376389,0.453712914,0.0360461,0.293988628,0.030445159,0.587977257,0.060890318,0.466377129,0.06576876,0.453922871,0.051748461,0.869840821,0.0146566,0.976709401,0.017414829,0.755369607,0.006112066
max,max_jaccard,0.66105418,974,10000,0.533622871,0.06576876,0.9203,0.021376389,0.453712914,0.0360461,0.293988628,0.030445159,0.587977257,0.060890318,0.466377129,0.06576876,0.453922871,0.051748461,0.869840821,0.0146566,0.976709401,0.017414829,0.755369607,0.006112066
max,max_sens_spec,0.37486108,974,10000,0.842342882,0.0641696,0.7305,0.04106093,0.366551179,0.018341483,0.224526512,0.013725079,0.449053024,0.027450157,0.157657118,0.0641696,0.572842882,0.029846715,0.869840821,0.0146566,0.976709401,0.017414829,0.755369607,0.006112066
max,max_sorensen,0.66105418,974,10000,0.533622871,0.06576876,0.9203,0.021376389,0.453712914,0.0360461,0.293988628,0.030445159,0.587977257,0.060890318,0.466377129,0.06576876,0.453922871,0.051748461,0.869840821,0.0146566,0.976709401,0.017414829,0.755369607,0.006112066
max,sensitivity,0.33139378,974,10000,0.896292923,7.80E-04,0.6613,0.030090696,0.334548894,0.028320059,0.201154701,0.020499935,0.402309402,0.040999871,0.103707077,7.80E-04,0.557592923,0.030120452,0.869840821,0.0146566,0.976709401,0.017414829,0.755369607,0.006112066
max,equal_sens_spec,0.50130451,988,10000,0.741357951,0.01517014,0.7411,0.015557956,0.340400887,0.027450199,0.205372887,0.019845479,0.410745775,0.039690958,0.258642049,0.01517014,0.482457951,0.030711028,0.84221774,0.008787441,0.921093938,0.063093894,0.720342122,0.006549644
max,lpt,0.02155112,988,10000,1,0,0.4118,0.071484789,0.252974882,0.024495669,0.144984267,0.016140887,0.289968534,0.032281773,0,0,0.4118,0.071484789,0.84221774,0.008787441,0.921093938,0.063093894,0.720342122,0.006549644
max,max_fpb,0.7147355,988,10000,0.446970633,0.055384649,0.9396,0.011892224,0.433073771,0.020024385,0.276550547,0.016263875,0.553101093,0.03252775,0.553029367,0.055384649,0.386570633,0.045162181,0.84221774,0.008787441,0.921093938,0.063093894,0.720342122,0.006549644
max,max_jaccard,0.7147355,988,10000,0.446970633,0.055384649,0.9396,0.011892224,0.433073771,0.020024385,0.276550547,0.016263875,0.553101093,0.03252775,0.553029367,0.055384649,0.386570633,0.045162181,0.84221774,0.008787441,0.921093938,0.063093894,0.720342122,0.006549644
max,max_sens_spec,0.46959479,988,10000,0.844786705,0.079079337,0.6621,0.096848077,0.325732629,0.040224853,0.195096896,0.028337887,0.390193791,0.056675775,0.155213295,0.079079337,0.506886705,0.023460488,0.84221774,0.008787441,0.921093938,0.063093894,0.720342122,0.006549644
max,max_sorensen,0.7147355,988,10000,0.446970633,0.055384649,0.9396,0.011892224,0.433073771,0.020024385,0.276550547,0.016263875,0.553101093,0.03252775,0.553029367,0.055384649,0.386570633,0.045162181,0.84221774,0.008787441,0.921093938,0.063093894,0.720342122,0.006549644
max,sensitivity,0.31380239,988,10000,0.897717714,0.00160369,0.5736,0.013178581,0.288961551,0.013992313,0.168943263,0.009547057,0.337886525,0.019094114,0.102282286,0.00160369,0.471317714,0.013569877,0.84221774,0.008787441,0.921093938,0.063093894,0.720342122,0.006549644
max,equal_sens_spec,0.46680679,1004,10000,0.811721927,0.012759433,0.8126,0.012095454,0.441200214,0.027471225,0.283359906,0.022804748,0.566719813,0.045609496,0.188278073,0.012759433,0.624321927,0.024820771,0.89929858,0.003960884,0.972069677,0.007085923,0.799201674,0.004622803
max,lpt,0.05197355,1004,10000,1,0,0.5983,0.019907913,0.333159702,0.022108567,0.200044819,0.016004501,0.400089639,0.032009001,0,0,0.5983,0.019907913,0.89929858,0.003960884,0.972069677,0.007085923,0.799201674,0.004622803
max,max_fpb,0.66036906,1004,10000,0.601022827,0.098444886,0.9069,0.035516545,0.477354602,0.010983521,0.313557843,0.009423833,0.627115685,0.018847666,0.398977173,0.098444886,0.507922827,0.063510879,0.89929858,0.003960884,0.972069677,0.007085923,0.799201674,0.004622803
max,max_jaccard,0.66036906,1004,10000,0.601022827,0.098444886,0.9069,0.035516545,0.477354602,0.010983521,0.313557843,0.009423833,0.627115685,0.018847666,0.398977173,0.098444886,0.507922827,0.063510879,0.89929858,0.003960884,0.972069677,0.007085923,0.799201674,0.004622803
max,max_sens_spec,0.33693096,1004,10000,0.924267513,0.027060852,0.7552,0.016204166,0.42338188,0.023435286,0.268762681,0.018895385,0.537525362,0.03779077,0.075732487,0.027060852,0.679467513,0.012906719,0.89929858,0.003960884,0.972069677,0.007085923,0.799201674,0.004622803
max,max_sorensen,0.66036906,1004,10000,0.601022827,0.098444886,0.9069,0.035516545,0.477354602,0.010983521,0.313557843,0.009423833,0.627115685,0.018847666,0.398977173,0.098444886,0.507922827,0.063510879,0.89929858,0.003960884,0.972069677,0.007085923,0.799201674,0.004622803
max,sensitivity,0.38545503,1004,10000,0.898345212,0.001682509,0.7654,0.008018728,0.423791625,0.021590721,0.269058057,0.017366733,0.538116114,0.034733466,0.101654788,0.001682509,0.663745212,0.007406998,0.89929858,0.003960884,0.972069677,0.007085923,0.799201674,0.004622803
max,equal_sens_spec,0.3825248,1063,10000,0.827715743,0.005765782,0.8279,0.00522494,0.480153498,0.017655605,0.316064511,0.01529605,0.632129021,0.0305921,0.172284257,0.005765782,0.655615743,0.010923297,0.914716257,0.005915547,0.977831948,0.015369758,0.817904155,0.003821564
max,lpt,0.03586633,1063,10000,1,0,0.513,0.020365412,0.303876708,0.008982786,0.179186095,0.006262118,0.35837219,0.012524237,0,0,0.513,0.020365412,0.914716257,0.005915547,0.977831948,0.015369758,0.817904155,0.003821564
max,max_fpb,0.61033596,1063,10000,0.626911854,0.06362253,0.9352,0.004803644,0.559773211,0.041584418,0.389603655,0.040421254,0.77920731,0.080842508,0.373088146,0.06362253,0.562111854,0.060571419,0.914716257,0.005915547,0.977831948,0.015369758,0.817904155,0.003821564
max,max_jaccard,0.61033596,1063,10000,0.626911854,0.06362253,0.9352,0.004803644,0.559773211,0.041584418,0.389603655,0.040421254,0.77920731,0.080842508,0.373088146,0.06362253,0.562111854,0.060571419,0.914716257,0.005915547,0.977831948,0.015369758,0.817904155,0.003821564
max,max_sens_spec,0.29941318,1063,10000,0.892476573,0.051882641,0.7868,0.06293012,0.465480455,0.067931739,0.305498351,0.060969588,0.610996702,0.121939175,0.107523427,0.051882641,0.679276573,0.013774467,0.914716257,0.005915547,0.977831948,0.015369758,0.817904155,0.003821564
max,max_sorensen,0.61033596,1063,10000,0.626911854,0.06362253,0.9352,0.004803644,0.559773211,0.041584418,0.389603655,0.040421254,0.77920731,0.080842508,0.373088146,0.06362253,0.562111854,0.060571419,0.914716257,0.005915547,0.977831948,0.015369758,0.817904155,0.003821564
max,sensitivity,0.29964468,1063,10000,0.898405875,0.001227563,0.7617,0.010461835,0.43400071,0.020014581,0.277307116,0.016366155,0.554614233,0.03273231,0.101594125,0.001227563,0.660105875,0.01128679,0.914716257,0.005915547,0.977831948,0.015369758,0.817904155,0.003821564
max,equal_sens_spec,0.3928263,1106,10000,0.836250079,0.011731074,0.8349,0.012866623,0.502934702,0.024908034,0.336242474,0.02219658,0.672484948,0.044393159,0.163749921,0.011731074,0.671150079,0.02456179,0.922436634,0.008657751,0.98385421,0.008634804,0.827340032,0.006187657
max,lpt,0.05404373,1106,10000,1,0,0.5858,0.009364828,0.348180704,0.007860655,0.21080819,0.00577761,0.421616381,0.01155522,0,0,0.5858,0.009364828,0.922436634,0.008657751,0.98385421,0.008634804,0.827340032,0.006187657
max,max_fpb,0.55277402,1106,10000,0.645201202,0.078985171,0.9319,0.015970285,0.570039331,0.035831516,0.399349412,0.035405386,0.798698824,0.070810772,0.354798798,0.078985171,0.577101202,0.068096977,0.922436634,0.008657751,0.98385421,0.008634804,0.827340032,0.006187657
max,max_jaccard,0.55277402,1106,10000,0.645201202,0.078985171,0.9319,0.015970285,0.570039331,0.035831516,0.399349412,0.035405386,0.798698824,0.070810772,0.354798798,0.078985171,0.577101202,0.068096977,0.922436634,0.008657751,0.98385421,0.008634804,0.827340032,0.006187657
max,max_sens_spec,0.31793406,1106,10000,0.944974434,0.016042855,0.7506,0.026082561,0.450968236,0.024641916,0.291394276,0.020837064,0.582788552,0.041674128,0.055025566,0.016042855,0.695574434,0.016224904,0.922436634,0.008657751,0.98385421,0.008634804,0.827340032,0.006187657
max,max_sorensen,0.55277402,1106,10000,0.645201202,0.078985171,0.9319,0.015970285,0.570039331,0.035831516,0.399349412,0.035405386,0.798698824,0.070810772,0.354798798,0.078985171,0.577101202,0.068096977,0.922436634,0.008657751,0.98385421,0.008634804,0.827340032,0.006187657
max,sensitivity,0.32104498,1106,10000,0.897829373,0.001853839,0.7784,0.017970114,0.460854748,0.020681599,0.299610514,0.017489914,0.599221028,0.034979827,0.102170627,0.001853839,0.676229373,0.017558374,0.922436634,0.008657751,0.98385421,0.008634804,0.827340032,0.006187657
max,equal_sens_spec,0.49470362,1125,10000,0.806171483,0.004199425,0.8066,0.003435113,0.457230636,0.012993116,0.296443873,0.010957113,0.592887747,0.021914225,0.193828517,0.004199425,0.612771483,0.007620879,0.894620746,0.00135674,0.984306111,0.005892532,0.783062523,0.003985115
max,lpt,0.05944953,1125,10000,1,0,0.5386,0.013607902,0.327794975,0.012154422,0.196076474,0.008751142,0.392152949,0.017502284,0,0,0.5386,0.013607902,0.894620746,0.00135674,0.984306111,0.005892532,0.783062523,0.003985115
max,max_fpb,0.66098232,1125,10000,0.592060906,0.049184212,0.9116,0.019831793,0.497953166,0.00902061,0.331554711,0.007973161,0.663109421,0.015946322,0.407939094,0.049184212,0.503660906,0.030129651,0.894620746,0.00135674,0.984306111,0.005892532,0.783062523,0.003985115
max,max_jaccard,0.66098232,1125,10000,0.592060906,0.049184212,0.9116,0.019831793,0.497953166,0.00902061,0.331554711,0.007973161,0.663109421,0.015946322,0.407939094,0.049184212,0.503660906,0.030129651,0.894620746,0.00135674,0.984306111,0.005892532,0.783062523,0.003985115
max,max_sens_spec,0.39491159,1125,10000,0.905604134,0.037062677,0.7322,0.038556128,0.423898613,0.024741581,0.269200916,0.019671183,0.538401832,0.039342366,0.094395866,0.037062677,0.637804134,0.011137227,0.894620746,0.00135674,0.984306111,0.005892532,0.783062523,0.003985115
max,max_sorensen,0.66098232,1125,10000,0.592060906,0.049184212,0.9116,0.019831793,0.497953166,0.00902061,0.331554711,0.007973161,0.663109421,0.015946322,0.407939094,0.049184212,0.503660906,0.030129651,0.894620746,0.00135674,0.984306111,0.005892532,0.783062523,0.003985115
max,sensitivity,0.36394238,1125,10000,0.896897726,7.72E-04,0.7283,0.010262797,0.416002138,0.015356269,0.262722806,0.012228709,0.525445612,0.024457418,0.103102274,7.72E-04,0.625197726,0.009946524,0.894620746,0.00135674,0.984306111,0.005892532,0.783062523,0.003985115
max,equal_sens_spec,0.40199601,1192,10000,0.813083333,0.00960253,0.8124,0.009262829,0.480225686,0.012512807,0.316056391,0.010858875,0.632112783,0.02171775,0.186916667,0.00960253,0.625483333,0.01875106,0.907964257,0.007019486,0.97697876,0.011872525,0.803148445,0.004235027
max,lpt,0.0283275,1192,10000,1,0,0.5328,0.037956554,0.338454074,0.016533864,0.203793271,0.011930595,0.407586542,0.023861189,0,0,0.5328,0.037956554,0.907964257,0.007019486,0.97697876,0.011872525,0.803148445,0.004235027
max,max_fpb,0.64601198,1192,10000,0.552900246,0.037650423,0.9436,0.010008746,0.545494945,0.016092773,0.375172646,0.01519115,0.750345292,0.0303823,0.447099754,0.037650423,0.496500246,0.029922948,0.907964257,0.007019486,0.97697876,0.011872525,0.803148445,0.004235027
max,max_jaccard,0.64601198,1192,10000,0.552900246,0.037650423,0.9436,0.010008746,0.545494945,0.016092773,0.375172646,0.01519115,0.750345292,0.0303823,0.447099754,0.037650423,0.496500246,0.029922948,0.907964257,0.007019486,0.97697876,0.011872525,0.803148445,0.004235027
max,max_sens_spec,0.30989611,1192,10000,0.907713837,0.017140187,0.76,0.02095531,0.463446699,0.015404336,0.301719374,0.013081093,0.603438748,0.026162187,0.092286163,0.017140187,0.667713837,0.019005034,0.907964257,0.007019486,0.97697876,0.011872525,0.803148445,0.004235027
max,max_sorensen,0.64601198,1192,10000,0.552900246,0.037650423,0.9436,0.010008746,0.545494945,0.016092773,0.375172646,0.01519115,0.750345292,0.0303823,0.447099754,0.037650423,0.496500246,0.029922948,0.907964257,0.007019486,0.97697876,0.011872525,0.803148445,0.004235027
max,sensitivity,0.32263237,1192,10000,0.897670463,0.001443662,0.755,0.01835756,0.454574139,0.013890811,0.294226005,0.011729002,0.588452011,0.023458004,0.102329537,0.001443662,0.652670463,0.019026142,0.907964257,0.007019486,0.97697876,0.011872525,0.803148445,0.004235027
max,equal_sens_spec,0.49524859,1206,10000,0.824936312,0.005352426,0.8244,0.006387488,0.50282036,0.017589329,0.33599342,0.015787386,0.67198684,0.031574773,0.175063688,0.005352426,0.649336312,0.011587173,0.907778389,0.007149893,0.974450055,0.013593077,0.807401814,0.004955424
max,lpt,0.02427759,1206,10000,1,0,0.5965,0.087269697,0.378946835,0.046048738,0.234545932,0.034334832,0.469091865,0.068669664,0,0,0.5965,0.087269697,0.907778389,0.007149893,0.974450055,0.013593077,0.807401814,0.004955424
max,max_fpb,0.57155802,1206,10000,0.697546411,0.056046772,0.8805,0.02323252,0.519237845,0.021938561,0.350892631,0.019981405,0.701785262,0.03996281,0.302453589,0.056046772,0.578046411,0.037565342,0.907778389,0.007149893,0.974450055,0.013593077,0.807401814,0.004955424
max,max_jaccard,0.57155802,1206,10000,0.697546411,0.056046772,0.8805,0.02323252,0.519237845,0.021938561,0.350892631,0.019981405,0.701785262,0.03996281,0.302453589,0.056046772,0.578046411,0.037565342,0.907778389,0.007149893,0.974450055,0.013593077,0.807401814,0.004955424
max,max_sens_spec,0.36267047,1206,10000,0.937268002,0.018855086,0.7595,0.019293781,0.477168037,0.021733263,0.313555305,0.018637246,0.62711061,0.037274492,0.062731998,0.018855086,0.696768002,0.022193653,0.907778389,0.007149893,0.974450055,0.013593077,0.807401814,0.004955424
max,max_sorensen,0.57155802,1206,10000,0.697546411,0.056046772,0.8805,0.02323252,0.519237845,0.021938561,0.350892631,0.019981405,0.701785262,0.03996281,0.302453589,0.056046772,0.578046411,0.037565342,0.907778389,0.007149893,0.974450055,0.013593077,0.807401814,0.004955424
max,sensitivity,0.41575462,1206,10000,0.897162278,8.08E-04,0.7815,0.013928388,0.484021263,0.018094375,0.31942963,0.015701029,0.638859259,0.031402057,0.102837722,8.08E-04,0.678662278,0.014246486,0.907778389,0.007149893,0.974450055,0.013593077,0.807401814,0.004955424
max,equal_sens_spec,0.48326752,1284,10000,0.787437813,0.010963111,0.7871,0.011349009,0.457294709,0.016447797,0.296542263,0.013877983,0.593084526,0.027755966,0.212562187,0.010963111,0.574537813,0.022309807,0.883158016,0.005486695,0.971780889,0.005882457,0.769085746,0.005559275
max,lpt,0.0178153,1284,10000,1,0,0.5126,0.052424231,0.346365332,0.026187493,0.209695864,0.018856131,0.419391728,0.037712262,0,0,0.5126,0.052424231,0.883158016,0.005486695,0.971780889,0.005882457,0.769085746,0.005559275
max,max_fpb,0.61132917,1284,10000,0.523832994,0.054003804,0.931,0.015604487,0.507822713,0.022096735,0.340555313,0.019584471,0.681110626,0.039168941,0.476167006,0.054003804,0.454832994,0.041289664,0.883158016,0.005486695,0.971780889,0.005882457,0.769085746,0.005559275
max,max_jaccard,0.61132917,1284,10000,0.523832994,0.054003804,0.931,0.015604487,0.507822713,0.022096735,0.340555313,0.019584471,0.681110626,0.039168941,0.476167006,0.054003804,0.454832994,0.041289664,0.883158016,0.005486695,0.971780889,0.005882457,0.769085746,0.005559275
max,max_sens_spec,0.36660576,1284,10000,0.903256806,0.050441776,0.7067,0.045819756,0.432734798,0.025709738,0.276383675,0.020991462,0.55276735,0.041982925,0.096743194,0.050441776,0.609956806,0.024615663,0.883158016,0.005486695,0.971780889,0.005882457,0.769085746,0.005559275
max,max_sorensen,0.61132917,1284,10000,0.523832994,0.054003804,0.931,0.015604487,0.507822713,0.022096735,0.340555313,0.019584471,0.681110626,0.039168941,0.476167006,0.054003804,0.454832994,0.041289664,0.883158016,0.005486695,0.971780889,0.005882457,0.769085746,0.005559275
max,sensitivity,0.37469606,1284,10000,0.897978437,0.001126991,0.6963,0.032510767,0.422392092,0.026966749,0.268042035,0.021933931,0.53608407,0.043867862,0.102021563,0.001126991,0.594278437,0.032265113,0.883158016,0.005486695,0.971780889,0.005882457,0.769085746,0.005559275
max,equal_sens_spec,0.51346764,1290,10000,0.770586835,0.004440889,0.7711,0.003781534,0.434654578,0.007876755,0.277699084,0.006413109,0.555398168,0.012826217,0.229413165,0.004440889,0.541686835,0.008214623,0.861268926,0.004109158,0.986147623,0.007082053,0.738654587,0.007953894
max,lpt,0.00859682,1290,10000,1,0,0.3712,0.084218169,0.293408891,0.036486618,0.172361105,0.025391024,0.34472221,0.050782049,0,0,0.3712,0.084218169,0.861268926,0.004109158,0.986147623,0.007082053,0.738654587,0.007953894
max,max_fpb,0.6001583,1290,10000,0.621401993,0.057669406,0.8617,0.028092704,0.461703969,0.007624166,0.300165531,0.006472339,0.600331062,0.012944679,0.378598007,0.057669406,0.483101993,0.030121488,0.861268926,0.004109158,0.986147623,0.007082053,0.738654587,0.007953894
max,max_jaccard,0.6001583,1290,10000,0.621401993,0.057669406,0.8617,0.028092704,0.461703969,0.007624166,0.300165531,0.006472339,0.600331062,0.012944679,0.378598007,0.057669406,0.483101993,0.030121488,0.861268926,0.004109158,0.986147623,0.007082053,0.738654587,0.007953894
max,max_sens_spec,0.37827129,1290,10000,0.864655605,0.023107988,0.7045,0.022090722,0.416450157,0.013542848,0.263059189,0.010815786,0.526118378,0.021631572,0.135344395,0.023107988,0.569155605,0.011989189,0.861268926,0.004109158,0.986147623,0.007082053,0.738654587,0.007953894
max,max_sorensen,0.6001583,1290,10000,0.621401993,0.057669406,0.8617,0.028092704,0.461703969,0.007624166,0.300165531,0.006472339,0.600331062,0.012944679,0.378598007,0.057669406,0.483101993,0.030121488,0.861268926,0.004109158,0.986147623,0.007082053,0.738654587,0.007953894
max,sensitivity,0.36510614,1290,10000,0.89922946,6.50E-04,0.6564,0.011860649,0.394206387,0.014494725,0.245571064,0.011216225,0.491142129,0.02243245,0.10077054,6.50E-04,0.55562946,0.011540658,0.861268926,0.004109158,0.986147623,0.007082053,0.738654587,0.007953894
max,equal_sens_spec,0.51570221,1398,10000,0.791775787,0.010306214,0.7912,0.009966193,0.48210061,0.01928648,0.317781413,0.01682623,0.635562826,0.033652459,0.208224213,0.010306214,0.582975787,0.020230717,0.883104403,0.005510705,0.975024505,0.023749769,0.764440454,0.003331521
max,lpt,0.00832727,1398,10000,1,0,0.3707,0.077678504,0.309254691,0.025314128,0.183123029,0.017763812,0.366246059,0.035527624,0,0,0.3707,0.077678504,0.883104403,0.005510705,0.975024505,0.023749769,0.764440454,0.003331521
max,max_fpb,0.65000144,1398,10000,0.624653406,0.025021275,0.8865,0.012139811,0.512637009,0.010755895,0.344717922,0.009723811,0.689435844,0.019447622,0.375346594,0.025021275,0.511153406,0.013850318,0.883104403,0.005510705,0.975024505,0.023749769,0.764440454,0.003331521
max,max_jaccard,0.65000144,1398,10000,0.624653406,0.025021275,0.8865,0.012139811,0.512637009,0.010755895,0.344717922,0.009723811,0.689435844,0.019447622,0.375346594,0.025021275,0.511153406,0.013850318,0.883104403,0.005510705,0.975024505,0.023749769,0.764440454,0.003331521
max,max_sens_spec,0.37799714,1398,10000,0.85594478,0.047971328,0.7529,0.038226954,0.473606643,0.015442152,0.310386455,0.013371152,0.620772911,0.026742303,0.14405522,0.047971328,0.60884478,0.019261999,0.883104403,0.005510705,0.975024505,0.023749769,0.764440454,0.003331521
max,max_sorensen,0.65000144,1398,10000,0.624653406,0.025021275,0.8865,0.012139811,0.512637009,0.010755895,0.344717922,0.009723811,0.689435844,0.019447622,0.375346594,0.025021275,0.511153406,0.013850318,0.883104403,0.005510705,0.975024505,0.023749769,0.764440454,0.003331521
max,sensitivity,0.35915201,1398,10000,0.897012183,0.001204489,0.704,0.018285924,0.4471678,0.0199906,0.288139042,0.01649442,0.576278084,0.03298884,0.102987817,0.001204489,0.601012183,0.018862802,0.883104403,0.005510705,0.975024505,0.023749769,0.764440454,0.003331521
max,equal_sens_spec,0.52016759,1457,10000,0.776486611,0.012157695,0.7771,0.012033287,0.469907535,0.012576931,0.307181443,0.010781289,0.614362885,0.021562578,0.223513389,0.012157695,0.553586611,0.024189114,0.87116974,0.005498918,0.985071706,0.008766459,0.751291406,0.006544531
max,lpt,0.00794181,1457,10000,1,0,0.4503,0.134314277,0.353713136,0.058477318,0.216080504,0.043134373,0.432161007,0.086268746,0,0,0.4503,0.134314277,0.87116974,0.005498918,0.985071706,0.008766459,0.751291406,0.006544531
max,max_fpb,0.57889401,1457,10000,0.647151881,0.064539588,0.8606,0.029228411,0.496980244,0.009963905,0.330701225,0.008810641,0.66140245,0.017621282,0.352848119,0.064539588,0.507751881,0.03777615,0.87116974,0.005498918,0.985071706,0.008766459,0.751291406,0.006544531
max,max_jaccard,0.57889401,1457,10000,0.647151881,0.064539588,0.8606,0.029228411,0.496980244,0.009963905,0.330701225,0.008810641,0.66140245,0.017621282,0.352848119,0.064539588,0.507751881,0.03777615,0.87116974,0.005498918,0.985071706,0.008766459,0.751291406,0.006544531
max,max_sens_spec,0.38382433,1457,10000,0.913614812,0.04089153,0.687,0.054239054,0.452003108,0.022041113,0.292203214,0.018520882,0.584406428,0.037041764,0.086385188,0.04089153,0.600614812,0.021763073,0.87116974,0.005498918,0.985071706,0.008766459,0.751291406,0.006544531
max,max_sorensen,0.57889401,1457,10000,0.647151881,0.064539588,0.8606,0.029228411,0.496980244,0.009963905,0.330701225,0.008810641,0.66140245,0.017621282,0.352848119,0.064539588,0.507751881,0.03777615,0.87116974,0.005498918,0.985071706,0.008766459,0.751291406,0.006544531
max,sensitivity,0.40844779,1457,10000,0.897731808,0.001147242,0.6891,0.02391234,0.445881833,0.013527902,0.286982139,0.011303028,0.573964278,0.022606057,0.102268192,0.001147242,0.586831808,0.023628698,0.87116974,0.005498918,0.985071706,0.008766459,0.751291406,0.006544531
max,equal_sens_spec,0.48690476,1804,10000,0.782172382,0.008098493,0.7822,0.008474963,0.523357302,0.012312089,0.354499131,0.011294973,0.708998261,0.022589946,0.217827618,0.008098493,0.564372382,0.016563739,0.874557694,0.008214401,0.982937745,0.012046447,0.744389793,0.004071631
max,lpt,0.0141529,1804,10000,1,0,0.413,0.068654024,0.382265534,0.027603508,0.236586958,0.021254341,0.473173915,0.042508682,0,0,0.413,0.068654024,0.874557694,0.008214401,0.982937745,0.012046447,0.744389793,0.004071631
max,max_fpb,0.55592933,1804,10000,0.653679584,0.079364689,0.8652,0.043092343,0.545140525,0.008851248,0.374743902,0.008359343,0.749487804,0.016718686,0.346320416,0.079364689,0.518879584,0.036530013,0.874557694,0.008214401,0.982937745,0.012046447,0.744389793,0.004071631
max,max_jaccard,0.55592933,1804,10000,0.653679584,0.079364689,0.8652,0.043092343,0.545140525,0.008851248,0.374743902,0.008359343,0.749487804,0.016718686,0.346320416,0.079364689,0.518879584,0.036530013,0.874557694,0.008214401,0.982937745,0.012046447,0.744389793,0.004071631
max,max_sens_spec,0.42840271,1804,10000,0.855260933,0.057185297,0.7343,0.039293129,0.51456943,0.012580274,0.346487428,0.011286265,0.692974855,0.02257253,0.144739067,0.057185297,0.589560933,0.02889413,0.874557694,0.008214401,0.982937745,0.012046447,0.744389793,0.004071631
max,max_sorensen,0.55592933,1804,10000,0.653679584,0.079364689,0.8652,0.043092343,0.545140525,0.008851248,0.374743902,0.008359343,0.749487804,0.016718686,0.346320416,0.079364689,0.518879584,0.036530013,0.874557694,0.008214401,0.982937745,0.012046447,0.744389793,0.004071631
max,sensitivity,0.35994957,1804,10000,0.898022737,0.00165719,0.6732,0.033016284,0.485106337,0.023696296,0.320484975,0.020803092,0.64096995,0.041606183,0.101977263,0.00165719,0.571222737,0.033027658,0.874557694,0.008214401,0.982937745,0.012046447,0.744389793,0.004071631
max,equal_sens_spec,0.46948453,1945,10000,0.802151531,0.00458712,0.8021,0.005504544,0.568978644,0.002875817,0.397607692,0.002805613,0.795215384,0.005611225,0.197848469,0.00458712,0.604251531,0.010065068,0.898492257,0.002370245,0.990984167,0.001732442,0.775443685,0.003374602
max,lpt,0.03063731,1945,10000,1,0,0.51,0.02318135,0.442730637,0.013464858,0.284376844,0.011206249,0.568753689,0.022412499,0,0,0.51,0.02318135,0.898492257,0.002370245,0.990984167,0.001732442,0.775443685,0.003374602
max,max_fpb,0.58052633,1945,10000,0.708185212,0.075890832,0.8618,0.04411434,0.586783206,0.006670076,0.415236129,0.006646268,0.830472258,0.013292537,0.291814788,0.075890832,0.569985212,0.032288707,0.898492257,0.002370245,0.990984167,0.001732442,0.775443685,0.003374602
max,max_jaccard,0.58052633,1945,10000,0.708185212,0.075890832,0.8618,0.04411434,0.586783206,0.006670076,0.415236129,0.006646268,0.830472258,0.013292537,0.291814788,0.075890832,0.569985212,0.032288707,0.898492257,0.002370245,0.990984167,0.001732442,0.775443685,0.003374602
max,max_sens_spec,0.38232151,1945,10000,0.913802941,0.031913999,0.7358,0.024946443,0.558789748,0.010242093,0.387779046,0.009933183,0.775558092,0.019866366,0.086197059,0.031913999,0.649602941,0.0125349,0.898492257,0.002370245,0.990984167,0.001732442,0.775443685,0.003374602
max,max_sorensen,0.58052633,1945,10000,0.708185212,0.075890832,0.8618,0.04411434,0.586783206,0.006670076,0.415236129,0.006646268,0.830472258,0.013292537,0.291814788,0.075890832,0.569985212,0.032288707,0.898492257,0.002370245,0.990984167,0.001732442,0.775443685,0.003374602
max,sensitivity,0.39788499,1945,10000,0.899211861,0.001351,0.7416,0.008421698,0.557198181,0.006725342,0.386215897,0.00647123,0.772431793,0.012942459,0.100788139,0.001351,0.640811861,0.008506428,0.898492257,0.002370245,0.990984167,0.001732442,0.775443685,0.003374602
,,,,,,,0.864821857,0.028773343,0.333446098,0.040280252,0.213551618,0.030911699,0.427103235,0.061823397,0.264064444,0.046966008,0.600757413,0.05866757,0.929899273,0.010486529,0.929378359,0.039847467,0.874919579,0.004808474
,,,,,,,TNR_mean,TNR_sd,SORENSEN_mean,SORENSEN_sd,JACCARD_mean,JACCARD_sd,FPB_mean,FPB_sd,OR_mean,OR_sd,TSS_mean,TSS_sd,AUC_mean,AUC_sd,BOYCE_mean,BOYCE_sd,IMAE_mean,IMAE_sd
